3.425000000000000000e+06	2.300000000000000000e+01
3.430000000000000000e+06	2.300000000000000000e+01
3.435000000000000000e+06	2.300000000000000000e+01
3.440000000000000000e+06	2.300000000000000000e+01
3.445000000000000000e+06	2.300000000000000000e+01
3.450000000000000000e+06	2.300000000000000000e+01
3.455000000000000000e+06	2.300000000000000000e+01
3.460000000000000000e+06	2.300000000000000000e+01
3.465000000000000000e+06	2.300000000000000000e+01
3.470000000000000000e+06	2.300000000000000000e+01
3.475000000000000000e+06	2.300000000000000000e+01
3.480000000000000000e+06	2.300000000000000000e+01
3.835000000000000000e+06	2.300000000000000000e+01
3.840000000000000000e+06	2.300000000000000000e+01
3.845000000000000000e+06	2.300000000000000000e+01
3.850000000000000000e+06	2.300000000000000000e+01
3.855000000000000000e+06	2.300000000000000000e+01
3.860000000000000000e+06	2.300000000000000000e+01
3.865000000000000000e+06	2.300000000000000000e+01
3.870000000000000000e+06	2.300000000000000000e+01
3.875000000000000000e+06	2.300000000000000000e+01
3.880000000000000000e+06	2.300000000000000000e+01
3.885000000000000000e+06	2.300000000000000000e+01
3.890000000000000000e+06	2.300000000000000000e+01
3.895000000000000000e+06	2.300000000000000000e+01
3.900000000000000000e+06	2.300000000000000000e+01
3.905000000000000000e+06	2.300000000000000000e+01
3.910000000000000000e+06	2.300000000000000000e+01
3.915000000000000000e+06	2.300000000000000000e+01
3.920000000000000000e+06	2.300000000000000000e+01
3.925000000000000000e+06	2.300000000000000000e+01
3.930000000000000000e+06	2.300000000000000000e+01
3.935000000000000000e+06	2.300000000000000000e+01
3.940000000000000000e+06	2.300000000000000000e+01
3.945000000000000000e+06	2.300000000000000000e+01
3.950000000000000000e+06	2.300000000000000000e+01
3.955000000000000000e+06	2.300000000000000000e+01
3.960000000000000000e+06	2.300000000000000000e+01
3.965000000000000000e+06	2.300000000000000000e+01
3.970000000000000000e+06	2.300000000000000000e+01
3.975000000000000000e+06	2.300000000000000000e+01
3.980000000000000000e+06	2.300000000000000000e+01
3.985000000000000000e+06	2.300000000000000000e+01
3.990000000000000000e+06	2.300000000000000000e+01
3.995000000000000000e+06	2.300000000000000000e+01
4.000000000000000000e+06	2.300000000000000000e+01
4.005000000000000000e+06	2.300000000000000000e+01
4.010000000000000000e+06	2.300000000000000000e+01
4.015000000000000000e+06	2.300000000000000000e+01
4.020000000000000000e+06	2.300000000000000000e+01
4.025000000000000000e+06	2.300000000000000000e+01
4.030000000000000000e+06	2.300000000000000000e+01
4.035000000000000000e+06	2.300000000000000000e+01
4.040000000000000000e+06	2.300000000000000000e+01
4.045000000000000000e+06	2.300000000000000000e+01
4.050000000000000000e+06	2.300000000000000000e+01
4.055000000000000000e+06	2.300000000000000000e+01
4.060000000000000000e+06	2.300000000000000000e+01
4.065000000000000000e+06	2.300000000000000000e+01
4.070000000000000000e+06	2.300000000000000000e+01
4.075000000000000000e+06	2.300000000000000000e+01
4.080000000000000000e+06	2.300000000000000000e+01
4.085000000000000000e+06	2.300000000000000000e+01
4.090000000000000000e+06	2.300000000000000000e+01
4.095000000000000000e+06	2.300000000000000000e+01
4.100000000000000000e+06	2.300000000000000000e+01
4.105000000000000000e+06	2.300000000000000000e+01
4.110000000000000000e+06	2.300000000000000000e+01
4.115000000000000000e+06	2.300000000000000000e+01
4.120000000000000000e+06	2.300000000000000000e+01
4.125000000000000000e+06	2.300000000000000000e+01
4.130000000000000000e+06	2.300000000000000000e+01
4.135000000000000000e+06	2.300000000000000000e+01
4.140000000000000000e+06	2.300000000000000000e+01
4.145000000000000000e+06	2.300000000000000000e+01
4.150000000000000000e+06	2.300000000000000000e+01
4.155000000000000000e+06	2.300000000000000000e+01
4.160000000000000000e+06	2.300000000000000000e+01
4.165000000000000000e+06	2.300000000000000000e+01
4.170000000000000000e+06	2.300000000000000000e+01
4.175000000000000000e+06	2.300000000000000000e+01
4.180000000000000000e+06	2.300000000000000000e+01
4.185000000000000000e+06	2.300000000000000000e+01
4.190000000000000000e+06	2.300000000000000000e+01
4.195000000000000000e+06	2.300000000000000000e+01
4.200000000000000000e+06	2.300000000000000000e+01
4.205000000000000000e+06	2.300000000000000000e+01
4.210000000000000000e+06	2.300000000000000000e+01
4.215000000000000000e+06	2.300000000000000000e+01
4.220000000000000000e+06	2.300000000000000000e+01
4.225000000000000000e+06	2.300000000000000000e+01
4.230000000000000000e+06	2.300000000000000000e+01
4.235000000000000000e+06	2.300000000000000000e+01
4.240000000000000000e+06	2.300000000000000000e+01
4.245000000000000000e+06	2.300000000000000000e+01
4.250000000000000000e+06	2.300000000000000000e+01
4.255000000000000000e+06	2.300000000000000000e+01
4.260000000000000000e+06	2.300000000000000000e+01
4.265000000000000000e+06	2.300000000000000000e+01
4.270000000000000000e+06	2.300000000000000000e+01
4.275000000000000000e+06	2.300000000000000000e+01
4.280000000000000000e+06	2.300000000000000000e+01
4.285000000000000000e+06	2.300000000000000000e+01
4.290000000000000000e+06	2.300000000000000000e+01
4.295000000000000000e+06	2.300000000000000000e+01
4.300000000000000000e+06	2.300000000000000000e+01
4.305000000000000000e+06	2.300000000000000000e+01
4.310000000000000000e+06	2.300000000000000000e+01
4.315000000000000000e+06	2.300000000000000000e+01
4.320000000000000000e+06	2.300000000000000000e+01
4.325000000000000000e+06	2.300000000000000000e+01
4.330000000000000000e+06	2.300000000000000000e+01
4.335000000000000000e+06	2.300000000000000000e+01
4.340000000000000000e+06	2.300000000000000000e+01
4.345000000000000000e+06	2.300000000000000000e+01
4.350000000000000000e+06	2.300000000000000000e+01
4.355000000000000000e+06	2.300000000000000000e+01
4.360000000000000000e+06	2.300000000000000000e+01
4.365000000000000000e+06	2.300000000000000000e+01
4.370000000000000000e+06	2.300000000000000000e+01
4.375000000000000000e+06	2.300000000000000000e+01
4.380000000000000000e+06	2.300000000000000000e+01
4.385000000000000000e+06	2.300000000000000000e+01
4.515000000000000000e+06	2.300000000000000000e+01
4.570000000000000000e+06	2.300000000000000000e+01
4.575000000000000000e+06	2.300000000000000000e+01
4.580000000000000000e+06	2.300000000000000000e+01
4.585000000000000000e+06	2.300000000000000000e+01
4.590000000000000000e+06	2.300000000000000000e+01
4.595000000000000000e+06	2.300000000000000000e+01
4.600000000000000000e+06	2.300000000000000000e+01
4.605000000000000000e+06	2.300000000000000000e+01
4.610000000000000000e+06	2.300000000000000000e+01
4.620000000000000000e+06	2.300000000000000000e+01
4.625000000000000000e+06	2.300000000000000000e+01
4.630000000000000000e+06	2.300000000000000000e+01
4.635000000000000000e+06	2.300000000000000000e+01
4.640000000000000000e+06	2.300000000000000000e+01
4.645000000000000000e+06	2.300000000000000000e+01
4.650000000000000000e+06	2.300000000000000000e+01
4.655000000000000000e+06	2.300000000000000000e+01
4.660000000000000000e+06	2.300000000000000000e+01
4.665000000000000000e+06	2.300000000000000000e+01
4.670000000000000000e+06	2.300000000000000000e+01
4.675000000000000000e+06	2.300000000000000000e+01
4.680000000000000000e+06	2.300000000000000000e+01
4.685000000000000000e+06	2.300000000000000000e+01
4.690000000000000000e+06	2.300000000000000000e+01
4.695000000000000000e+06	2.300000000000000000e+01
4.700000000000000000e+06	2.300000000000000000e+01
4.705000000000000000e+06	2.300000000000000000e+01
4.710000000000000000e+06	2.300000000000000000e+01
4.715000000000000000e+06	2.300000000000000000e+01
4.720000000000000000e+06	2.300000000000000000e+01
4.725000000000000000e+06	2.300000000000000000e+01
4.730000000000000000e+06	2.300000000000000000e+01
4.735000000000000000e+06	2.300000000000000000e+01
4.740000000000000000e+06	2.300000000000000000e+01
4.745000000000000000e+06	2.300000000000000000e+01
4.750000000000000000e+06	2.300000000000000000e+01
4.755000000000000000e+06	2.300000000000000000e+01
4.760000000000000000e+06	2.300000000000000000e+01
4.765000000000000000e+06	2.300000000000000000e+01
4.770000000000000000e+06	2.300000000000000000e+01
4.775000000000000000e+06	2.300000000000000000e+01
4.780000000000000000e+06	2.300000000000000000e+01
4.785000000000000000e+06	2.300000000000000000e+01
4.790000000000000000e+06	2.300000000000000000e+01
4.795000000000000000e+06	2.300000000000000000e+01
4.800000000000000000e+06	2.300000000000000000e+01
4.805000000000000000e+06	2.300000000000000000e+01
4.810000000000000000e+06	2.300000000000000000e+01
4.815000000000000000e+06	2.300000000000000000e+01
4.820000000000000000e+06	2.300000000000000000e+01
4.825000000000000000e+06	2.300000000000000000e+01
4.830000000000000000e+06	2.300000000000000000e+01
4.835000000000000000e+06	2.300000000000000000e+01
4.840000000000000000e+06	2.300000000000000000e+01
4.845000000000000000e+06	2.300000000000000000e+01
4.850000000000000000e+06	2.300000000000000000e+01
4.855000000000000000e+06	2.300000000000000000e+01
4.860000000000000000e+06	2.300000000000000000e+01
4.865000000000000000e+06	2.300000000000000000e+01
4.870000000000000000e+06	2.300000000000000000e+01
4.875000000000000000e+06	2.300000000000000000e+01
4.880000000000000000e+06	2.300000000000000000e+01
4.885000000000000000e+06	2.300000000000000000e+01
4.890000000000000000e+06	2.300000000000000000e+01
4.895000000000000000e+06	2.300000000000000000e+01
4.900000000000000000e+06	2.300000000000000000e+01
4.905000000000000000e+06	2.300000000000000000e+01
4.910000000000000000e+06	2.300000000000000000e+01
4.915000000000000000e+06	2.300000000000000000e+01
4.920000000000000000e+06	2.300000000000000000e+01
4.925000000000000000e+06	2.300000000000000000e+01
4.930000000000000000e+06	2.300000000000000000e+01
4.935000000000000000e+06	2.300000000000000000e+01
4.940000000000000000e+06	2.300000000000000000e+01
4.945000000000000000e+06	2.300000000000000000e+01
4.950000000000000000e+06	2.300000000000000000e+01
4.955000000000000000e+06	2.300000000000000000e+01
4.960000000000000000e+06	2.300000000000000000e+01
4.965000000000000000e+06	2.300000000000000000e+01
4.970000000000000000e+06	2.300000000000000000e+01
4.975000000000000000e+06	2.300000000000000000e+01
4.980000000000000000e+06	2.300000000000000000e+01
4.985000000000000000e+06	2.300000000000000000e+01
4.990000000000000000e+06	2.300000000000000000e+01
4.995000000000000000e+06	2.300000000000000000e+01
5.000000000000000000e+06	2.300000000000000000e+01
5.005000000000000000e+06	2.300000000000000000e+01
5.010000000000000000e+06	2.300000000000000000e+01
5.015000000000000000e+06	2.300000000000000000e+01
5.020000000000000000e+06	2.300000000000000000e+01
5.025000000000000000e+06	2.300000000000000000e+01
5.030000000000000000e+06	2.300000000000000000e+01
5.035000000000000000e+06	2.300000000000000000e+01
5.040000000000000000e+06	2.300000000000000000e+01
5.045000000000000000e+06	2.300000000000000000e+01
5.050000000000000000e+06	2.300000000000000000e+01
5.055000000000000000e+06	2.300000000000000000e+01
5.060000000000000000e+06	2.300000000000000000e+01
5.065000000000000000e+06	2.300000000000000000e+01
5.070000000000000000e+06	2.300000000000000000e+01
5.075000000000000000e+06	2.300000000000000000e+01
5.080000000000000000e+06	2.300000000000000000e+01
5.085000000000000000e+06	2.300000000000000000e+01
5.090000000000000000e+06	2.300000000000000000e+01
5.095000000000000000e+06	2.300000000000000000e+01
5.100000000000000000e+06	2.300000000000000000e+01
5.105000000000000000e+06	2.300000000000000000e+01
5.110000000000000000e+06	2.300000000000000000e+01
5.115000000000000000e+06	2.300000000000000000e+01
5.120000000000000000e+06	2.300000000000000000e+01
5.125000000000000000e+06	2.300000000000000000e+01
5.130000000000000000e+06	2.300000000000000000e+01
5.135000000000000000e+06	2.300000000000000000e+01
5.140000000000000000e+06	2.300000000000000000e+01
5.145000000000000000e+06	2.300000000000000000e+01
5.150000000000000000e+06	2.300000000000000000e+01
5.155000000000000000e+06	2.300000000000000000e+01
5.160000000000000000e+06	2.300000000000000000e+01
5.165000000000000000e+06	2.300000000000000000e+01
5.170000000000000000e+06	2.300000000000000000e+01
5.175000000000000000e+06	2.300000000000000000e+01
5.180000000000000000e+06	2.300000000000000000e+01
5.185000000000000000e+06	2.300000000000000000e+01
5.190000000000000000e+06	2.300000000000000000e+01
5.195000000000000000e+06	2.300000000000000000e+01
5.200000000000000000e+06	2.300000000000000000e+01
5.205000000000000000e+06	2.300000000000000000e+01
5.210000000000000000e+06	2.300000000000000000e+01
5.215000000000000000e+06	2.300000000000000000e+01
5.220000000000000000e+06	2.300000000000000000e+01
5.225000000000000000e+06	2.300000000000000000e+01
5.230000000000000000e+06	2.300000000000000000e+01
5.235000000000000000e+06	2.300000000000000000e+01
5.240000000000000000e+06	2.300000000000000000e+01
5.245000000000000000e+06	2.300000000000000000e+01
5.250000000000000000e+06	2.300000000000000000e+01
5.255000000000000000e+06	2.300000000000000000e+01
5.260000000000000000e+06	2.300000000000000000e+01
5.265000000000000000e+06	2.300000000000000000e+01
5.270000000000000000e+06	2.300000000000000000e+01
5.275000000000000000e+06	2.300000000000000000e+01
5.280000000000000000e+06	2.300000000000000000e+01
5.285000000000000000e+06	2.300000000000000000e+01
5.290000000000000000e+06	2.300000000000000000e+01
5.295000000000000000e+06	2.300000000000000000e+01
5.300000000000000000e+06	2.300000000000000000e+01
5.305000000000000000e+06	2.300000000000000000e+01
5.310000000000000000e+06	2.300000000000000000e+01
5.315000000000000000e+06	2.300000000000000000e+01
5.320000000000000000e+06	2.300000000000000000e+01
5.325000000000000000e+06	2.300000000000000000e+01
5.330000000000000000e+06	2.300000000000000000e+01
5.335000000000000000e+06	2.300000000000000000e+01
5.340000000000000000e+06	2.300000000000000000e+01
5.345000000000000000e+06	2.300000000000000000e+01
5.350000000000000000e+06	2.300000000000000000e+01
5.355000000000000000e+06	2.300000000000000000e+01
5.360000000000000000e+06	2.300000000000000000e+01
5.365000000000000000e+06	2.300000000000000000e+01
5.370000000000000000e+06	2.300000000000000000e+01
5.375000000000000000e+06	2.300000000000000000e+01
5.380000000000000000e+06	2.300000000000000000e+01
5.385000000000000000e+06	2.300000000000000000e+01
5.390000000000000000e+06	2.300000000000000000e+01
5.395000000000000000e+06	2.300000000000000000e+01
5.400000000000000000e+06	2.300000000000000000e+01
5.405000000000000000e+06	2.300000000000000000e+01
5.410000000000000000e+06	2.300000000000000000e+01
5.415000000000000000e+06	2.300000000000000000e+01
5.420000000000000000e+06	2.300000000000000000e+01
5.425000000000000000e+06	2.300000000000000000e+01
5.430000000000000000e+06	2.300000000000000000e+01
5.435000000000000000e+06	2.300000000000000000e+01
5.440000000000000000e+06	2.300000000000000000e+01
5.445000000000000000e+06	2.300000000000000000e+01
5.450000000000000000e+06	2.300000000000000000e+01
5.455000000000000000e+06	2.300000000000000000e+01
5.460000000000000000e+06	2.300000000000000000e+01
5.465000000000000000e+06	2.300000000000000000e+01
5.470000000000000000e+06	2.300000000000000000e+01
5.475000000000000000e+06	2.300000000000000000e+01
5.480000000000000000e+06	2.300000000000000000e+01
5.485000000000000000e+06	2.300000000000000000e+01
5.490000000000000000e+06	2.300000000000000000e+01
5.495000000000000000e+06	2.300000000000000000e+01
5.500000000000000000e+06	2.300000000000000000e+01
5.505000000000000000e+06	2.300000000000000000e+01
5.510000000000000000e+06	2.300000000000000000e+01
5.515000000000000000e+06	2.300000000000000000e+01
5.520000000000000000e+06	2.300000000000000000e+01
5.525000000000000000e+06	2.300000000000000000e+01
5.530000000000000000e+06	2.300000000000000000e+01
5.535000000000000000e+06	2.300000000000000000e+01
5.540000000000000000e+06	2.300000000000000000e+01
5.545000000000000000e+06	2.300000000000000000e+01
5.550000000000000000e+06	2.300000000000000000e+01
5.555000000000000000e+06	2.300000000000000000e+01
5.560000000000000000e+06	2.300000000000000000e+01
5.565000000000000000e+06	2.300000000000000000e+01
5.570000000000000000e+06	2.300000000000000000e+01
5.575000000000000000e+06	2.300000000000000000e+01
5.580000000000000000e+06	2.300000000000000000e+01
5.585000000000000000e+06	2.300000000000000000e+01
5.590000000000000000e+06	2.300000000000000000e+01
5.595000000000000000e+06	2.300000000000000000e+01
5.600000000000000000e+06	2.300000000000000000e+01
5.605000000000000000e+06	2.300000000000000000e+01
5.610000000000000000e+06	2.300000000000000000e+01
5.615000000000000000e+06	2.300000000000000000e+01
5.620000000000000000e+06	2.300000000000000000e+01
5.625000000000000000e+06	2.300000000000000000e+01
5.630000000000000000e+06	2.300000000000000000e+01
5.635000000000000000e+06	2.300000000000000000e+01
5.640000000000000000e+06	2.300000000000000000e+01
5.645000000000000000e+06	2.300000000000000000e+01
5.650000000000000000e+06	2.300000000000000000e+01
5.655000000000000000e+06	2.300000000000000000e+01
5.660000000000000000e+06	2.300000000000000000e+01
5.665000000000000000e+06	2.300000000000000000e+01
5.670000000000000000e+06	2.300000000000000000e+01
5.675000000000000000e+06	2.300000000000000000e+01
5.680000000000000000e+06	2.300000000000000000e+01
5.685000000000000000e+06	2.300000000000000000e+01
5.690000000000000000e+06	2.300000000000000000e+01
5.695000000000000000e+06	2.300000000000000000e+01
5.700000000000000000e+06	2.300000000000000000e+01
5.705000000000000000e+06	2.300000000000000000e+01
5.710000000000000000e+06	2.300000000000000000e+01
5.715000000000000000e+06	2.300000000000000000e+01
5.720000000000000000e+06	2.300000000000000000e+01
5.725000000000000000e+06	2.300000000000000000e+01
5.730000000000000000e+06	2.300000000000000000e+01
5.735000000000000000e+06	2.300000000000000000e+01
5.740000000000000000e+06	2.300000000000000000e+01
5.745000000000000000e+06	2.300000000000000000e+01
5.750000000000000000e+06	2.300000000000000000e+01
5.755000000000000000e+06	2.300000000000000000e+01
5.760000000000000000e+06	2.300000000000000000e+01
5.765000000000000000e+06	2.300000000000000000e+01
5.770000000000000000e+06	2.300000000000000000e+01
5.775000000000000000e+06	2.300000000000000000e+01
5.780000000000000000e+06	2.300000000000000000e+01
5.785000000000000000e+06	2.300000000000000000e+01
5.790000000000000000e+06	2.300000000000000000e+01
5.795000000000000000e+06	2.300000000000000000e+01
5.800000000000000000e+06	2.300000000000000000e+01
5.805000000000000000e+06	2.300000000000000000e+01
5.810000000000000000e+06	2.300000000000000000e+01
5.815000000000000000e+06	2.300000000000000000e+01
5.820000000000000000e+06	2.300000000000000000e+01
5.825000000000000000e+06	2.300000000000000000e+01
5.830000000000000000e+06	2.300000000000000000e+01
5.835000000000000000e+06	2.300000000000000000e+01
5.840000000000000000e+06	2.300000000000000000e+01
5.845000000000000000e+06	2.300000000000000000e+01
5.850000000000000000e+06	2.300000000000000000e+01
5.855000000000000000e+06	2.300000000000000000e+01
5.860000000000000000e+06	2.300000000000000000e+01
5.865000000000000000e+06	2.300000000000000000e+01
5.870000000000000000e+06	2.300000000000000000e+01
5.875000000000000000e+06	2.300000000000000000e+01
5.880000000000000000e+06	2.300000000000000000e+01
5.885000000000000000e+06	2.300000000000000000e+01
5.890000000000000000e+06	2.300000000000000000e+01
5.895000000000000000e+06	2.300000000000000000e+01
5.900000000000000000e+06	2.300000000000000000e+01
5.905000000000000000e+06	2.300000000000000000e+01
5.910000000000000000e+06	2.300000000000000000e+01
5.915000000000000000e+06	2.300000000000000000e+01
5.920000000000000000e+06	2.300000000000000000e+01
5.925000000000000000e+06	2.300000000000000000e+01
5.930000000000000000e+06	2.300000000000000000e+01
5.935000000000000000e+06	2.300000000000000000e+01
5.940000000000000000e+06	2.300000000000000000e+01
5.945000000000000000e+06	2.300000000000000000e+01
5.950000000000000000e+06	2.300000000000000000e+01
5.955000000000000000e+06	2.300000000000000000e+01
5.960000000000000000e+06	2.300000000000000000e+01
5.965000000000000000e+06	2.300000000000000000e+01
5.970000000000000000e+06	2.300000000000000000e+01
5.975000000000000000e+06	2.300000000000000000e+01
5.980000000000000000e+06	2.300000000000000000e+01
5.985000000000000000e+06	2.300000000000000000e+01
5.990000000000000000e+06	2.300000000000000000e+01
5.995000000000000000e+06	2.300000000000000000e+01
6.000000000000000000e+06	2.300000000000000000e+01
6.005000000000000000e+06	2.300000000000000000e+01
6.010000000000000000e+06	2.300000000000000000e+01
6.015000000000000000e+06	2.300000000000000000e+01
6.020000000000000000e+06	2.300000000000000000e+01
6.025000000000000000e+06	2.300000000000000000e+01
6.030000000000000000e+06	2.300000000000000000e+01
6.035000000000000000e+06	2.300000000000000000e+01
6.040000000000000000e+06	2.300000000000000000e+01
6.045000000000000000e+06	2.300000000000000000e+01
6.050000000000000000e+06	2.300000000000000000e+01
6.055000000000000000e+06	2.300000000000000000e+01
6.060000000000000000e+06	2.300000000000000000e+01
6.065000000000000000e+06	2.300000000000000000e+01
6.990000000000000000e+06	2.300000000000000000e+01
6.995000000000000000e+06	2.300000000000000000e+01
7.000000000000000000e+06	2.300000000000000000e+01
7.005000000000000000e+06	2.300000000000000000e+01
7.010000000000000000e+06	2.300000000000000000e+01
7.015000000000000000e+06	2.300000000000000000e+01
7.020000000000000000e+06	2.300000000000000000e+01
7.030000000000000000e+06	2.300000000000000000e+01
7.035000000000000000e+06	2.300000000000000000e+01
7.040000000000000000e+06	2.300000000000000000e+01
7.045000000000000000e+06	2.300000000000000000e+01
7.050000000000000000e+06	2.300000000000000000e+01
7.055000000000000000e+06	2.300000000000000000e+01
7.060000000000000000e+06	2.300000000000000000e+01
7.065000000000000000e+06	2.300000000000000000e+01
7.070000000000000000e+06	2.300000000000000000e+01
7.075000000000000000e+06	2.300000000000000000e+01
7.080000000000000000e+06	2.300000000000000000e+01
7.085000000000000000e+06	2.300000000000000000e+01
7.090000000000000000e+06	2.300000000000000000e+01
7.095000000000000000e+06	2.300000000000000000e+01
7.100000000000000000e+06	2.300000000000000000e+01
7.105000000000000000e+06	2.300000000000000000e+01
7.110000000000000000e+06	2.300000000000000000e+01
7.115000000000000000e+06	2.300000000000000000e+01
7.120000000000000000e+06	2.300000000000000000e+01
7.155000000000000000e+06	2.300000000000000000e+01
7.160000000000000000e+06	2.300000000000000000e+01
7.165000000000000000e+06	2.300000000000000000e+01
7.170000000000000000e+06	2.300000000000000000e+01
7.175000000000000000e+06	2.300000000000000000e+01
7.180000000000000000e+06	2.300000000000000000e+01
7.185000000000000000e+06	2.300000000000000000e+01
7.190000000000000000e+06	2.300000000000000000e+01
7.195000000000000000e+06	2.300000000000000000e+01
7.200000000000000000e+06	2.300000000000000000e+01
7.205000000000000000e+06	2.300000000000000000e+01
7.210000000000000000e+06	2.300000000000000000e+01
7.215000000000000000e+06	2.300000000000000000e+01
7.220000000000000000e+06	2.300000000000000000e+01
7.225000000000000000e+06	2.300000000000000000e+01
7.230000000000000000e+06	2.300000000000000000e+01
7.235000000000000000e+06	2.300000000000000000e+01
7.240000000000000000e+06	2.300000000000000000e+01
7.245000000000000000e+06	2.300000000000000000e+01
7.250000000000000000e+06	2.300000000000000000e+01
7.255000000000000000e+06	2.300000000000000000e+01
7.260000000000000000e+06	2.300000000000000000e+01
7.265000000000000000e+06	2.300000000000000000e+01
7.270000000000000000e+06	2.300000000000000000e+01
7.275000000000000000e+06	2.300000000000000000e+01
7.280000000000000000e+06	2.300000000000000000e+01
7.285000000000000000e+06	2.300000000000000000e+01
7.290000000000000000e+06	2.300000000000000000e+01
7.295000000000000000e+06	2.300000000000000000e+01
7.300000000000000000e+06	2.300000000000000000e+01
7.305000000000000000e+06	2.300000000000000000e+01
7.310000000000000000e+06	2.300000000000000000e+01
7.315000000000000000e+06	2.300000000000000000e+01
7.320000000000000000e+06	2.300000000000000000e+01
7.325000000000000000e+06	2.300000000000000000e+01
7.330000000000000000e+06	2.300000000000000000e+01
7.335000000000000000e+06	2.300000000000000000e+01
7.340000000000000000e+06	2.300000000000000000e+01
7.345000000000000000e+06	2.300000000000000000e+01
7.350000000000000000e+06	2.300000000000000000e+01
7.355000000000000000e+06	2.300000000000000000e+01
7.360000000000000000e+06	2.300000000000000000e+01
7.365000000000000000e+06	2.300000000000000000e+01
7.370000000000000000e+06	2.300000000000000000e+01
7.375000000000000000e+06	2.300000000000000000e+01
7.380000000000000000e+06	2.300000000000000000e+01
7.385000000000000000e+06	2.300000000000000000e+01
7.390000000000000000e+06	2.300000000000000000e+01
7.395000000000000000e+06	2.300000000000000000e+01
7.400000000000000000e+06	2.300000000000000000e+01
7.405000000000000000e+06	2.300000000000000000e+01
7.410000000000000000e+06	2.300000000000000000e+01
7.415000000000000000e+06	2.300000000000000000e+01
7.420000000000000000e+06	2.300000000000000000e+01
7.425000000000000000e+06	2.300000000000000000e+01
7.430000000000000000e+06	2.300000000000000000e+01
7.435000000000000000e+06	2.300000000000000000e+01
7.440000000000000000e+06	2.300000000000000000e+01
7.450000000000000000e+06	2.300000000000000000e+01
7.465000000000000000e+06	2.300000000000000000e+01
7.470000000000000000e+06	2.300000000000000000e+01
7.475000000000000000e+06	2.300000000000000000e+01
7.480000000000000000e+06	2.300000000000000000e+01
7.485000000000000000e+06	2.300000000000000000e+01
7.490000000000000000e+06	2.300000000000000000e+01
7.495000000000000000e+06	2.300000000000000000e+01
7.500000000000000000e+06	2.300000000000000000e+01
7.505000000000000000e+06	2.300000000000000000e+01
7.510000000000000000e+06	2.300000000000000000e+01
7.515000000000000000e+06	2.300000000000000000e+01
7.520000000000000000e+06	2.300000000000000000e+01
7.525000000000000000e+06	2.300000000000000000e+01
7.530000000000000000e+06	2.300000000000000000e+01
7.535000000000000000e+06	2.300000000000000000e+01
7.540000000000000000e+06	2.300000000000000000e+01
7.545000000000000000e+06	2.300000000000000000e+01
7.550000000000000000e+06	2.300000000000000000e+01
7.555000000000000000e+06	2.300000000000000000e+01
7.560000000000000000e+06	2.300000000000000000e+01
7.565000000000000000e+06	2.300000000000000000e+01
7.570000000000000000e+06	2.300000000000000000e+01
7.575000000000000000e+06	2.300000000000000000e+01
7.580000000000000000e+06	2.300000000000000000e+01
7.585000000000000000e+06	2.300000000000000000e+01
7.590000000000000000e+06	2.300000000000000000e+01
7.595000000000000000e+06	2.300000000000000000e+01
7.600000000000000000e+06	2.300000000000000000e+01
7.605000000000000000e+06	2.300000000000000000e+01
7.610000000000000000e+06	2.300000000000000000e+01
7.615000000000000000e+06	2.300000000000000000e+01
7.620000000000000000e+06	2.300000000000000000e+01
7.625000000000000000e+06	2.300000000000000000e+01
7.630000000000000000e+06	2.300000000000000000e+01
7.635000000000000000e+06	2.300000000000000000e+01
7.640000000000000000e+06	2.300000000000000000e+01
7.645000000000000000e+06	2.300000000000000000e+01
7.650000000000000000e+06	2.300000000000000000e+01
7.655000000000000000e+06	2.300000000000000000e+01
7.660000000000000000e+06	2.300000000000000000e+01
7.665000000000000000e+06	2.300000000000000000e+01
7.670000000000000000e+06	2.300000000000000000e+01
7.675000000000000000e+06	2.300000000000000000e+01
7.680000000000000000e+06	2.300000000000000000e+01
7.685000000000000000e+06	2.300000000000000000e+01
7.690000000000000000e+06	2.300000000000000000e+01
7.695000000000000000e+06	2.300000000000000000e+01
7.700000000000000000e+06	2.300000000000000000e+01
7.705000000000000000e+06	2.300000000000000000e+01
7.710000000000000000e+06	2.300000000000000000e+01
7.715000000000000000e+06	2.300000000000000000e+01
7.720000000000000000e+06	2.300000000000000000e+01
7.725000000000000000e+06	2.300000000000000000e+01
7.730000000000000000e+06	2.300000000000000000e+01
7.735000000000000000e+06	2.300000000000000000e+01
7.740000000000000000e+06	2.300000000000000000e+01
7.745000000000000000e+06	2.300000000000000000e+01
7.750000000000000000e+06	2.300000000000000000e+01
7.755000000000000000e+06	2.300000000000000000e+01
7.760000000000000000e+06	2.300000000000000000e+01
7.765000000000000000e+06	2.300000000000000000e+01
7.770000000000000000e+06	2.300000000000000000e+01
7.775000000000000000e+06	2.300000000000000000e+01
7.780000000000000000e+06	2.300000000000000000e+01
7.785000000000000000e+06	2.300000000000000000e+01
7.790000000000000000e+06	2.300000000000000000e+01
7.795000000000000000e+06	2.300000000000000000e+01
7.800000000000000000e+06	2.300000000000000000e+01
7.805000000000000000e+06	2.300000000000000000e+01
7.810000000000000000e+06	2.300000000000000000e+01
7.815000000000000000e+06	2.300000000000000000e+01
7.820000000000000000e+06	2.300000000000000000e+01
7.825000000000000000e+06	2.300000000000000000e+01
7.830000000000000000e+06	2.300000000000000000e+01
7.835000000000000000e+06	2.300000000000000000e+01
7.840000000000000000e+06	2.300000000000000000e+01
7.845000000000000000e+06	2.300000000000000000e+01
7.850000000000000000e+06	2.300000000000000000e+01
7.855000000000000000e+06	2.300000000000000000e+01
7.860000000000000000e+06	2.300000000000000000e+01
7.865000000000000000e+06	2.300000000000000000e+01
7.870000000000000000e+06	2.300000000000000000e+01
7.875000000000000000e+06	2.300000000000000000e+01
7.880000000000000000e+06	2.300000000000000000e+01
7.885000000000000000e+06	2.300000000000000000e+01
7.890000000000000000e+06	2.300000000000000000e+01
7.895000000000000000e+06	2.300000000000000000e+01
7.900000000000000000e+06	2.300000000000000000e+01
7.905000000000000000e+06	2.300000000000000000e+01
7.910000000000000000e+06	2.300000000000000000e+01
7.915000000000000000e+06	2.300000000000000000e+01
7.920000000000000000e+06	2.300000000000000000e+01
7.925000000000000000e+06	2.300000000000000000e+01
7.930000000000000000e+06	2.300000000000000000e+01
7.935000000000000000e+06	2.300000000000000000e+01
7.940000000000000000e+06	2.300000000000000000e+01
7.945000000000000000e+06	2.300000000000000000e+01
7.950000000000000000e+06	2.300000000000000000e+01
7.955000000000000000e+06	2.300000000000000000e+01
7.960000000000000000e+06	2.300000000000000000e+01
7.965000000000000000e+06	2.300000000000000000e+01
7.970000000000000000e+06	2.300000000000000000e+01
7.975000000000000000e+06	2.300000000000000000e+01
7.980000000000000000e+06	2.300000000000000000e+01
7.985000000000000000e+06	2.300000000000000000e+01
7.990000000000000000e+06	2.300000000000000000e+01
7.995000000000000000e+06	2.300000000000000000e+01
8.000000000000000000e+06	2.300000000000000000e+01
8.005000000000000000e+06	2.300000000000000000e+01
8.010000000000000000e+06	2.300000000000000000e+01
8.015000000000000000e+06	2.300000000000000000e+01
8.020000000000000000e+06	2.300000000000000000e+01
8.025000000000000000e+06	2.300000000000000000e+01
8.030000000000000000e+06	2.300000000000000000e+01
8.035000000000000000e+06	2.300000000000000000e+01
8.040000000000000000e+06	2.300000000000000000e+01
8.045000000000000000e+06	2.300000000000000000e+01
8.050000000000000000e+06	2.300000000000000000e+01
8.055000000000000000e+06	2.300000000000000000e+01
8.060000000000000000e+06	2.300000000000000000e+01
8.065000000000000000e+06	2.300000000000000000e+01
8.070000000000000000e+06	2.300000000000000000e+01
8.075000000000000000e+06	2.300000000000000000e+01
8.080000000000000000e+06	2.300000000000000000e+01
8.085000000000000000e+06	2.300000000000000000e+01
8.090000000000000000e+06	2.300000000000000000e+01
8.095000000000000000e+06	2.300000000000000000e+01
8.100000000000000000e+06	2.300000000000000000e+01
8.105000000000000000e+06	2.300000000000000000e+01
8.110000000000000000e+06	2.300000000000000000e+01
8.115000000000000000e+06	2.300000000000000000e+01
8.120000000000000000e+06	2.300000000000000000e+01
8.125000000000000000e+06	2.300000000000000000e+01
8.130000000000000000e+06	2.300000000000000000e+01
8.135000000000000000e+06	2.300000000000000000e+01
8.140000000000000000e+06	2.300000000000000000e+01
8.145000000000000000e+06	2.300000000000000000e+01
8.150000000000000000e+06	2.300000000000000000e+01
8.155000000000000000e+06	2.300000000000000000e+01
8.160000000000000000e+06	2.300000000000000000e+01
8.165000000000000000e+06	2.300000000000000000e+01
8.170000000000000000e+06	2.300000000000000000e+01
8.175000000000000000e+06	2.300000000000000000e+01
8.180000000000000000e+06	2.300000000000000000e+01
8.185000000000000000e+06	2.300000000000000000e+01
8.190000000000000000e+06	2.300000000000000000e+01
8.195000000000000000e+06	2.300000000000000000e+01
8.200000000000000000e+06	2.300000000000000000e+01
8.205000000000000000e+06	2.300000000000000000e+01
8.210000000000000000e+06	2.300000000000000000e+01
8.215000000000000000e+06	2.300000000000000000e+01
8.220000000000000000e+06	2.300000000000000000e+01
8.225000000000000000e+06	2.300000000000000000e+01
8.230000000000000000e+06	2.300000000000000000e+01
8.235000000000000000e+06	2.300000000000000000e+01
8.240000000000000000e+06	2.300000000000000000e+01
8.245000000000000000e+06	2.300000000000000000e+01
8.250000000000000000e+06	2.300000000000000000e+01
8.255000000000000000e+06	2.300000000000000000e+01
8.260000000000000000e+06	2.300000000000000000e+01
8.265000000000000000e+06	2.300000000000000000e+01
8.270000000000000000e+06	2.300000000000000000e+01
8.275000000000000000e+06	2.300000000000000000e+01
8.280000000000000000e+06	2.300000000000000000e+01
8.285000000000000000e+06	2.300000000000000000e+01
8.290000000000000000e+06	2.300000000000000000e+01
8.295000000000000000e+06	2.300000000000000000e+01
8.300000000000000000e+06	2.300000000000000000e+01
8.305000000000000000e+06	2.300000000000000000e+01
8.310000000000000000e+06	2.300000000000000000e+01
8.315000000000000000e+06	2.300000000000000000e+01
8.320000000000000000e+06	2.300000000000000000e+01
8.325000000000000000e+06	2.300000000000000000e+01
8.330000000000000000e+06	2.300000000000000000e+01
8.335000000000000000e+06	2.300000000000000000e+01
8.340000000000000000e+06	2.300000000000000000e+01
8.345000000000000000e+06	2.300000000000000000e+01
8.350000000000000000e+06	2.300000000000000000e+01
8.355000000000000000e+06	2.300000000000000000e+01
8.360000000000000000e+06	2.300000000000000000e+01
8.365000000000000000e+06	2.300000000000000000e+01
8.370000000000000000e+06	2.300000000000000000e+01
8.375000000000000000e+06	2.300000000000000000e+01
8.380000000000000000e+06	2.300000000000000000e+01
8.385000000000000000e+06	2.300000000000000000e+01
8.390000000000000000e+06	2.300000000000000000e+01
8.395000000000000000e+06	2.300000000000000000e+01
8.400000000000000000e+06	2.300000000000000000e+01
8.405000000000000000e+06	2.300000000000000000e+01
8.410000000000000000e+06	2.300000000000000000e+01
8.415000000000000000e+06	2.300000000000000000e+01
8.420000000000000000e+06	2.300000000000000000e+01
8.425000000000000000e+06	2.300000000000000000e+01
8.430000000000000000e+06	2.300000000000000000e+01
8.435000000000000000e+06	2.300000000000000000e+01
8.440000000000000000e+06	2.300000000000000000e+01
8.445000000000000000e+06	2.300000000000000000e+01
8.450000000000000000e+06	2.300000000000000000e+01
8.455000000000000000e+06	2.300000000000000000e+01
8.460000000000000000e+06	2.300000000000000000e+01
8.465000000000000000e+06	2.300000000000000000e+01
8.470000000000000000e+06	2.300000000000000000e+01
8.475000000000000000e+06	2.300000000000000000e+01
8.480000000000000000e+06	2.300000000000000000e+01
8.485000000000000000e+06	2.300000000000000000e+01
8.490000000000000000e+06	2.300000000000000000e+01
8.495000000000000000e+06	2.300000000000000000e+01
8.500000000000000000e+06	2.300000000000000000e+01
8.505000000000000000e+06	2.300000000000000000e+01
8.510000000000000000e+06	2.300000000000000000e+01
8.515000000000000000e+06	2.300000000000000000e+01
8.520000000000000000e+06	2.300000000000000000e+01
8.525000000000000000e+06	2.300000000000000000e+01
8.530000000000000000e+06	2.300000000000000000e+01
8.535000000000000000e+06	2.300000000000000000e+01
8.540000000000000000e+06	2.300000000000000000e+01
8.545000000000000000e+06	2.300000000000000000e+01
8.550000000000000000e+06	2.300000000000000000e+01
8.555000000000000000e+06	2.300000000000000000e+01
8.560000000000000000e+06	2.300000000000000000e+01
8.565000000000000000e+06	2.300000000000000000e+01
8.570000000000000000e+06	2.300000000000000000e+01
8.575000000000000000e+06	2.300000000000000000e+01
8.580000000000000000e+06	2.300000000000000000e+01
8.585000000000000000e+06	2.300000000000000000e+01
8.590000000000000000e+06	2.300000000000000000e+01
8.595000000000000000e+06	2.300000000000000000e+01
8.600000000000000000e+06	2.300000000000000000e+01
8.605000000000000000e+06	2.300000000000000000e+01
8.610000000000000000e+06	2.300000000000000000e+01
8.615000000000000000e+06	2.300000000000000000e+01
8.620000000000000000e+06	2.300000000000000000e+01
8.625000000000000000e+06	2.300000000000000000e+01
8.630000000000000000e+06	2.300000000000000000e+01
8.635000000000000000e+06	2.300000000000000000e+01
8.640000000000000000e+06	2.300000000000000000e+01
8.645000000000000000e+06	2.300000000000000000e+01
8.650000000000000000e+06	2.300000000000000000e+01
8.670000000000000000e+06	2.300000000000000000e+01
8.700000000000000000e+06	2.300000000000000000e+01
8.705000000000000000e+06	2.300000000000000000e+01
8.710000000000000000e+06	2.300000000000000000e+01
8.715000000000000000e+06	2.300000000000000000e+01
8.720000000000000000e+06	2.300000000000000000e+01
8.725000000000000000e+06	2.300000000000000000e+01
8.730000000000000000e+06	2.300000000000000000e+01
8.735000000000000000e+06	2.300000000000000000e+01
8.740000000000000000e+06	2.300000000000000000e+01
8.745000000000000000e+06	2.300000000000000000e+01
8.750000000000000000e+06	2.300000000000000000e+01
8.755000000000000000e+06	2.300000000000000000e+01
8.760000000000000000e+06	2.300000000000000000e+01
8.765000000000000000e+06	2.300000000000000000e+01
8.770000000000000000e+06	2.300000000000000000e+01
8.775000000000000000e+06	2.300000000000000000e+01
8.780000000000000000e+06	2.300000000000000000e+01
8.785000000000000000e+06	2.300000000000000000e+01
8.790000000000000000e+06	2.300000000000000000e+01
8.795000000000000000e+06	2.300000000000000000e+01
8.800000000000000000e+06	2.300000000000000000e+01
8.805000000000000000e+06	2.300000000000000000e+01
8.810000000000000000e+06	2.300000000000000000e+01
8.815000000000000000e+06	2.300000000000000000e+01
8.820000000000000000e+06	2.300000000000000000e+01
8.825000000000000000e+06	2.300000000000000000e+01
8.830000000000000000e+06	2.300000000000000000e+01
8.835000000000000000e+06	2.300000000000000000e+01
8.840000000000000000e+06	2.300000000000000000e+01
8.845000000000000000e+06	2.300000000000000000e+01
8.850000000000000000e+06	2.300000000000000000e+01
8.855000000000000000e+06	2.300000000000000000e+01
8.860000000000000000e+06	2.300000000000000000e+01
8.865000000000000000e+06	2.300000000000000000e+01
8.870000000000000000e+06	2.300000000000000000e+01
8.875000000000000000e+06	2.300000000000000000e+01
8.880000000000000000e+06	2.300000000000000000e+01
8.885000000000000000e+06	2.300000000000000000e+01
8.890000000000000000e+06	2.300000000000000000e+01
8.895000000000000000e+06	2.300000000000000000e+01
8.905000000000000000e+06	2.300000000000000000e+01
8.920000000000000000e+06	2.300000000000000000e+01
8.925000000000000000e+06	2.300000000000000000e+01
8.930000000000000000e+06	2.300000000000000000e+01
8.935000000000000000e+06	2.300000000000000000e+01
8.950000000000000000e+06	2.300000000000000000e+01
8.955000000000000000e+06	2.300000000000000000e+01
8.960000000000000000e+06	2.300000000000000000e+01
8.965000000000000000e+06	2.300000000000000000e+01
8.970000000000000000e+06	2.300000000000000000e+01
8.975000000000000000e+06	2.300000000000000000e+01
8.980000000000000000e+06	2.300000000000000000e+01
8.985000000000000000e+06	2.300000000000000000e+01
8.990000000000000000e+06	2.300000000000000000e+01
8.995000000000000000e+06	2.300000000000000000e+01
9.000000000000000000e+06	2.300000000000000000e+01
9.005000000000000000e+06	2.300000000000000000e+01
9.010000000000000000e+06	2.300000000000000000e+01
9.015000000000000000e+06	2.300000000000000000e+01
9.020000000000000000e+06	2.300000000000000000e+01
9.025000000000000000e+06	2.300000000000000000e+01
9.030000000000000000e+06	2.300000000000000000e+01
9.035000000000000000e+06	2.300000000000000000e+01
9.040000000000000000e+06	2.300000000000000000e+01
9.045000000000000000e+06	2.300000000000000000e+01
9.050000000000000000e+06	2.300000000000000000e+01
9.055000000000000000e+06	2.300000000000000000e+01
9.060000000000000000e+06	2.300000000000000000e+01
9.065000000000000000e+06	2.300000000000000000e+01
9.070000000000000000e+06	2.300000000000000000e+01
9.075000000000000000e+06	2.300000000000000000e+01
9.080000000000000000e+06	2.300000000000000000e+01
9.085000000000000000e+06	2.300000000000000000e+01
9.090000000000000000e+06	2.300000000000000000e+01
9.095000000000000000e+06	2.300000000000000000e+01
9.100000000000000000e+06	2.300000000000000000e+01
9.105000000000000000e+06	2.300000000000000000e+01
9.110000000000000000e+06	2.300000000000000000e+01
9.115000000000000000e+06	2.300000000000000000e+01
9.120000000000000000e+06	2.300000000000000000e+01
9.125000000000000000e+06	2.300000000000000000e+01
9.130000000000000000e+06	2.300000000000000000e+01
9.135000000000000000e+06	2.300000000000000000e+01
9.140000000000000000e+06	2.300000000000000000e+01
9.145000000000000000e+06	2.300000000000000000e+01
9.150000000000000000e+06	2.300000000000000000e+01
9.155000000000000000e+06	2.300000000000000000e+01
9.160000000000000000e+06	2.300000000000000000e+01
9.165000000000000000e+06	2.300000000000000000e+01
9.170000000000000000e+06	2.300000000000000000e+01
9.175000000000000000e+06	2.300000000000000000e+01
9.180000000000000000e+06	2.300000000000000000e+01
9.185000000000000000e+06	2.300000000000000000e+01
9.190000000000000000e+06	2.300000000000000000e+01
9.195000000000000000e+06	2.300000000000000000e+01
9.200000000000000000e+06	2.300000000000000000e+01
9.205000000000000000e+06	2.300000000000000000e+01
9.210000000000000000e+06	2.300000000000000000e+01
9.215000000000000000e+06	2.300000000000000000e+01
9.220000000000000000e+06	2.300000000000000000e+01
9.225000000000000000e+06	2.300000000000000000e+01
9.230000000000000000e+06	2.300000000000000000e+01
9.235000000000000000e+06	2.300000000000000000e+01
9.240000000000000000e+06	2.300000000000000000e+01
9.245000000000000000e+06	2.300000000000000000e+01
9.250000000000000000e+06	2.300000000000000000e+01
9.255000000000000000e+06	2.300000000000000000e+01
9.260000000000000000e+06	2.300000000000000000e+01
9.265000000000000000e+06	2.300000000000000000e+01
9.270000000000000000e+06	2.300000000000000000e+01
9.275000000000000000e+06	2.300000000000000000e+01
9.280000000000000000e+06	2.300000000000000000e+01
9.285000000000000000e+06	2.300000000000000000e+01
9.290000000000000000e+06	2.300000000000000000e+01
9.295000000000000000e+06	2.300000000000000000e+01
9.300000000000000000e+06	2.300000000000000000e+01
9.305000000000000000e+06	2.300000000000000000e+01
9.310000000000000000e+06	2.300000000000000000e+01
9.315000000000000000e+06	2.300000000000000000e+01
9.320000000000000000e+06	2.300000000000000000e+01
9.325000000000000000e+06	2.300000000000000000e+01
9.330000000000000000e+06	2.300000000000000000e+01
9.335000000000000000e+06	2.300000000000000000e+01
9.340000000000000000e+06	2.300000000000000000e+01
9.345000000000000000e+06	2.300000000000000000e+01
9.350000000000000000e+06	2.300000000000000000e+01
9.355000000000000000e+06	2.300000000000000000e+01
9.360000000000000000e+06	2.300000000000000000e+01
9.365000000000000000e+06	2.300000000000000000e+01
9.370000000000000000e+06	2.300000000000000000e+01
9.375000000000000000e+06	2.300000000000000000e+01
9.380000000000000000e+06	2.300000000000000000e+01
9.385000000000000000e+06	2.300000000000000000e+01
9.390000000000000000e+06	2.300000000000000000e+01
9.395000000000000000e+06	2.300000000000000000e+01
9.400000000000000000e+06	2.300000000000000000e+01
9.405000000000000000e+06	2.300000000000000000e+01
9.410000000000000000e+06	2.300000000000000000e+01
9.415000000000000000e+06	2.300000000000000000e+01
9.420000000000000000e+06	2.300000000000000000e+01
9.425000000000000000e+06	2.300000000000000000e+01
9.430000000000000000e+06	2.300000000000000000e+01
9.435000000000000000e+06	2.300000000000000000e+01
9.440000000000000000e+06	2.300000000000000000e+01
9.445000000000000000e+06	2.300000000000000000e+01
9.450000000000000000e+06	2.300000000000000000e+01
9.455000000000000000e+06	2.300000000000000000e+01
9.460000000000000000e+06	2.300000000000000000e+01
9.465000000000000000e+06	2.300000000000000000e+01
9.470000000000000000e+06	2.300000000000000000e+01
9.475000000000000000e+06	2.300000000000000000e+01
9.480000000000000000e+06	2.300000000000000000e+01
9.485000000000000000e+06	2.300000000000000000e+01
9.490000000000000000e+06	2.300000000000000000e+01
9.495000000000000000e+06	2.300000000000000000e+01
9.500000000000000000e+06	2.300000000000000000e+01
9.505000000000000000e+06	2.300000000000000000e+01
9.510000000000000000e+06	2.300000000000000000e+01
9.515000000000000000e+06	2.300000000000000000e+01
9.520000000000000000e+06	2.300000000000000000e+01
9.525000000000000000e+06	2.300000000000000000e+01
9.530000000000000000e+06	2.300000000000000000e+01
9.535000000000000000e+06	2.300000000000000000e+01
9.540000000000000000e+06	2.300000000000000000e+01
9.545000000000000000e+06	2.300000000000000000e+01
9.550000000000000000e+06	2.300000000000000000e+01
9.555000000000000000e+06	2.300000000000000000e+01
9.560000000000000000e+06	2.300000000000000000e+01
9.565000000000000000e+06	2.300000000000000000e+01
9.570000000000000000e+06	2.300000000000000000e+01
9.575000000000000000e+06	2.300000000000000000e+01
9.580000000000000000e+06	2.300000000000000000e+01
9.585000000000000000e+06	2.300000000000000000e+01
9.590000000000000000e+06	2.300000000000000000e+01
9.595000000000000000e+06	2.300000000000000000e+01
9.600000000000000000e+06	2.300000000000000000e+01
9.605000000000000000e+06	2.300000000000000000e+01
9.610000000000000000e+06	2.300000000000000000e+01
9.640000000000000000e+06	2.300000000000000000e+01
9.650000000000000000e+06	2.300000000000000000e+01
9.655000000000000000e+06	2.300000000000000000e+01
9.665000000000000000e+06	2.300000000000000000e+01
9.670000000000000000e+06	2.300000000000000000e+01
9.755000000000000000e+06	2.300000000000000000e+01
9.815000000000000000e+06	2.300000000000000000e+01
1.057500000000000000e+07	2.300000000000000000e+01
1.281500000000000000e+07	2.300000000000000000e+01
1.282000000000000000e+07	2.300000000000000000e+01
1.283000000000000000e+07	2.300000000000000000e+01
1.283500000000000000e+07	2.300000000000000000e+01
1.284000000000000000e+07	2.300000000000000000e+01
1.284500000000000000e+07	2.300000000000000000e+01
1.285000000000000000e+07	2.300000000000000000e+01
1.285500000000000000e+07	2.300000000000000000e+01
1.286000000000000000e+07	2.300000000000000000e+01
1.286500000000000000e+07	2.300000000000000000e+01
1.287000000000000000e+07	2.300000000000000000e+01
1.287500000000000000e+07	2.300000000000000000e+01
1.288000000000000000e+07	2.300000000000000000e+01
1.288500000000000000e+07	2.300000000000000000e+01
1.289000000000000000e+07	2.300000000000000000e+01
1.289500000000000000e+07	2.300000000000000000e+01
1.290000000000000000e+07	2.300000000000000000e+01
1.290500000000000000e+07	2.300000000000000000e+01
1.291000000000000000e+07	2.300000000000000000e+01
1.291500000000000000e+07	2.300000000000000000e+01
1.292000000000000000e+07	2.300000000000000000e+01
1.292500000000000000e+07	2.300000000000000000e+01
1.293000000000000000e+07	2.300000000000000000e+01
1.293500000000000000e+07	2.300000000000000000e+01
1.294000000000000000e+07	2.300000000000000000e+01
1.294500000000000000e+07	2.300000000000000000e+01
1.295000000000000000e+07	2.300000000000000000e+01
1.295500000000000000e+07	2.300000000000000000e+01
1.296000000000000000e+07	2.300000000000000000e+01
1.296500000000000000e+07	2.300000000000000000e+01
1.297000000000000000e+07	2.300000000000000000e+01
1.297500000000000000e+07	2.300000000000000000e+01
1.298000000000000000e+07	2.300000000000000000e+01
1.298500000000000000e+07	2.300000000000000000e+01
1.299000000000000000e+07	2.300000000000000000e+01
1.299500000000000000e+07	2.300000000000000000e+01
1.300000000000000000e+07	2.300000000000000000e+01
1.300500000000000000e+07	2.300000000000000000e+01
1.301000000000000000e+07	2.300000000000000000e+01
1.301500000000000000e+07	2.300000000000000000e+01
1.302000000000000000e+07	2.300000000000000000e+01
1.302500000000000000e+07	2.300000000000000000e+01
1.303000000000000000e+07	2.300000000000000000e+01
1.304000000000000000e+07	2.300000000000000000e+01
1.305000000000000000e+07	2.300000000000000000e+01
1.306000000000000000e+07	2.300000000000000000e+01
1.306500000000000000e+07	2.300000000000000000e+01
1.307000000000000000e+07	2.300000000000000000e+01
1.307500000000000000e+07	2.300000000000000000e+01
1.308000000000000000e+07	2.300000000000000000e+01
1.308500000000000000e+07	2.300000000000000000e+01
1.309000000000000000e+07	2.300000000000000000e+01
1.309500000000000000e+07	2.300000000000000000e+01
1.310500000000000000e+07	2.300000000000000000e+01
1.311000000000000000e+07	2.300000000000000000e+01
1.311500000000000000e+07	2.300000000000000000e+01
1.312000000000000000e+07	2.300000000000000000e+01
1.312500000000000000e+07	2.300000000000000000e+01
1.313000000000000000e+07	2.300000000000000000e+01
1.313500000000000000e+07	2.300000000000000000e+01
1.314000000000000000e+07	2.300000000000000000e+01
1.314500000000000000e+07	2.300000000000000000e+01
1.315000000000000000e+07	2.300000000000000000e+01
1.315500000000000000e+07	2.300000000000000000e+01
1.316000000000000000e+07	2.300000000000000000e+01
1.316500000000000000e+07	2.300000000000000000e+01
1.317000000000000000e+07	2.300000000000000000e+01
1.317500000000000000e+07	2.300000000000000000e+01
1.318000000000000000e+07	2.300000000000000000e+01
1.318500000000000000e+07	2.300000000000000000e+01
1.319000000000000000e+07	2.300000000000000000e+01
1.319500000000000000e+07	2.300000000000000000e+01
1.320000000000000000e+07	2.300000000000000000e+01
1.320500000000000000e+07	2.300000000000000000e+01
1.321000000000000000e+07	2.300000000000000000e+01
1.321500000000000000e+07	2.300000000000000000e+01
1.322000000000000000e+07	2.300000000000000000e+01
1.322500000000000000e+07	2.300000000000000000e+01
1.323000000000000000e+07	2.300000000000000000e+01
1.323500000000000000e+07	2.300000000000000000e+01
1.324000000000000000e+07	2.300000000000000000e+01
1.324500000000000000e+07	2.300000000000000000e+01
1.325000000000000000e+07	2.300000000000000000e+01
1.325500000000000000e+07	2.300000000000000000e+01
1.326000000000000000e+07	2.300000000000000000e+01
1.326500000000000000e+07	2.300000000000000000e+01
1.327000000000000000e+07	2.300000000000000000e+01
1.327500000000000000e+07	2.300000000000000000e+01
1.328000000000000000e+07	2.300000000000000000e+01
1.328500000000000000e+07	2.300000000000000000e+01
1.329000000000000000e+07	2.300000000000000000e+01
1.329500000000000000e+07	2.300000000000000000e+01
1.330000000000000000e+07	2.300000000000000000e+01
1.330500000000000000e+07	2.300000000000000000e+01
1.331000000000000000e+07	2.300000000000000000e+01
1.331500000000000000e+07	2.300000000000000000e+01
1.332000000000000000e+07	2.300000000000000000e+01
1.332500000000000000e+07	2.300000000000000000e+01
1.333000000000000000e+07	2.300000000000000000e+01
1.333500000000000000e+07	2.300000000000000000e+01
1.334000000000000000e+07	2.300000000000000000e+01
1.334500000000000000e+07	2.300000000000000000e+01
1.335000000000000000e+07	2.300000000000000000e+01
1.335500000000000000e+07	2.300000000000000000e+01
1.336000000000000000e+07	2.300000000000000000e+01
1.336500000000000000e+07	2.300000000000000000e+01
1.337000000000000000e+07	2.300000000000000000e+01
1.337500000000000000e+07	2.300000000000000000e+01
1.338000000000000000e+07	2.300000000000000000e+01
1.338500000000000000e+07	2.300000000000000000e+01
1.339000000000000000e+07	2.300000000000000000e+01
1.339500000000000000e+07	2.300000000000000000e+01
1.340000000000000000e+07	2.300000000000000000e+01
1.340500000000000000e+07	2.300000000000000000e+01
1.341000000000000000e+07	2.300000000000000000e+01
1.341500000000000000e+07	2.300000000000000000e+01
1.342000000000000000e+07	2.300000000000000000e+01
1.342500000000000000e+07	2.300000000000000000e+01
1.343000000000000000e+07	2.300000000000000000e+01
1.343500000000000000e+07	2.300000000000000000e+01
1.344000000000000000e+07	2.300000000000000000e+01
1.344500000000000000e+07	2.300000000000000000e+01
1.345000000000000000e+07	2.300000000000000000e+01
1.345500000000000000e+07	2.300000000000000000e+01
1.346000000000000000e+07	2.300000000000000000e+01
1.346500000000000000e+07	2.300000000000000000e+01
1.347000000000000000e+07	2.300000000000000000e+01
1.347500000000000000e+07	2.300000000000000000e+01
1.348000000000000000e+07	2.300000000000000000e+01
1.348500000000000000e+07	2.300000000000000000e+01
1.349000000000000000e+07	2.300000000000000000e+01
1.349500000000000000e+07	2.300000000000000000e+01
1.350000000000000000e+07	2.300000000000000000e+01
1.350500000000000000e+07	2.300000000000000000e+01
1.351000000000000000e+07	2.300000000000000000e+01
1.351500000000000000e+07	2.300000000000000000e+01
1.352000000000000000e+07	2.300000000000000000e+01
1.352500000000000000e+07	2.300000000000000000e+01
1.353000000000000000e+07	2.300000000000000000e+01
1.353500000000000000e+07	2.300000000000000000e+01
1.354000000000000000e+07	2.300000000000000000e+01
1.354500000000000000e+07	2.300000000000000000e+01
1.355000000000000000e+07	2.300000000000000000e+01
1.355500000000000000e+07	2.300000000000000000e+01
1.356000000000000000e+07	2.300000000000000000e+01
1.356500000000000000e+07	2.300000000000000000e+01
1.357000000000000000e+07	2.300000000000000000e+01
1.357500000000000000e+07	2.300000000000000000e+01
1.358000000000000000e+07	2.300000000000000000e+01
1.358500000000000000e+07	2.300000000000000000e+01
1.359000000000000000e+07	2.300000000000000000e+01
1.359500000000000000e+07	2.300000000000000000e+01
1.360000000000000000e+07	2.300000000000000000e+01
1.360500000000000000e+07	2.300000000000000000e+01
1.361000000000000000e+07	2.300000000000000000e+01
1.361500000000000000e+07	2.300000000000000000e+01
1.362000000000000000e+07	2.300000000000000000e+01
1.362500000000000000e+07	2.300000000000000000e+01
1.363000000000000000e+07	2.300000000000000000e+01
1.363500000000000000e+07	2.300000000000000000e+01
1.364000000000000000e+07	2.300000000000000000e+01
1.364500000000000000e+07	2.300000000000000000e+01
1.365000000000000000e+07	2.300000000000000000e+01
1.365500000000000000e+07	2.300000000000000000e+01
1.366000000000000000e+07	2.300000000000000000e+01
1.366500000000000000e+07	2.300000000000000000e+01
1.367000000000000000e+07	2.300000000000000000e+01
1.367500000000000000e+07	2.300000000000000000e+01
1.368000000000000000e+07	2.300000000000000000e+01
1.368500000000000000e+07	2.300000000000000000e+01
1.369000000000000000e+07	2.300000000000000000e+01
1.369500000000000000e+07	2.300000000000000000e+01
1.370000000000000000e+07	2.300000000000000000e+01
1.370500000000000000e+07	2.300000000000000000e+01
1.371000000000000000e+07	2.300000000000000000e+01
1.371500000000000000e+07	2.300000000000000000e+01
1.372000000000000000e+07	2.300000000000000000e+01
1.372500000000000000e+07	2.300000000000000000e+01
1.373000000000000000e+07	2.300000000000000000e+01
1.373500000000000000e+07	2.300000000000000000e+01
1.374000000000000000e+07	2.300000000000000000e+01
1.374500000000000000e+07	2.300000000000000000e+01
1.375000000000000000e+07	2.300000000000000000e+01
1.375500000000000000e+07	2.300000000000000000e+01
1.376000000000000000e+07	2.300000000000000000e+01
1.376500000000000000e+07	2.300000000000000000e+01
1.377000000000000000e+07	2.300000000000000000e+01
1.377500000000000000e+07	2.300000000000000000e+01
1.378000000000000000e+07	2.300000000000000000e+01
1.378500000000000000e+07	2.300000000000000000e+01
1.379000000000000000e+07	2.300000000000000000e+01
1.379500000000000000e+07	2.300000000000000000e+01
1.380000000000000000e+07	2.300000000000000000e+01
1.380500000000000000e+07	2.300000000000000000e+01
1.381000000000000000e+07	2.300000000000000000e+01
1.381500000000000000e+07	2.300000000000000000e+01
1.382000000000000000e+07	2.300000000000000000e+01
1.382500000000000000e+07	2.300000000000000000e+01
1.383000000000000000e+07	2.300000000000000000e+01
1.383500000000000000e+07	2.300000000000000000e+01
1.384000000000000000e+07	2.300000000000000000e+01
1.384500000000000000e+07	2.300000000000000000e+01
1.385000000000000000e+07	2.300000000000000000e+01
1.385500000000000000e+07	2.300000000000000000e+01
1.386000000000000000e+07	2.300000000000000000e+01
1.386500000000000000e+07	2.300000000000000000e+01
1.387000000000000000e+07	2.300000000000000000e+01
1.387500000000000000e+07	2.300000000000000000e+01
1.388000000000000000e+07	2.300000000000000000e+01
1.388500000000000000e+07	2.300000000000000000e+01
1.389000000000000000e+07	2.300000000000000000e+01
1.389500000000000000e+07	2.300000000000000000e+01
1.390000000000000000e+07	2.300000000000000000e+01
1.390500000000000000e+07	2.300000000000000000e+01
1.391000000000000000e+07	2.300000000000000000e+01
1.391500000000000000e+07	2.300000000000000000e+01
1.392000000000000000e+07	2.300000000000000000e+01
1.392500000000000000e+07	2.300000000000000000e+01
1.393000000000000000e+07	2.300000000000000000e+01
1.393500000000000000e+07	2.300000000000000000e+01
1.394000000000000000e+07	2.300000000000000000e+01
1.394500000000000000e+07	2.300000000000000000e+01
1.395000000000000000e+07	2.300000000000000000e+01
1.395500000000000000e+07	2.300000000000000000e+01
1.396000000000000000e+07	2.300000000000000000e+01
1.396500000000000000e+07	2.300000000000000000e+01
1.397000000000000000e+07	2.300000000000000000e+01
1.397500000000000000e+07	2.300000000000000000e+01
1.398000000000000000e+07	2.300000000000000000e+01
1.398500000000000000e+07	2.300000000000000000e+01
1.399000000000000000e+07	2.300000000000000000e+01
1.399500000000000000e+07	2.300000000000000000e+01
1.400000000000000000e+07	2.300000000000000000e+01
1.400500000000000000e+07	2.300000000000000000e+01
1.401000000000000000e+07	2.300000000000000000e+01
1.401500000000000000e+07	2.300000000000000000e+01
1.402000000000000000e+07	2.300000000000000000e+01
1.402500000000000000e+07	2.300000000000000000e+01
1.403000000000000000e+07	2.300000000000000000e+01
1.403500000000000000e+07	2.300000000000000000e+01
1.404000000000000000e+07	2.300000000000000000e+01
1.404500000000000000e+07	2.300000000000000000e+01
1.405000000000000000e+07	2.300000000000000000e+01
1.405500000000000000e+07	2.300000000000000000e+01
1.406000000000000000e+07	2.300000000000000000e+01
1.406500000000000000e+07	2.300000000000000000e+01
1.407000000000000000e+07	2.300000000000000000e+01
1.407500000000000000e+07	2.300000000000000000e+01
1.408000000000000000e+07	2.300000000000000000e+01
1.408500000000000000e+07	2.300000000000000000e+01
1.409000000000000000e+07	2.300000000000000000e+01
1.409500000000000000e+07	2.300000000000000000e+01
1.410000000000000000e+07	2.300000000000000000e+01
1.410500000000000000e+07	2.300000000000000000e+01
1.411000000000000000e+07	2.300000000000000000e+01
1.411500000000000000e+07	2.300000000000000000e+01
1.412000000000000000e+07	2.300000000000000000e+01
1.412500000000000000e+07	2.300000000000000000e+01
1.413000000000000000e+07	2.300000000000000000e+01
1.413500000000000000e+07	2.300000000000000000e+01
1.414000000000000000e+07	2.300000000000000000e+01
1.414500000000000000e+07	2.300000000000000000e+01
1.415000000000000000e+07	2.300000000000000000e+01
1.415500000000000000e+07	2.300000000000000000e+01
1.416000000000000000e+07	2.300000000000000000e+01
1.416500000000000000e+07	2.300000000000000000e+01
1.417000000000000000e+07	2.300000000000000000e+01
1.417500000000000000e+07	2.300000000000000000e+01
1.418000000000000000e+07	2.300000000000000000e+01
1.418500000000000000e+07	2.300000000000000000e+01
1.419000000000000000e+07	2.300000000000000000e+01
1.419500000000000000e+07	2.300000000000000000e+01
1.420000000000000000e+07	2.300000000000000000e+01
1.420500000000000000e+07	2.300000000000000000e+01
1.421000000000000000e+07	2.300000000000000000e+01
1.421500000000000000e+07	2.300000000000000000e+01
1.422000000000000000e+07	2.300000000000000000e+01
1.422500000000000000e+07	2.300000000000000000e+01
1.423000000000000000e+07	2.300000000000000000e+01
1.423500000000000000e+07	2.300000000000000000e+01
1.424000000000000000e+07	2.300000000000000000e+01
1.424500000000000000e+07	2.300000000000000000e+01
1.425000000000000000e+07	2.300000000000000000e+01
1.425500000000000000e+07	2.300000000000000000e+01
1.426000000000000000e+07	2.300000000000000000e+01
1.426500000000000000e+07	2.300000000000000000e+01
1.427000000000000000e+07	2.300000000000000000e+01
1.427500000000000000e+07	2.300000000000000000e+01
1.428000000000000000e+07	2.300000000000000000e+01
1.428500000000000000e+07	2.300000000000000000e+01
1.429000000000000000e+07	2.300000000000000000e+01
1.429500000000000000e+07	2.300000000000000000e+01
1.430000000000000000e+07	2.300000000000000000e+01
1.430500000000000000e+07	2.300000000000000000e+01
1.431000000000000000e+07	2.300000000000000000e+01
1.431500000000000000e+07	2.300000000000000000e+01
1.432000000000000000e+07	2.300000000000000000e+01
1.432500000000000000e+07	2.300000000000000000e+01
1.433000000000000000e+07	2.300000000000000000e+01
1.433500000000000000e+07	2.300000000000000000e+01
1.434000000000000000e+07	2.300000000000000000e+01
1.434500000000000000e+07	2.300000000000000000e+01
1.435000000000000000e+07	2.300000000000000000e+01
1.435500000000000000e+07	2.300000000000000000e+01
1.436000000000000000e+07	2.300000000000000000e+01
1.436500000000000000e+07	2.300000000000000000e+01
1.437000000000000000e+07	2.300000000000000000e+01
1.437500000000000000e+07	2.300000000000000000e+01
1.438000000000000000e+07	2.300000000000000000e+01
1.438500000000000000e+07	2.300000000000000000e+01
1.439000000000000000e+07	2.300000000000000000e+01
1.439500000000000000e+07	2.300000000000000000e+01
1.440000000000000000e+07	2.300000000000000000e+01
1.440500000000000000e+07	2.300000000000000000e+01
1.441000000000000000e+07	2.300000000000000000e+01
1.441500000000000000e+07	2.300000000000000000e+01
1.442000000000000000e+07	2.300000000000000000e+01
1.442500000000000000e+07	2.300000000000000000e+01
1.443000000000000000e+07	2.300000000000000000e+01
1.443500000000000000e+07	2.300000000000000000e+01
1.444000000000000000e+07	2.300000000000000000e+01
1.444500000000000000e+07	2.300000000000000000e+01
1.445000000000000000e+07	2.300000000000000000e+01
1.445500000000000000e+07	2.300000000000000000e+01
1.446000000000000000e+07	2.300000000000000000e+01
1.446500000000000000e+07	2.300000000000000000e+01
1.447000000000000000e+07	2.300000000000000000e+01
1.447500000000000000e+07	2.300000000000000000e+01
1.448000000000000000e+07	2.300000000000000000e+01
1.448500000000000000e+07	2.300000000000000000e+01
1.449000000000000000e+07	2.300000000000000000e+01
1.449500000000000000e+07	2.300000000000000000e+01
1.450000000000000000e+07	2.300000000000000000e+01
1.450500000000000000e+07	2.300000000000000000e+01
1.451000000000000000e+07	2.300000000000000000e+01
1.451500000000000000e+07	2.300000000000000000e+01
1.452000000000000000e+07	2.300000000000000000e+01
1.452500000000000000e+07	2.300000000000000000e+01
1.453000000000000000e+07	2.300000000000000000e+01
1.453500000000000000e+07	2.300000000000000000e+01
1.454000000000000000e+07	2.300000000000000000e+01
1.454500000000000000e+07	2.300000000000000000e+01
1.455000000000000000e+07	2.300000000000000000e+01
1.455500000000000000e+07	2.300000000000000000e+01
1.456000000000000000e+07	2.300000000000000000e+01
1.456500000000000000e+07	2.300000000000000000e+01
1.457000000000000000e+07	2.300000000000000000e+01
1.457500000000000000e+07	2.300000000000000000e+01
1.458000000000000000e+07	2.300000000000000000e+01
1.458500000000000000e+07	2.300000000000000000e+01
1.459000000000000000e+07	2.300000000000000000e+01
1.459500000000000000e+07	2.300000000000000000e+01
1.460000000000000000e+07	2.300000000000000000e+01
1.460500000000000000e+07	2.300000000000000000e+01
1.461000000000000000e+07	2.300000000000000000e+01
1.461500000000000000e+07	2.300000000000000000e+01
1.462000000000000000e+07	2.300000000000000000e+01
1.462500000000000000e+07	2.300000000000000000e+01
1.463000000000000000e+07	2.300000000000000000e+01
1.463500000000000000e+07	2.300000000000000000e+01
1.464000000000000000e+07	2.300000000000000000e+01
1.464500000000000000e+07	2.300000000000000000e+01
1.465000000000000000e+07	2.300000000000000000e+01
1.465500000000000000e+07	2.300000000000000000e+01
1.466000000000000000e+07	2.300000000000000000e+01
1.466500000000000000e+07	2.300000000000000000e+01
1.467000000000000000e+07	2.300000000000000000e+01
1.467500000000000000e+07	2.300000000000000000e+01
1.468000000000000000e+07	2.300000000000000000e+01
1.468500000000000000e+07	2.300000000000000000e+01
1.469000000000000000e+07	2.300000000000000000e+01
1.469500000000000000e+07	2.300000000000000000e+01
1.470000000000000000e+07	2.300000000000000000e+01
1.470500000000000000e+07	2.300000000000000000e+01
1.471000000000000000e+07	2.300000000000000000e+01
1.471500000000000000e+07	2.300000000000000000e+01
1.472000000000000000e+07	2.300000000000000000e+01
1.472500000000000000e+07	2.300000000000000000e+01
1.473000000000000000e+07	2.300000000000000000e+01
1.473500000000000000e+07	2.300000000000000000e+01
1.474000000000000000e+07	2.300000000000000000e+01
1.474500000000000000e+07	2.300000000000000000e+01
1.475000000000000000e+07	2.300000000000000000e+01
1.475500000000000000e+07	2.300000000000000000e+01
1.476000000000000000e+07	2.300000000000000000e+01
1.476500000000000000e+07	2.300000000000000000e+01
1.477000000000000000e+07	2.300000000000000000e+01
1.477500000000000000e+07	2.300000000000000000e+01
1.478000000000000000e+07	2.300000000000000000e+01
1.478500000000000000e+07	2.300000000000000000e+01
1.479000000000000000e+07	2.300000000000000000e+01
1.479500000000000000e+07	2.300000000000000000e+01
1.480000000000000000e+07	2.300000000000000000e+01
1.480500000000000000e+07	2.300000000000000000e+01
1.481000000000000000e+07	2.300000000000000000e+01
1.481500000000000000e+07	2.300000000000000000e+01
1.482000000000000000e+07	2.300000000000000000e+01
1.482500000000000000e+07	2.300000000000000000e+01
1.483000000000000000e+07	2.300000000000000000e+01
1.483500000000000000e+07	2.300000000000000000e+01
1.484000000000000000e+07	2.300000000000000000e+01
1.484500000000000000e+07	2.300000000000000000e+01
1.485000000000000000e+07	2.300000000000000000e+01
1.485500000000000000e+07	2.300000000000000000e+01
1.486000000000000000e+07	2.300000000000000000e+01
1.486500000000000000e+07	2.300000000000000000e+01
1.487000000000000000e+07	2.300000000000000000e+01
1.487500000000000000e+07	2.300000000000000000e+01
1.488000000000000000e+07	2.300000000000000000e+01
1.488500000000000000e+07	2.300000000000000000e+01
1.489000000000000000e+07	2.300000000000000000e+01
1.489500000000000000e+07	2.300000000000000000e+01
1.490000000000000000e+07	2.300000000000000000e+01
1.490500000000000000e+07	2.300000000000000000e+01
1.491000000000000000e+07	2.300000000000000000e+01
1.491500000000000000e+07	2.300000000000000000e+01
1.492000000000000000e+07	2.300000000000000000e+01
1.492500000000000000e+07	2.300000000000000000e+01
1.493000000000000000e+07	2.300000000000000000e+01
1.493500000000000000e+07	2.300000000000000000e+01
1.494000000000000000e+07	2.300000000000000000e+01
1.494500000000000000e+07	2.300000000000000000e+01
1.495000000000000000e+07	2.300000000000000000e+01
1.495500000000000000e+07	2.300000000000000000e+01
1.496000000000000000e+07	2.300000000000000000e+01
1.496500000000000000e+07	2.300000000000000000e+01
1.497000000000000000e+07	2.300000000000000000e+01
1.497500000000000000e+07	2.300000000000000000e+01
1.498000000000000000e+07	2.300000000000000000e+01
1.498500000000000000e+07	2.300000000000000000e+01
1.499000000000000000e+07	2.300000000000000000e+01
1.499500000000000000e+07	2.300000000000000000e+01
1.500000000000000000e+07	2.300000000000000000e+01
1.500500000000000000e+07	2.300000000000000000e+01
1.501000000000000000e+07	2.300000000000000000e+01
1.501500000000000000e+07	2.300000000000000000e+01
1.502000000000000000e+07	2.300000000000000000e+01
1.502500000000000000e+07	2.300000000000000000e+01
1.503000000000000000e+07	2.300000000000000000e+01
1.503500000000000000e+07	2.300000000000000000e+01
1.504000000000000000e+07	2.300000000000000000e+01
1.504500000000000000e+07	2.300000000000000000e+01
1.505000000000000000e+07	2.300000000000000000e+01
1.505500000000000000e+07	2.300000000000000000e+01
1.506000000000000000e+07	2.300000000000000000e+01
1.506500000000000000e+07	2.300000000000000000e+01
1.507000000000000000e+07	2.300000000000000000e+01
1.507500000000000000e+07	2.300000000000000000e+01
1.508000000000000000e+07	2.300000000000000000e+01
1.508500000000000000e+07	2.300000000000000000e+01
1.509000000000000000e+07	2.300000000000000000e+01
1.509500000000000000e+07	2.300000000000000000e+01
1.510000000000000000e+07	2.300000000000000000e+01
1.510500000000000000e+07	2.300000000000000000e+01
1.511000000000000000e+07	2.300000000000000000e+01
1.511500000000000000e+07	2.300000000000000000e+01
1.512000000000000000e+07	2.300000000000000000e+01
1.512500000000000000e+07	2.300000000000000000e+01
1.513000000000000000e+07	2.300000000000000000e+01
1.513500000000000000e+07	2.300000000000000000e+01
1.514000000000000000e+07	2.300000000000000000e+01
1.514500000000000000e+07	2.300000000000000000e+01
1.515000000000000000e+07	2.300000000000000000e+01
1.515500000000000000e+07	2.300000000000000000e+01
1.516000000000000000e+07	2.300000000000000000e+01
1.516500000000000000e+07	2.300000000000000000e+01
1.517000000000000000e+07	2.300000000000000000e+01
1.517500000000000000e+07	2.300000000000000000e+01
1.518000000000000000e+07	2.300000000000000000e+01
1.518500000000000000e+07	2.300000000000000000e+01
1.519000000000000000e+07	2.300000000000000000e+01
1.519500000000000000e+07	2.300000000000000000e+01
1.520000000000000000e+07	2.300000000000000000e+01
1.520500000000000000e+07	2.300000000000000000e+01
1.521000000000000000e+07	2.300000000000000000e+01
1.521500000000000000e+07	2.300000000000000000e+01
1.522000000000000000e+07	2.300000000000000000e+01
1.522500000000000000e+07	2.300000000000000000e+01
1.523000000000000000e+07	2.300000000000000000e+01
1.523500000000000000e+07	2.300000000000000000e+01
1.524000000000000000e+07	2.300000000000000000e+01
1.524500000000000000e+07	2.300000000000000000e+01
1.525000000000000000e+07	2.300000000000000000e+01
1.525500000000000000e+07	2.300000000000000000e+01
1.526000000000000000e+07	2.300000000000000000e+01
1.526500000000000000e+07	2.300000000000000000e+01
1.527000000000000000e+07	2.300000000000000000e+01
1.527500000000000000e+07	2.300000000000000000e+01
1.528000000000000000e+07	2.300000000000000000e+01
1.528500000000000000e+07	2.300000000000000000e+01
1.529000000000000000e+07	2.300000000000000000e+01
1.529500000000000000e+07	2.300000000000000000e+01
1.530000000000000000e+07	2.300000000000000000e+01
1.530500000000000000e+07	2.300000000000000000e+01
1.531000000000000000e+07	2.300000000000000000e+01
1.531500000000000000e+07	2.300000000000000000e+01
1.532000000000000000e+07	2.300000000000000000e+01
1.532500000000000000e+07	2.300000000000000000e+01
1.533000000000000000e+07	2.300000000000000000e+01
1.533500000000000000e+07	2.300000000000000000e+01
1.534000000000000000e+07	2.300000000000000000e+01
1.534500000000000000e+07	2.300000000000000000e+01
1.535000000000000000e+07	2.300000000000000000e+01
1.535500000000000000e+07	2.300000000000000000e+01
1.536000000000000000e+07	2.300000000000000000e+01
1.536500000000000000e+07	2.300000000000000000e+01
1.537000000000000000e+07	2.300000000000000000e+01
1.537500000000000000e+07	2.300000000000000000e+01
1.538000000000000000e+07	2.300000000000000000e+01
1.538500000000000000e+07	2.300000000000000000e+01
1.539000000000000000e+07	2.300000000000000000e+01
1.539500000000000000e+07	2.300000000000000000e+01
1.540000000000000000e+07	2.300000000000000000e+01
1.540500000000000000e+07	2.300000000000000000e+01
1.541000000000000000e+07	2.300000000000000000e+01
1.541500000000000000e+07	2.300000000000000000e+01
1.542000000000000000e+07	2.300000000000000000e+01
1.542500000000000000e+07	2.300000000000000000e+01
1.543000000000000000e+07	2.300000000000000000e+01
1.543500000000000000e+07	2.300000000000000000e+01
1.544000000000000000e+07	2.300000000000000000e+01
1.544500000000000000e+07	2.300000000000000000e+01
1.545000000000000000e+07	2.300000000000000000e+01
1.545500000000000000e+07	2.300000000000000000e+01
1.546000000000000000e+07	2.300000000000000000e+01
1.546500000000000000e+07	2.300000000000000000e+01
1.547000000000000000e+07	2.300000000000000000e+01
1.547500000000000000e+07	2.300000000000000000e+01
1.548000000000000000e+07	2.300000000000000000e+01
1.548500000000000000e+07	2.300000000000000000e+01
1.549000000000000000e+07	2.300000000000000000e+01
1.549500000000000000e+07	2.300000000000000000e+01
1.550000000000000000e+07	2.300000000000000000e+01
1.550500000000000000e+07	2.300000000000000000e+01
1.551000000000000000e+07	2.300000000000000000e+01
1.551500000000000000e+07	2.300000000000000000e+01
1.552000000000000000e+07	2.300000000000000000e+01
1.552500000000000000e+07	2.300000000000000000e+01
1.553000000000000000e+07	2.300000000000000000e+01
1.553500000000000000e+07	2.300000000000000000e+01
1.554000000000000000e+07	2.300000000000000000e+01
1.554500000000000000e+07	2.300000000000000000e+01
1.555000000000000000e+07	2.300000000000000000e+01
1.555500000000000000e+07	2.300000000000000000e+01
1.556000000000000000e+07	2.300000000000000000e+01
1.556500000000000000e+07	2.300000000000000000e+01
1.557000000000000000e+07	2.300000000000000000e+01
1.557500000000000000e+07	2.300000000000000000e+01
1.558000000000000000e+07	2.300000000000000000e+01
1.558500000000000000e+07	2.300000000000000000e+01
1.559000000000000000e+07	2.300000000000000000e+01
1.559500000000000000e+07	2.300000000000000000e+01
1.560000000000000000e+07	2.300000000000000000e+01
1.560500000000000000e+07	2.300000000000000000e+01
1.561000000000000000e+07	2.300000000000000000e+01
1.561500000000000000e+07	2.300000000000000000e+01
1.562500000000000000e+07	2.300000000000000000e+01
1.563500000000000000e+07	2.300000000000000000e+01
1.564000000000000000e+07	2.300000000000000000e+01
1.564500000000000000e+07	2.300000000000000000e+01
1.565000000000000000e+07	2.300000000000000000e+01
1.565500000000000000e+07	2.300000000000000000e+01
1.566000000000000000e+07	2.300000000000000000e+01
1.566500000000000000e+07	2.300000000000000000e+01
1.567000000000000000e+07	2.300000000000000000e+01
1.567500000000000000e+07	2.300000000000000000e+01
1.568000000000000000e+07	2.300000000000000000e+01
1.568500000000000000e+07	2.300000000000000000e+01
1.569000000000000000e+07	2.300000000000000000e+01
1.569500000000000000e+07	2.300000000000000000e+01
1.570000000000000000e+07	2.300000000000000000e+01
1.570500000000000000e+07	2.300000000000000000e+01
1.571000000000000000e+07	2.300000000000000000e+01
1.571500000000000000e+07	2.300000000000000000e+01
1.572000000000000000e+07	2.300000000000000000e+01
1.572500000000000000e+07	2.300000000000000000e+01
1.573000000000000000e+07	2.300000000000000000e+01
1.573500000000000000e+07	2.300000000000000000e+01
1.574000000000000000e+07	2.300000000000000000e+01
1.574500000000000000e+07	2.300000000000000000e+01
1.575000000000000000e+07	2.300000000000000000e+01
1.575500000000000000e+07	2.300000000000000000e+01
1.576000000000000000e+07	2.300000000000000000e+01
1.576500000000000000e+07	2.300000000000000000e+01
1.577000000000000000e+07	2.300000000000000000e+01
1.577500000000000000e+07	2.300000000000000000e+01
1.578000000000000000e+07	2.300000000000000000e+01
1.578500000000000000e+07	2.300000000000000000e+01
1.579000000000000000e+07	2.300000000000000000e+01
1.579500000000000000e+07	2.300000000000000000e+01
1.580000000000000000e+07	2.300000000000000000e+01
1.580500000000000000e+07	2.300000000000000000e+01
1.581000000000000000e+07	2.300000000000000000e+01
1.581500000000000000e+07	2.300000000000000000e+01
1.582000000000000000e+07	2.300000000000000000e+01
1.582500000000000000e+07	2.300000000000000000e+01
1.583000000000000000e+07	2.300000000000000000e+01
1.583500000000000000e+07	2.300000000000000000e+01
1.584000000000000000e+07	2.300000000000000000e+01
1.584500000000000000e+07	2.300000000000000000e+01
1.585000000000000000e+07	2.300000000000000000e+01
1.585500000000000000e+07	2.300000000000000000e+01
1.586000000000000000e+07	2.300000000000000000e+01
1.586500000000000000e+07	2.300000000000000000e+01
1.587000000000000000e+07	2.300000000000000000e+01
1.587500000000000000e+07	2.300000000000000000e+01
1.588000000000000000e+07	2.300000000000000000e+01
1.588500000000000000e+07	2.300000000000000000e+01
1.589000000000000000e+07	2.300000000000000000e+01
1.589500000000000000e+07	2.300000000000000000e+01
1.590000000000000000e+07	2.300000000000000000e+01
1.590500000000000000e+07	2.300000000000000000e+01
1.591000000000000000e+07	2.300000000000000000e+01
1.591500000000000000e+07	2.300000000000000000e+01
1.592000000000000000e+07	2.300000000000000000e+01
1.592500000000000000e+07	2.300000000000000000e+01
1.593000000000000000e+07	2.300000000000000000e+01
1.593500000000000000e+07	2.300000000000000000e+01
1.594000000000000000e+07	2.300000000000000000e+01
1.594500000000000000e+07	2.300000000000000000e+01
1.595000000000000000e+07	2.300000000000000000e+01
1.595500000000000000e+07	2.300000000000000000e+01
1.596000000000000000e+07	2.300000000000000000e+01
1.596500000000000000e+07	2.300000000000000000e+01
1.597000000000000000e+07	2.300000000000000000e+01
1.597500000000000000e+07	2.300000000000000000e+01
1.598000000000000000e+07	2.300000000000000000e+01
1.598500000000000000e+07	2.300000000000000000e+01
1.599000000000000000e+07	2.300000000000000000e+01
1.599500000000000000e+07	2.300000000000000000e+01
1.600000000000000000e+07	2.300000000000000000e+01
1.600500000000000000e+07	2.300000000000000000e+01
1.601000000000000000e+07	2.300000000000000000e+01
1.601500000000000000e+07	2.300000000000000000e+01
1.602000000000000000e+07	2.300000000000000000e+01
1.602500000000000000e+07	2.300000000000000000e+01
1.603000000000000000e+07	2.300000000000000000e+01
1.603500000000000000e+07	2.300000000000000000e+01
1.604000000000000000e+07	2.300000000000000000e+01
1.604500000000000000e+07	2.300000000000000000e+01
1.605000000000000000e+07	2.300000000000000000e+01
1.605500000000000000e+07	2.300000000000000000e+01
1.606000000000000000e+07	2.300000000000000000e+01
1.606500000000000000e+07	2.300000000000000000e+01
1.607000000000000000e+07	2.300000000000000000e+01
1.607500000000000000e+07	2.300000000000000000e+01
1.608000000000000000e+07	2.300000000000000000e+01
1.608500000000000000e+07	2.300000000000000000e+01
1.609000000000000000e+07	2.300000000000000000e+01
1.609500000000000000e+07	2.300000000000000000e+01
1.610000000000000000e+07	2.300000000000000000e+01
1.611500000000000000e+07	2.300000000000000000e+01
1.614500000000000000e+07	2.300000000000000000e+01
1.616000000000000000e+07	2.300000000000000000e+01
1.616500000000000000e+07	2.300000000000000000e+01
1.617000000000000000e+07	2.300000000000000000e+01
1.617500000000000000e+07	2.300000000000000000e+01
1.618000000000000000e+07	2.300000000000000000e+01
1.618500000000000000e+07	2.300000000000000000e+01
1.619000000000000000e+07	2.300000000000000000e+01
1.619500000000000000e+07	2.300000000000000000e+01
1.620000000000000000e+07	2.300000000000000000e+01
1.620500000000000000e+07	2.300000000000000000e+01
1.621000000000000000e+07	2.300000000000000000e+01
1.621500000000000000e+07	2.300000000000000000e+01
1.622000000000000000e+07	2.300000000000000000e+01
1.622500000000000000e+07	2.300000000000000000e+01
1.623000000000000000e+07	2.300000000000000000e+01
1.623500000000000000e+07	2.300000000000000000e+01
1.624000000000000000e+07	2.300000000000000000e+01
1.624500000000000000e+07	2.300000000000000000e+01
1.625000000000000000e+07	2.300000000000000000e+01
1.625500000000000000e+07	2.300000000000000000e+01
1.626000000000000000e+07	2.300000000000000000e+01
1.626500000000000000e+07	2.300000000000000000e+01
1.627000000000000000e+07	2.300000000000000000e+01
1.627500000000000000e+07	2.300000000000000000e+01
1.628000000000000000e+07	2.300000000000000000e+01
1.628500000000000000e+07	2.300000000000000000e+01
1.629000000000000000e+07	2.300000000000000000e+01
1.629500000000000000e+07	2.300000000000000000e+01
1.630000000000000000e+07	2.300000000000000000e+01
1.630500000000000000e+07	2.300000000000000000e+01
1.631000000000000000e+07	2.300000000000000000e+01
1.631500000000000000e+07	2.300000000000000000e+01
1.632000000000000000e+07	2.300000000000000000e+01
1.632500000000000000e+07	2.300000000000000000e+01
1.633000000000000000e+07	2.300000000000000000e+01
1.633500000000000000e+07	2.300000000000000000e+01
1.634000000000000000e+07	2.300000000000000000e+01
1.634500000000000000e+07	2.300000000000000000e+01
1.635000000000000000e+07	2.300000000000000000e+01
1.635500000000000000e+07	2.300000000000000000e+01
1.636000000000000000e+07	2.300000000000000000e+01
1.636500000000000000e+07	2.300000000000000000e+01
1.637000000000000000e+07	2.300000000000000000e+01
1.637500000000000000e+07	2.300000000000000000e+01
1.638000000000000000e+07	2.300000000000000000e+01
1.638500000000000000e+07	2.300000000000000000e+01
1.639000000000000000e+07	2.300000000000000000e+01
1.639500000000000000e+07	2.300000000000000000e+01
1.640000000000000000e+07	2.300000000000000000e+01
1.640500000000000000e+07	2.300000000000000000e+01
1.641000000000000000e+07	2.300000000000000000e+01
1.641500000000000000e+07	2.300000000000000000e+01
1.642000000000000000e+07	2.300000000000000000e+01
1.642500000000000000e+07	2.300000000000000000e+01
1.677000000000000000e+07	2.300000000000000000e+01
1.677500000000000000e+07	2.300000000000000000e+01
1.678000000000000000e+07	2.300000000000000000e+01
1.678500000000000000e+07	2.300000000000000000e+01
1.679000000000000000e+07	2.300000000000000000e+01
1.679500000000000000e+07	2.300000000000000000e+01
1.680000000000000000e+07	2.300000000000000000e+01
1.680500000000000000e+07	2.300000000000000000e+01
1.681000000000000000e+07	2.300000000000000000e+01
1.681500000000000000e+07	2.300000000000000000e+01
1.682000000000000000e+07	2.300000000000000000e+01
1.682500000000000000e+07	2.300000000000000000e+01
1.683000000000000000e+07	2.300000000000000000e+01
1.683500000000000000e+07	2.300000000000000000e+01
1.684000000000000000e+07	2.300000000000000000e+01
1.684500000000000000e+07	2.300000000000000000e+01
1.685000000000000000e+07	2.300000000000000000e+01
1.685500000000000000e+07	2.300000000000000000e+01
1.686000000000000000e+07	2.300000000000000000e+01
1.686500000000000000e+07	2.300000000000000000e+01
1.687000000000000000e+07	2.300000000000000000e+01
1.687500000000000000e+07	2.300000000000000000e+01
1.688000000000000000e+07	2.300000000000000000e+01
1.688500000000000000e+07	2.300000000000000000e+01
1.689000000000000000e+07	2.300000000000000000e+01
1.689500000000000000e+07	2.300000000000000000e+01
1.690000000000000000e+07	2.300000000000000000e+01
1.690500000000000000e+07	2.300000000000000000e+01
1.691000000000000000e+07	2.300000000000000000e+01
1.691500000000000000e+07	2.300000000000000000e+01
1.692000000000000000e+07	2.300000000000000000e+01
1.692500000000000000e+07	2.300000000000000000e+01
1.693000000000000000e+07	2.300000000000000000e+01
1.693500000000000000e+07	2.300000000000000000e+01
1.694000000000000000e+07	2.300000000000000000e+01
1.694500000000000000e+07	2.300000000000000000e+01
1.695000000000000000e+07	2.300000000000000000e+01
1.695500000000000000e+07	2.300000000000000000e+01
1.696000000000000000e+07	2.300000000000000000e+01
1.696500000000000000e+07	2.300000000000000000e+01
1.697000000000000000e+07	2.300000000000000000e+01
1.697500000000000000e+07	2.300000000000000000e+01
1.698000000000000000e+07	2.300000000000000000e+01
1.698500000000000000e+07	2.300000000000000000e+01
1.699000000000000000e+07	2.300000000000000000e+01
1.699500000000000000e+07	2.300000000000000000e+01
1.700000000000000000e+07	2.300000000000000000e+01
1.700500000000000000e+07	2.300000000000000000e+01
1.701000000000000000e+07	2.300000000000000000e+01
1.701500000000000000e+07	2.300000000000000000e+01
1.702000000000000000e+07	2.300000000000000000e+01
1.702500000000000000e+07	2.300000000000000000e+01
1.703000000000000000e+07	2.300000000000000000e+01
1.703500000000000000e+07	2.300000000000000000e+01
1.704000000000000000e+07	2.300000000000000000e+01
1.704500000000000000e+07	2.300000000000000000e+01
1.705000000000000000e+07	2.300000000000000000e+01
1.705500000000000000e+07	2.300000000000000000e+01
1.706000000000000000e+07	2.300000000000000000e+01
1.706500000000000000e+07	2.300000000000000000e+01
1.707000000000000000e+07	2.300000000000000000e+01
1.707500000000000000e+07	2.300000000000000000e+01
1.708000000000000000e+07	2.300000000000000000e+01
1.708500000000000000e+07	2.300000000000000000e+01
1.709000000000000000e+07	2.300000000000000000e+01
1.709500000000000000e+07	2.300000000000000000e+01
1.710000000000000000e+07	2.300000000000000000e+01
1.710500000000000000e+07	2.300000000000000000e+01
1.711000000000000000e+07	2.300000000000000000e+01
1.711500000000000000e+07	2.300000000000000000e+01
1.712000000000000000e+07	2.300000000000000000e+01
1.712500000000000000e+07	2.300000000000000000e+01
1.713000000000000000e+07	2.300000000000000000e+01
1.713500000000000000e+07	2.300000000000000000e+01
1.714000000000000000e+07	2.300000000000000000e+01
1.714500000000000000e+07	2.300000000000000000e+01
1.715000000000000000e+07	2.300000000000000000e+01
1.715500000000000000e+07	2.300000000000000000e+01
1.716000000000000000e+07	2.300000000000000000e+01
1.716500000000000000e+07	2.300000000000000000e+01
1.717000000000000000e+07	2.300000000000000000e+01
1.717500000000000000e+07	2.300000000000000000e+01
1.718000000000000000e+07	2.300000000000000000e+01
1.718500000000000000e+07	2.300000000000000000e+01
1.719000000000000000e+07	2.300000000000000000e+01
1.719500000000000000e+07	2.300000000000000000e+01
1.720000000000000000e+07	2.300000000000000000e+01
1.720500000000000000e+07	2.300000000000000000e+01
1.721000000000000000e+07	2.300000000000000000e+01
1.721500000000000000e+07	2.300000000000000000e+01
1.722000000000000000e+07	2.300000000000000000e+01
1.722500000000000000e+07	2.300000000000000000e+01
1.723000000000000000e+07	2.300000000000000000e+01
1.723500000000000000e+07	2.300000000000000000e+01
1.724000000000000000e+07	2.300000000000000000e+01
1.724500000000000000e+07	2.300000000000000000e+01
1.725000000000000000e+07	2.300000000000000000e+01
1.725500000000000000e+07	2.300000000000000000e+01
1.726000000000000000e+07	2.300000000000000000e+01
1.726500000000000000e+07	2.300000000000000000e+01
1.727000000000000000e+07	2.300000000000000000e+01
1.727500000000000000e+07	2.300000000000000000e+01
1.728000000000000000e+07	2.300000000000000000e+01
1.728500000000000000e+07	2.300000000000000000e+01
1.729000000000000000e+07	2.300000000000000000e+01
1.729500000000000000e+07	2.300000000000000000e+01
1.730000000000000000e+07	2.300000000000000000e+01
1.730500000000000000e+07	2.300000000000000000e+01
1.731000000000000000e+07	2.300000000000000000e+01
1.731500000000000000e+07	2.300000000000000000e+01
1.732000000000000000e+07	2.300000000000000000e+01
1.732500000000000000e+07	2.300000000000000000e+01
1.733000000000000000e+07	2.300000000000000000e+01
1.733500000000000000e+07	2.300000000000000000e+01
1.734000000000000000e+07	2.300000000000000000e+01
1.734500000000000000e+07	2.300000000000000000e+01
1.735000000000000000e+07	2.300000000000000000e+01
1.735500000000000000e+07	2.300000000000000000e+01
1.736000000000000000e+07	2.300000000000000000e+01
1.736500000000000000e+07	2.300000000000000000e+01
1.737000000000000000e+07	2.300000000000000000e+01
1.737500000000000000e+07	2.300000000000000000e+01
1.738000000000000000e+07	2.300000000000000000e+01
1.738500000000000000e+07	2.300000000000000000e+01
1.739000000000000000e+07	2.300000000000000000e+01
1.740000000000000000e+07	2.300000000000000000e+01
1.740500000000000000e+07	2.300000000000000000e+01
1.741000000000000000e+07	2.300000000000000000e+01
1.741500000000000000e+07	2.300000000000000000e+01
1.742000000000000000e+07	2.300000000000000000e+01
1.742500000000000000e+07	2.300000000000000000e+01
1.743000000000000000e+07	2.300000000000000000e+01
1.743500000000000000e+07	2.300000000000000000e+01
1.744000000000000000e+07	2.300000000000000000e+01
1.744500000000000000e+07	2.300000000000000000e+01
1.745000000000000000e+07	2.300000000000000000e+01
1.745500000000000000e+07	2.300000000000000000e+01
1.746000000000000000e+07	2.300000000000000000e+01
1.746500000000000000e+07	2.300000000000000000e+01
1.747000000000000000e+07	2.300000000000000000e+01
1.747500000000000000e+07	2.300000000000000000e+01
1.748000000000000000e+07	2.300000000000000000e+01
1.748500000000000000e+07	2.300000000000000000e+01
1.749000000000000000e+07	2.300000000000000000e+01
1.749500000000000000e+07	2.300000000000000000e+01
1.750000000000000000e+07	2.300000000000000000e+01
1.750500000000000000e+07	2.300000000000000000e+01
1.751000000000000000e+07	2.300000000000000000e+01
1.751500000000000000e+07	2.300000000000000000e+01
1.752000000000000000e+07	2.300000000000000000e+01
1.752500000000000000e+07	2.300000000000000000e+01
1.753000000000000000e+07	2.300000000000000000e+01
1.753500000000000000e+07	2.300000000000000000e+01
1.754000000000000000e+07	2.300000000000000000e+01
1.754500000000000000e+07	2.300000000000000000e+01
1.755000000000000000e+07	2.300000000000000000e+01
1.755500000000000000e+07	2.300000000000000000e+01
1.756000000000000000e+07	2.300000000000000000e+01
1.756500000000000000e+07	2.300000000000000000e+01
1.757000000000000000e+07	2.300000000000000000e+01
1.757500000000000000e+07	2.300000000000000000e+01
1.758000000000000000e+07	2.300000000000000000e+01
1.758500000000000000e+07	2.300000000000000000e+01
1.759000000000000000e+07	2.300000000000000000e+01
1.759500000000000000e+07	2.300000000000000000e+01
1.760000000000000000e+07	2.300000000000000000e+01
1.760500000000000000e+07	2.300000000000000000e+01
1.761000000000000000e+07	2.300000000000000000e+01
1.761500000000000000e+07	2.300000000000000000e+01
1.762000000000000000e+07	2.300000000000000000e+01
1.762500000000000000e+07	2.300000000000000000e+01
1.763000000000000000e+07	2.300000000000000000e+01
1.763500000000000000e+07	2.300000000000000000e+01
1.764000000000000000e+07	2.300000000000000000e+01
1.764500000000000000e+07	2.300000000000000000e+01
1.765000000000000000e+07	2.300000000000000000e+01
1.765500000000000000e+07	2.300000000000000000e+01
1.766000000000000000e+07	2.300000000000000000e+01
1.766500000000000000e+07	2.300000000000000000e+01
1.767000000000000000e+07	2.300000000000000000e+01
1.767500000000000000e+07	2.300000000000000000e+01
1.768000000000000000e+07	2.300000000000000000e+01
1.768500000000000000e+07	2.300000000000000000e+01
1.769000000000000000e+07	2.300000000000000000e+01
1.769500000000000000e+07	2.300000000000000000e+01
1.770000000000000000e+07	2.300000000000000000e+01
1.770500000000000000e+07	2.300000000000000000e+01
1.771000000000000000e+07	2.300000000000000000e+01
1.771500000000000000e+07	2.300000000000000000e+01
1.772000000000000000e+07	2.300000000000000000e+01
1.772500000000000000e+07	2.300000000000000000e+01
1.773000000000000000e+07	2.300000000000000000e+01
1.775500000000000000e+07	2.300000000000000000e+01
1.776000000000000000e+07	2.300000000000000000e+01
1.776500000000000000e+07	2.300000000000000000e+01
1.777000000000000000e+07	2.300000000000000000e+01
1.777500000000000000e+07	2.300000000000000000e+01
1.778000000000000000e+07	2.300000000000000000e+01
1.778500000000000000e+07	2.300000000000000000e+01
1.779000000000000000e+07	2.300000000000000000e+01
1.779500000000000000e+07	2.300000000000000000e+01
1.780000000000000000e+07	2.300000000000000000e+01
1.780500000000000000e+07	2.300000000000000000e+01
1.781000000000000000e+07	2.300000000000000000e+01
1.781500000000000000e+07	2.300000000000000000e+01
1.782000000000000000e+07	2.300000000000000000e+01
1.782500000000000000e+07	2.300000000000000000e+01
1.783000000000000000e+07	2.300000000000000000e+01
1.783500000000000000e+07	2.300000000000000000e+01
1.784000000000000000e+07	2.300000000000000000e+01
1.784500000000000000e+07	2.300000000000000000e+01
1.785000000000000000e+07	2.300000000000000000e+01
1.785500000000000000e+07	2.300000000000000000e+01
1.786000000000000000e+07	2.300000000000000000e+01
1.786500000000000000e+07	2.300000000000000000e+01
1.787000000000000000e+07	2.300000000000000000e+01
1.787500000000000000e+07	2.300000000000000000e+01
1.788000000000000000e+07	2.300000000000000000e+01
1.788500000000000000e+07	2.300000000000000000e+01
1.789000000000000000e+07	2.300000000000000000e+01
1.789500000000000000e+07	2.300000000000000000e+01
1.790000000000000000e+07	2.300000000000000000e+01
1.790500000000000000e+07	2.300000000000000000e+01
1.791000000000000000e+07	2.300000000000000000e+01
1.791500000000000000e+07	2.300000000000000000e+01
1.792000000000000000e+07	2.300000000000000000e+01
1.792500000000000000e+07	2.300000000000000000e+01
1.793000000000000000e+07	2.300000000000000000e+01
1.793500000000000000e+07	2.300000000000000000e+01
1.794000000000000000e+07	2.300000000000000000e+01
1.794500000000000000e+07	2.300000000000000000e+01
1.795000000000000000e+07	2.300000000000000000e+01
1.795500000000000000e+07	2.300000000000000000e+01
1.796000000000000000e+07	2.300000000000000000e+01
1.796500000000000000e+07	2.300000000000000000e+01
1.797000000000000000e+07	2.300000000000000000e+01
1.797500000000000000e+07	2.300000000000000000e+01
1.798000000000000000e+07	2.300000000000000000e+01
1.798500000000000000e+07	2.300000000000000000e+01
1.799000000000000000e+07	2.300000000000000000e+01
1.799500000000000000e+07	2.300000000000000000e+01
1.800000000000000000e+07	2.300000000000000000e+01
1.800500000000000000e+07	2.300000000000000000e+01
1.801000000000000000e+07	2.300000000000000000e+01
1.801500000000000000e+07	2.300000000000000000e+01
1.802000000000000000e+07	2.300000000000000000e+01
1.802500000000000000e+07	2.300000000000000000e+01
1.803000000000000000e+07	2.300000000000000000e+01
1.803500000000000000e+07	2.300000000000000000e+01
1.804000000000000000e+07	2.300000000000000000e+01
1.804500000000000000e+07	2.300000000000000000e+01
1.805000000000000000e+07	2.300000000000000000e+01
1.805500000000000000e+07	2.300000000000000000e+01
1.806000000000000000e+07	2.300000000000000000e+01
1.806500000000000000e+07	2.300000000000000000e+01
1.807000000000000000e+07	2.300000000000000000e+01
1.807500000000000000e+07	2.300000000000000000e+01
1.808000000000000000e+07	2.300000000000000000e+01
1.808500000000000000e+07	2.300000000000000000e+01
1.809000000000000000e+07	2.300000000000000000e+01
1.809500000000000000e+07	2.300000000000000000e+01
1.810000000000000000e+07	2.300000000000000000e+01
1.810500000000000000e+07	2.300000000000000000e+01
1.811000000000000000e+07	2.300000000000000000e+01
1.811500000000000000e+07	2.300000000000000000e+01
1.812000000000000000e+07	2.300000000000000000e+01
1.812500000000000000e+07	2.300000000000000000e+01
1.813000000000000000e+07	2.300000000000000000e+01
1.813500000000000000e+07	2.300000000000000000e+01
1.814000000000000000e+07	2.300000000000000000e+01
1.814500000000000000e+07	2.300000000000000000e+01
1.815000000000000000e+07	2.300000000000000000e+01
1.815500000000000000e+07	2.300000000000000000e+01
1.816000000000000000e+07	2.300000000000000000e+01
1.816500000000000000e+07	2.300000000000000000e+01
1.817000000000000000e+07	2.300000000000000000e+01
1.817500000000000000e+07	2.300000000000000000e+01
1.818000000000000000e+07	2.300000000000000000e+01
1.818500000000000000e+07	2.300000000000000000e+01
1.819000000000000000e+07	2.300000000000000000e+01
1.819500000000000000e+07	2.300000000000000000e+01
1.820000000000000000e+07	2.300000000000000000e+01
1.820500000000000000e+07	2.300000000000000000e+01
1.821000000000000000e+07	2.300000000000000000e+01
1.821500000000000000e+07	2.300000000000000000e+01
1.822000000000000000e+07	2.300000000000000000e+01
1.822500000000000000e+07	2.300000000000000000e+01
1.823000000000000000e+07	2.300000000000000000e+01
1.823500000000000000e+07	2.300000000000000000e+01
1.824000000000000000e+07	2.300000000000000000e+01
1.824500000000000000e+07	2.300000000000000000e+01
1.825000000000000000e+07	2.300000000000000000e+01
1.825500000000000000e+07	2.300000000000000000e+01
1.826000000000000000e+07	2.300000000000000000e+01
1.826500000000000000e+07	2.300000000000000000e+01
1.827000000000000000e+07	2.300000000000000000e+01
1.827500000000000000e+07	2.300000000000000000e+01
1.828000000000000000e+07	2.300000000000000000e+01
1.828500000000000000e+07	2.300000000000000000e+01
1.829000000000000000e+07	2.300000000000000000e+01
1.829500000000000000e+07	2.300000000000000000e+01
1.830000000000000000e+07	2.300000000000000000e+01
1.830500000000000000e+07	2.300000000000000000e+01
1.831000000000000000e+07	2.300000000000000000e+01
1.831500000000000000e+07	2.300000000000000000e+01
1.832000000000000000e+07	2.300000000000000000e+01
1.832500000000000000e+07	2.300000000000000000e+01
1.833000000000000000e+07	2.300000000000000000e+01
1.833500000000000000e+07	2.300000000000000000e+01
1.834000000000000000e+07	2.300000000000000000e+01
1.834500000000000000e+07	2.300000000000000000e+01
1.835000000000000000e+07	2.300000000000000000e+01
1.835500000000000000e+07	2.300000000000000000e+01
1.836000000000000000e+07	2.300000000000000000e+01
1.836500000000000000e+07	2.300000000000000000e+01
1.837000000000000000e+07	2.300000000000000000e+01
1.837500000000000000e+07	2.300000000000000000e+01
1.838000000000000000e+07	2.300000000000000000e+01
1.838500000000000000e+07	2.300000000000000000e+01
1.839000000000000000e+07	2.300000000000000000e+01
1.839500000000000000e+07	2.300000000000000000e+01
1.840000000000000000e+07	2.300000000000000000e+01
1.840500000000000000e+07	2.300000000000000000e+01
1.841000000000000000e+07	2.300000000000000000e+01
1.841500000000000000e+07	2.300000000000000000e+01
1.842000000000000000e+07	2.300000000000000000e+01
1.842500000000000000e+07	2.300000000000000000e+01
1.843000000000000000e+07	2.300000000000000000e+01
1.843500000000000000e+07	2.300000000000000000e+01
1.844000000000000000e+07	2.300000000000000000e+01
1.844500000000000000e+07	2.300000000000000000e+01
1.845000000000000000e+07	2.300000000000000000e+01
1.845500000000000000e+07	2.300000000000000000e+01
1.846000000000000000e+07	2.300000000000000000e+01
1.846500000000000000e+07	2.300000000000000000e+01
1.847000000000000000e+07	2.300000000000000000e+01
1.847500000000000000e+07	2.300000000000000000e+01
1.848000000000000000e+07	2.300000000000000000e+01
1.848500000000000000e+07	2.300000000000000000e+01
1.849000000000000000e+07	2.300000000000000000e+01
1.849500000000000000e+07	2.300000000000000000e+01
1.850000000000000000e+07	2.300000000000000000e+01
1.850500000000000000e+07	2.300000000000000000e+01
1.851000000000000000e+07	2.300000000000000000e+01
1.851500000000000000e+07	2.300000000000000000e+01
1.852000000000000000e+07	2.300000000000000000e+01
1.852500000000000000e+07	2.300000000000000000e+01
1.853000000000000000e+07	2.300000000000000000e+01
1.853500000000000000e+07	2.300000000000000000e+01
1.854000000000000000e+07	2.300000000000000000e+01
1.854500000000000000e+07	2.300000000000000000e+01
1.855000000000000000e+07	2.300000000000000000e+01
1.855500000000000000e+07	2.300000000000000000e+01
1.856000000000000000e+07	2.300000000000000000e+01
1.856500000000000000e+07	2.300000000000000000e+01
1.857000000000000000e+07	2.300000000000000000e+01
1.857500000000000000e+07	2.300000000000000000e+01
1.858000000000000000e+07	2.300000000000000000e+01
1.858500000000000000e+07	2.300000000000000000e+01
1.859500000000000000e+07	2.300000000000000000e+01
1.860000000000000000e+07	2.300000000000000000e+01
1.860500000000000000e+07	2.300000000000000000e+01
1.861000000000000000e+07	2.300000000000000000e+01
1.861500000000000000e+07	2.300000000000000000e+01
1.862000000000000000e+07	2.300000000000000000e+01
1.862500000000000000e+07	2.300000000000000000e+01
1.863000000000000000e+07	2.300000000000000000e+01
1.864000000000000000e+07	2.300000000000000000e+01
1.864500000000000000e+07	2.300000000000000000e+01
1.865000000000000000e+07	2.300000000000000000e+01
1.865500000000000000e+07	2.300000000000000000e+01
1.866000000000000000e+07	2.300000000000000000e+01
1.866500000000000000e+07	2.300000000000000000e+01
1.867000000000000000e+07	2.300000000000000000e+01
1.867500000000000000e+07	2.300000000000000000e+01
1.868000000000000000e+07	2.300000000000000000e+01
1.868500000000000000e+07	2.300000000000000000e+01
1.869000000000000000e+07	2.300000000000000000e+01
1.869500000000000000e+07	2.300000000000000000e+01
1.870000000000000000e+07	2.300000000000000000e+01
1.870500000000000000e+07	2.300000000000000000e+01
1.871000000000000000e+07	2.300000000000000000e+01
1.871500000000000000e+07	2.300000000000000000e+01
1.872000000000000000e+07	2.300000000000000000e+01
1.872500000000000000e+07	2.300000000000000000e+01
1.873000000000000000e+07	2.300000000000000000e+01
1.873500000000000000e+07	2.300000000000000000e+01
1.874000000000000000e+07	2.300000000000000000e+01
1.874500000000000000e+07	2.300000000000000000e+01
1.875000000000000000e+07	2.300000000000000000e+01
1.875500000000000000e+07	2.300000000000000000e+01
1.876000000000000000e+07	2.300000000000000000e+01
1.876500000000000000e+07	2.300000000000000000e+01
1.877000000000000000e+07	2.300000000000000000e+01
1.877500000000000000e+07	2.300000000000000000e+01
1.878000000000000000e+07	2.300000000000000000e+01
1.878500000000000000e+07	2.300000000000000000e+01
1.879000000000000000e+07	2.300000000000000000e+01
1.879500000000000000e+07	2.300000000000000000e+01
1.880000000000000000e+07	2.300000000000000000e+01
1.880500000000000000e+07	2.300000000000000000e+01
1.881000000000000000e+07	2.300000000000000000e+01
1.881500000000000000e+07	2.300000000000000000e+01
1.882000000000000000e+07	2.300000000000000000e+01
1.882500000000000000e+07	2.300000000000000000e+01
1.883000000000000000e+07	2.300000000000000000e+01
1.883500000000000000e+07	2.300000000000000000e+01
1.884000000000000000e+07	2.300000000000000000e+01
1.884500000000000000e+07	2.300000000000000000e+01
1.885000000000000000e+07	2.300000000000000000e+01
1.885500000000000000e+07	2.300000000000000000e+01
1.886000000000000000e+07	2.300000000000000000e+01
1.886500000000000000e+07	2.300000000000000000e+01
1.887000000000000000e+07	2.300000000000000000e+01
1.887500000000000000e+07	2.300000000000000000e+01
1.888000000000000000e+07	2.300000000000000000e+01
1.888500000000000000e+07	2.300000000000000000e+01
1.889000000000000000e+07	2.300000000000000000e+01
1.889500000000000000e+07	2.300000000000000000e+01
1.890000000000000000e+07	2.300000000000000000e+01
1.890500000000000000e+07	2.300000000000000000e+01
1.891000000000000000e+07	2.300000000000000000e+01
1.891500000000000000e+07	2.300000000000000000e+01
1.892000000000000000e+07	2.300000000000000000e+01
1.892500000000000000e+07	2.300000000000000000e+01
1.893000000000000000e+07	2.300000000000000000e+01
1.893500000000000000e+07	2.300000000000000000e+01
1.894000000000000000e+07	2.300000000000000000e+01
1.894500000000000000e+07	2.300000000000000000e+01
1.895000000000000000e+07	2.300000000000000000e+01
1.895500000000000000e+07	2.300000000000000000e+01
1.896000000000000000e+07	2.300000000000000000e+01
1.896500000000000000e+07	2.300000000000000000e+01
1.897000000000000000e+07	2.300000000000000000e+01
1.897500000000000000e+07	2.300000000000000000e+01
1.898000000000000000e+07	2.300000000000000000e+01
1.898500000000000000e+07	2.300000000000000000e+01
1.899000000000000000e+07	2.300000000000000000e+01
1.899500000000000000e+07	2.300000000000000000e+01
1.900000000000000000e+07	2.300000000000000000e+01
1.900500000000000000e+07	2.300000000000000000e+01
1.901000000000000000e+07	2.300000000000000000e+01
1.901500000000000000e+07	2.300000000000000000e+01
1.902000000000000000e+07	2.300000000000000000e+01
1.902500000000000000e+07	2.300000000000000000e+01
1.903000000000000000e+07	2.300000000000000000e+01
1.903500000000000000e+07	2.300000000000000000e+01
1.904000000000000000e+07	2.300000000000000000e+01
1.904500000000000000e+07	2.300000000000000000e+01
1.905000000000000000e+07	2.300000000000000000e+01
1.905500000000000000e+07	2.300000000000000000e+01
1.906000000000000000e+07	2.300000000000000000e+01
1.906500000000000000e+07	2.300000000000000000e+01
1.907000000000000000e+07	2.300000000000000000e+01
1.907500000000000000e+07	2.300000000000000000e+01
1.908000000000000000e+07	2.300000000000000000e+01
1.908500000000000000e+07	2.300000000000000000e+01
1.909000000000000000e+07	2.300000000000000000e+01
1.909500000000000000e+07	2.300000000000000000e+01
1.910000000000000000e+07	2.300000000000000000e+01
1.910500000000000000e+07	2.300000000000000000e+01
1.911000000000000000e+07	2.300000000000000000e+01
1.911500000000000000e+07	2.300000000000000000e+01
1.912000000000000000e+07	2.300000000000000000e+01
1.912500000000000000e+07	2.300000000000000000e+01
1.913000000000000000e+07	2.300000000000000000e+01
1.913500000000000000e+07	2.300000000000000000e+01
1.914000000000000000e+07	2.300000000000000000e+01
1.914500000000000000e+07	2.300000000000000000e+01
1.915000000000000000e+07	2.300000000000000000e+01
1.915500000000000000e+07	2.300000000000000000e+01
1.916000000000000000e+07	2.300000000000000000e+01
1.916500000000000000e+07	2.300000000000000000e+01
1.917000000000000000e+07	2.300000000000000000e+01
1.917500000000000000e+07	2.300000000000000000e+01
1.918000000000000000e+07	2.300000000000000000e+01
1.918500000000000000e+07	2.300000000000000000e+01
1.919000000000000000e+07	2.300000000000000000e+01
1.919500000000000000e+07	2.300000000000000000e+01
1.920000000000000000e+07	2.300000000000000000e+01
1.920500000000000000e+07	2.300000000000000000e+01
1.921000000000000000e+07	2.300000000000000000e+01
1.921500000000000000e+07	2.300000000000000000e+01
1.922000000000000000e+07	2.300000000000000000e+01
1.922500000000000000e+07	2.300000000000000000e+01
1.923000000000000000e+07	2.300000000000000000e+01
1.923500000000000000e+07	2.300000000000000000e+01
1.924000000000000000e+07	2.300000000000000000e+01
1.924500000000000000e+07	2.300000000000000000e+01
1.925000000000000000e+07	2.300000000000000000e+01
1.925500000000000000e+07	2.300000000000000000e+01
1.926000000000000000e+07	2.300000000000000000e+01
1.926500000000000000e+07	2.300000000000000000e+01
1.927000000000000000e+07	2.300000000000000000e+01
1.927500000000000000e+07	2.300000000000000000e+01
1.928000000000000000e+07	2.300000000000000000e+01
1.928500000000000000e+07	2.300000000000000000e+01
1.929000000000000000e+07	2.300000000000000000e+01
1.929500000000000000e+07	2.300000000000000000e+01
1.930000000000000000e+07	2.300000000000000000e+01
1.930500000000000000e+07	2.300000000000000000e+01
1.931000000000000000e+07	2.300000000000000000e+01
1.931500000000000000e+07	2.300000000000000000e+01
1.932000000000000000e+07	2.300000000000000000e+01
1.932500000000000000e+07	2.300000000000000000e+01
1.933000000000000000e+07	2.300000000000000000e+01
1.933500000000000000e+07	2.300000000000000000e+01
1.934000000000000000e+07	2.300000000000000000e+01
1.934500000000000000e+07	2.300000000000000000e+01
1.935000000000000000e+07	2.300000000000000000e+01
1.935500000000000000e+07	2.300000000000000000e+01
1.936000000000000000e+07	2.300000000000000000e+01
1.936500000000000000e+07	2.300000000000000000e+01
1.937000000000000000e+07	2.300000000000000000e+01
1.937500000000000000e+07	2.300000000000000000e+01
1.938000000000000000e+07	2.300000000000000000e+01
1.938500000000000000e+07	2.300000000000000000e+01
1.939000000000000000e+07	2.300000000000000000e+01
1.939500000000000000e+07	2.300000000000000000e+01
1.940000000000000000e+07	2.300000000000000000e+01
1.940500000000000000e+07	2.300000000000000000e+01
1.941000000000000000e+07	2.300000000000000000e+01
1.941500000000000000e+07	2.300000000000000000e+01
1.942000000000000000e+07	2.300000000000000000e+01
1.942500000000000000e+07	2.300000000000000000e+01
1.943000000000000000e+07	2.300000000000000000e+01
1.943500000000000000e+07	2.300000000000000000e+01
1.944000000000000000e+07	2.300000000000000000e+01
1.944500000000000000e+07	2.300000000000000000e+01
1.945000000000000000e+07	2.300000000000000000e+01
1.945500000000000000e+07	2.300000000000000000e+01
1.946000000000000000e+07	2.300000000000000000e+01
1.946500000000000000e+07	2.300000000000000000e+01
1.947000000000000000e+07	2.300000000000000000e+01
1.947500000000000000e+07	2.300000000000000000e+01
1.948000000000000000e+07	2.300000000000000000e+01
1.948500000000000000e+07	2.300000000000000000e+01
1.949000000000000000e+07	2.300000000000000000e+01
1.949500000000000000e+07	2.300000000000000000e+01
1.950000000000000000e+07	2.300000000000000000e+01
1.950500000000000000e+07	2.300000000000000000e+01
1.951000000000000000e+07	2.300000000000000000e+01
1.951500000000000000e+07	2.300000000000000000e+01
1.952000000000000000e+07	2.300000000000000000e+01
1.952500000000000000e+07	2.300000000000000000e+01
1.953000000000000000e+07	2.300000000000000000e+01
1.953500000000000000e+07	2.300000000000000000e+01
1.954000000000000000e+07	2.300000000000000000e+01
1.954500000000000000e+07	2.300000000000000000e+01
1.955000000000000000e+07	2.300000000000000000e+01
1.955500000000000000e+07	2.300000000000000000e+01
1.956000000000000000e+07	2.300000000000000000e+01
1.956500000000000000e+07	2.300000000000000000e+01
1.957000000000000000e+07	2.300000000000000000e+01
1.957500000000000000e+07	2.300000000000000000e+01
1.958000000000000000e+07	2.300000000000000000e+01
1.958500000000000000e+07	2.300000000000000000e+01
1.959000000000000000e+07	2.300000000000000000e+01
1.959500000000000000e+07	2.300000000000000000e+01
1.960000000000000000e+07	2.300000000000000000e+01
1.960500000000000000e+07	2.300000000000000000e+01
1.961000000000000000e+07	2.300000000000000000e+01
1.961500000000000000e+07	2.300000000000000000e+01
1.962000000000000000e+07	2.300000000000000000e+01
1.962500000000000000e+07	2.300000000000000000e+01
1.963000000000000000e+07	2.300000000000000000e+01
1.963500000000000000e+07	2.300000000000000000e+01
1.964000000000000000e+07	2.300000000000000000e+01
1.964500000000000000e+07	2.300000000000000000e+01
1.965000000000000000e+07	2.300000000000000000e+01
1.965500000000000000e+07	2.300000000000000000e+01
1.966000000000000000e+07	2.300000000000000000e+01
1.966500000000000000e+07	2.300000000000000000e+01
1.967000000000000000e+07	2.300000000000000000e+01
1.967500000000000000e+07	2.300000000000000000e+01
1.968000000000000000e+07	2.300000000000000000e+01
1.968500000000000000e+07	2.300000000000000000e+01
1.969000000000000000e+07	2.300000000000000000e+01
1.969500000000000000e+07	2.300000000000000000e+01
1.970000000000000000e+07	2.300000000000000000e+01
1.970500000000000000e+07	2.300000000000000000e+01
1.971000000000000000e+07	2.300000000000000000e+01
1.971500000000000000e+07	2.300000000000000000e+01
1.972000000000000000e+07	2.300000000000000000e+01
1.972500000000000000e+07	2.300000000000000000e+01
1.973000000000000000e+07	2.300000000000000000e+01
1.973500000000000000e+07	2.300000000000000000e+01
1.974000000000000000e+07	2.300000000000000000e+01
1.974500000000000000e+07	2.300000000000000000e+01
1.975000000000000000e+07	2.300000000000000000e+01
1.975500000000000000e+07	2.300000000000000000e+01
1.976000000000000000e+07	2.300000000000000000e+01
1.976500000000000000e+07	2.300000000000000000e+01
1.977000000000000000e+07	2.300000000000000000e+01
1.977500000000000000e+07	2.300000000000000000e+01
1.978000000000000000e+07	2.300000000000000000e+01
1.978500000000000000e+07	2.300000000000000000e+01
1.979000000000000000e+07	2.300000000000000000e+01
1.979500000000000000e+07	2.300000000000000000e+01
1.980000000000000000e+07	2.300000000000000000e+01
1.980500000000000000e+07	2.300000000000000000e+01
1.981000000000000000e+07	2.300000000000000000e+01
1.981500000000000000e+07	2.300000000000000000e+01
1.982000000000000000e+07	2.300000000000000000e+01
1.982500000000000000e+07	2.300000000000000000e+01
1.983000000000000000e+07	2.300000000000000000e+01
1.983500000000000000e+07	2.300000000000000000e+01
1.984000000000000000e+07	2.300000000000000000e+01
1.984500000000000000e+07	2.300000000000000000e+01
1.985000000000000000e+07	2.300000000000000000e+01
1.985500000000000000e+07	2.300000000000000000e+01
1.986000000000000000e+07	2.300000000000000000e+01
1.986500000000000000e+07	2.300000000000000000e+01
1.987000000000000000e+07	2.300000000000000000e+01
1.987500000000000000e+07	2.300000000000000000e+01
1.988000000000000000e+07	2.300000000000000000e+01
1.988500000000000000e+07	2.300000000000000000e+01
1.989000000000000000e+07	2.300000000000000000e+01
1.989500000000000000e+07	2.300000000000000000e+01
1.990000000000000000e+07	2.300000000000000000e+01
1.990500000000000000e+07	2.300000000000000000e+01
1.991000000000000000e+07	2.300000000000000000e+01
1.991500000000000000e+07	2.300000000000000000e+01
1.992000000000000000e+07	2.300000000000000000e+01
1.992500000000000000e+07	2.300000000000000000e+01
1.993000000000000000e+07	2.300000000000000000e+01
1.993500000000000000e+07	2.300000000000000000e+01
1.994000000000000000e+07	2.300000000000000000e+01
1.994500000000000000e+07	2.300000000000000000e+01
1.995000000000000000e+07	2.300000000000000000e+01
1.995500000000000000e+07	2.300000000000000000e+01
1.996000000000000000e+07	2.300000000000000000e+01
1.996500000000000000e+07	2.300000000000000000e+01
1.997000000000000000e+07	2.300000000000000000e+01
1.997500000000000000e+07	2.300000000000000000e+01
2.006000000000000000e+07	2.300000000000000000e+01
2.006500000000000000e+07	2.300000000000000000e+01
2.007000000000000000e+07	2.300000000000000000e+01
2.007500000000000000e+07	2.300000000000000000e+01
2.008000000000000000e+07	2.300000000000000000e+01
2.008500000000000000e+07	2.300000000000000000e+01
2.009000000000000000e+07	2.300000000000000000e+01
2.009500000000000000e+07	2.300000000000000000e+01
2.010000000000000000e+07	2.300000000000000000e+01
2.010500000000000000e+07	2.300000000000000000e+01
2.011000000000000000e+07	2.300000000000000000e+01
2.011500000000000000e+07	2.300000000000000000e+01
2.012000000000000000e+07	2.300000000000000000e+01
2.012500000000000000e+07	2.300000000000000000e+01
2.013000000000000000e+07	2.300000000000000000e+01
2.013500000000000000e+07	2.300000000000000000e+01
2.014000000000000000e+07	2.300000000000000000e+01
2.014500000000000000e+07	2.300000000000000000e+01
2.015000000000000000e+07	2.300000000000000000e+01
2.015500000000000000e+07	2.300000000000000000e+01
2.016000000000000000e+07	2.300000000000000000e+01
2.016500000000000000e+07	2.300000000000000000e+01
2.017000000000000000e+07	2.300000000000000000e+01
2.017500000000000000e+07	2.300000000000000000e+01
2.018000000000000000e+07	2.300000000000000000e+01
2.018500000000000000e+07	2.300000000000000000e+01
2.019000000000000000e+07	2.300000000000000000e+01
2.019500000000000000e+07	2.300000000000000000e+01
2.021500000000000000e+07	2.300000000000000000e+01
2.022000000000000000e+07	2.300000000000000000e+01
2.022500000000000000e+07	2.300000000000000000e+01
2.023000000000000000e+07	2.300000000000000000e+01
2.023500000000000000e+07	2.300000000000000000e+01
2.024000000000000000e+07	2.300000000000000000e+01
2.024500000000000000e+07	2.300000000000000000e+01
2.025000000000000000e+07	2.300000000000000000e+01
2.025500000000000000e+07	2.300000000000000000e+01
2.026000000000000000e+07	2.300000000000000000e+01
2.026500000000000000e+07	2.300000000000000000e+01
2.027000000000000000e+07	2.300000000000000000e+01
2.027500000000000000e+07	2.300000000000000000e+01
2.028000000000000000e+07	2.300000000000000000e+01
2.028500000000000000e+07	2.300000000000000000e+01
2.029000000000000000e+07	2.300000000000000000e+01
2.029500000000000000e+07	2.300000000000000000e+01
2.030000000000000000e+07	2.300000000000000000e+01
2.030500000000000000e+07	2.300000000000000000e+01
2.031000000000000000e+07	2.300000000000000000e+01
2.031500000000000000e+07	2.300000000000000000e+01
2.032000000000000000e+07	2.300000000000000000e+01
2.032500000000000000e+07	2.300000000000000000e+01
2.033000000000000000e+07	2.300000000000000000e+01
2.033500000000000000e+07	2.300000000000000000e+01
2.034000000000000000e+07	2.300000000000000000e+01
2.034500000000000000e+07	2.300000000000000000e+01
2.035000000000000000e+07	2.300000000000000000e+01
2.035500000000000000e+07	2.300000000000000000e+01
2.036000000000000000e+07	2.300000000000000000e+01
2.036500000000000000e+07	2.300000000000000000e+01
2.037000000000000000e+07	2.300000000000000000e+01
2.037500000000000000e+07	2.300000000000000000e+01
2.038000000000000000e+07	2.300000000000000000e+01
2.038500000000000000e+07	2.300000000000000000e+01
2.039000000000000000e+07	2.300000000000000000e+01
2.039500000000000000e+07	2.300000000000000000e+01
2.040000000000000000e+07	2.300000000000000000e+01
2.040500000000000000e+07	2.300000000000000000e+01
2.041000000000000000e+07	2.300000000000000000e+01
2.041500000000000000e+07	2.300000000000000000e+01
2.042000000000000000e+07	2.300000000000000000e+01
2.042500000000000000e+07	2.300000000000000000e+01
2.043000000000000000e+07	2.300000000000000000e+01
2.043500000000000000e+07	2.300000000000000000e+01
2.044000000000000000e+07	2.300000000000000000e+01
2.044500000000000000e+07	2.300000000000000000e+01
2.045000000000000000e+07	2.300000000000000000e+01
2.045500000000000000e+07	2.300000000000000000e+01
2.046000000000000000e+07	2.300000000000000000e+01
2.046500000000000000e+07	2.300000000000000000e+01
2.047000000000000000e+07	2.300000000000000000e+01
2.047500000000000000e+07	2.300000000000000000e+01
2.048000000000000000e+07	2.300000000000000000e+01
2.048500000000000000e+07	2.300000000000000000e+01
2.049000000000000000e+07	2.300000000000000000e+01
2.049500000000000000e+07	2.300000000000000000e+01
2.050000000000000000e+07	2.300000000000000000e+01
2.050500000000000000e+07	2.300000000000000000e+01
2.051000000000000000e+07	2.300000000000000000e+01
2.051500000000000000e+07	2.300000000000000000e+01
2.052000000000000000e+07	2.300000000000000000e+01
2.052500000000000000e+07	2.300000000000000000e+01
2.053000000000000000e+07	2.300000000000000000e+01
2.053500000000000000e+07	2.300000000000000000e+01
2.054000000000000000e+07	2.300000000000000000e+01
2.054500000000000000e+07	2.300000000000000000e+01
2.055000000000000000e+07	2.300000000000000000e+01
2.055500000000000000e+07	2.300000000000000000e+01
2.056000000000000000e+07	2.300000000000000000e+01
2.056500000000000000e+07	2.300000000000000000e+01
2.057000000000000000e+07	2.300000000000000000e+01
2.057500000000000000e+07	2.300000000000000000e+01
2.058000000000000000e+07	2.300000000000000000e+01
2.058500000000000000e+07	2.300000000000000000e+01
2.059000000000000000e+07	2.300000000000000000e+01
2.059500000000000000e+07	2.300000000000000000e+01
2.060000000000000000e+07	2.300000000000000000e+01
2.060500000000000000e+07	2.300000000000000000e+01
2.061000000000000000e+07	2.300000000000000000e+01
2.061500000000000000e+07	2.300000000000000000e+01
2.062000000000000000e+07	2.300000000000000000e+01
2.062500000000000000e+07	2.300000000000000000e+01
2.063000000000000000e+07	2.300000000000000000e+01
2.063500000000000000e+07	2.300000000000000000e+01
2.064000000000000000e+07	2.300000000000000000e+01
2.064500000000000000e+07	2.300000000000000000e+01
2.065000000000000000e+07	2.300000000000000000e+01
2.065500000000000000e+07	2.300000000000000000e+01
2.066000000000000000e+07	2.300000000000000000e+01
2.086000000000000000e+07	2.300000000000000000e+01
2.094000000000000000e+07	2.300000000000000000e+01
2.095500000000000000e+07	2.300000000000000000e+01
2.096000000000000000e+07	2.300000000000000000e+01
2.096500000000000000e+07	2.300000000000000000e+01
2.097000000000000000e+07	2.300000000000000000e+01
2.097500000000000000e+07	2.300000000000000000e+01
2.098000000000000000e+07	2.300000000000000000e+01
2.098500000000000000e+07	2.300000000000000000e+01
2.099000000000000000e+07	2.300000000000000000e+01
2.099500000000000000e+07	2.300000000000000000e+01
2.100000000000000000e+07	2.300000000000000000e+01
2.100500000000000000e+07	2.300000000000000000e+01
2.101000000000000000e+07	2.300000000000000000e+01
2.101500000000000000e+07	2.300000000000000000e+01
2.102000000000000000e+07	2.300000000000000000e+01
2.102500000000000000e+07	2.300000000000000000e+01
2.103000000000000000e+07	2.300000000000000000e+01
2.103500000000000000e+07	2.300000000000000000e+01
2.104000000000000000e+07	2.300000000000000000e+01
2.104500000000000000e+07	2.300000000000000000e+01
2.105000000000000000e+07	2.300000000000000000e+01
2.105500000000000000e+07	2.300000000000000000e+01
2.106000000000000000e+07	2.300000000000000000e+01
2.106500000000000000e+07	2.300000000000000000e+01
2.107000000000000000e+07	2.300000000000000000e+01
2.107500000000000000e+07	2.300000000000000000e+01
2.108000000000000000e+07	2.300000000000000000e+01
2.108500000000000000e+07	2.300000000000000000e+01
2.109000000000000000e+07	2.300000000000000000e+01
2.109500000000000000e+07	2.300000000000000000e+01
2.110000000000000000e+07	2.300000000000000000e+01
2.110500000000000000e+07	2.300000000000000000e+01
2.111000000000000000e+07	2.300000000000000000e+01
2.111500000000000000e+07	2.300000000000000000e+01
2.112000000000000000e+07	2.300000000000000000e+01
2.112500000000000000e+07	2.300000000000000000e+01
2.113000000000000000e+07	2.300000000000000000e+01
2.113500000000000000e+07	2.300000000000000000e+01
2.114000000000000000e+07	2.300000000000000000e+01
2.114500000000000000e+07	2.300000000000000000e+01
2.115000000000000000e+07	2.300000000000000000e+01
2.115500000000000000e+07	2.300000000000000000e+01
2.116000000000000000e+07	2.300000000000000000e+01
2.116500000000000000e+07	2.300000000000000000e+01
2.117000000000000000e+07	2.300000000000000000e+01
2.117500000000000000e+07	2.300000000000000000e+01
2.118000000000000000e+07	2.300000000000000000e+01
2.118500000000000000e+07	2.300000000000000000e+01
2.119000000000000000e+07	2.300000000000000000e+01
2.119500000000000000e+07	2.300000000000000000e+01
2.120000000000000000e+07	2.300000000000000000e+01
2.120500000000000000e+07	2.300000000000000000e+01
2.121000000000000000e+07	2.300000000000000000e+01
2.121500000000000000e+07	2.300000000000000000e+01
2.122000000000000000e+07	2.300000000000000000e+01
2.122500000000000000e+07	2.300000000000000000e+01
2.123000000000000000e+07	2.300000000000000000e+01
2.123500000000000000e+07	2.300000000000000000e+01
2.124000000000000000e+07	2.300000000000000000e+01
2.124500000000000000e+07	2.300000000000000000e+01
2.125000000000000000e+07	2.300000000000000000e+01
2.125500000000000000e+07	2.300000000000000000e+01
2.126000000000000000e+07	2.300000000000000000e+01
2.126500000000000000e+07	2.300000000000000000e+01
2.127000000000000000e+07	2.300000000000000000e+01
2.127500000000000000e+07	2.300000000000000000e+01
2.128000000000000000e+07	2.300000000000000000e+01
2.128500000000000000e+07	2.300000000000000000e+01
2.129000000000000000e+07	2.300000000000000000e+01
2.129500000000000000e+07	2.300000000000000000e+01
2.130000000000000000e+07	2.300000000000000000e+01
2.130500000000000000e+07	2.300000000000000000e+01
2.131000000000000000e+07	2.300000000000000000e+01
2.131500000000000000e+07	2.300000000000000000e+01
2.132000000000000000e+07	2.300000000000000000e+01
2.132500000000000000e+07	2.300000000000000000e+01
2.133000000000000000e+07	2.300000000000000000e+01
2.133500000000000000e+07	2.300000000000000000e+01
2.134000000000000000e+07	2.300000000000000000e+01
2.134500000000000000e+07	2.300000000000000000e+01
2.135000000000000000e+07	2.300000000000000000e+01
2.135500000000000000e+07	2.300000000000000000e+01
2.136000000000000000e+07	2.300000000000000000e+01
2.136500000000000000e+07	2.300000000000000000e+01
2.137000000000000000e+07	2.300000000000000000e+01
2.137500000000000000e+07	2.300000000000000000e+01
2.138000000000000000e+07	2.300000000000000000e+01
2.138500000000000000e+07	2.300000000000000000e+01
2.139000000000000000e+07	2.300000000000000000e+01
2.139500000000000000e+07	2.300000000000000000e+01
2.140000000000000000e+07	2.300000000000000000e+01
2.140500000000000000e+07	2.300000000000000000e+01
2.141000000000000000e+07	2.300000000000000000e+01
2.141500000000000000e+07	2.300000000000000000e+01
2.142000000000000000e+07	2.300000000000000000e+01
2.142500000000000000e+07	2.300000000000000000e+01
2.143000000000000000e+07	2.300000000000000000e+01
2.143500000000000000e+07	2.300000000000000000e+01
2.144000000000000000e+07	2.300000000000000000e+01
2.144500000000000000e+07	2.300000000000000000e+01
2.145000000000000000e+07	2.300000000000000000e+01
2.145500000000000000e+07	2.300000000000000000e+01
2.146000000000000000e+07	2.300000000000000000e+01
2.146500000000000000e+07	2.300000000000000000e+01
2.147000000000000000e+07	2.300000000000000000e+01
2.147500000000000000e+07	2.300000000000000000e+01
2.148000000000000000e+07	2.300000000000000000e+01
2.148500000000000000e+07	2.300000000000000000e+01
2.149000000000000000e+07	2.300000000000000000e+01
2.149500000000000000e+07	2.300000000000000000e+01
2.150000000000000000e+07	2.300000000000000000e+01
2.150500000000000000e+07	2.300000000000000000e+01
2.151000000000000000e+07	2.300000000000000000e+01
2.151500000000000000e+07	2.300000000000000000e+01
2.152000000000000000e+07	2.300000000000000000e+01
2.152500000000000000e+07	2.300000000000000000e+01
2.153000000000000000e+07	2.300000000000000000e+01
2.153500000000000000e+07	2.300000000000000000e+01
2.154000000000000000e+07	2.300000000000000000e+01
2.154500000000000000e+07	2.300000000000000000e+01
2.155000000000000000e+07	2.300000000000000000e+01
2.155500000000000000e+07	2.300000000000000000e+01
2.156000000000000000e+07	2.300000000000000000e+01
2.156500000000000000e+07	2.300000000000000000e+01
2.157000000000000000e+07	2.300000000000000000e+01
2.157500000000000000e+07	2.300000000000000000e+01
2.158000000000000000e+07	2.300000000000000000e+01
2.158500000000000000e+07	2.300000000000000000e+01
2.159000000000000000e+07	2.300000000000000000e+01
2.159500000000000000e+07	2.300000000000000000e+01
2.160000000000000000e+07	2.300000000000000000e+01
2.160500000000000000e+07	2.300000000000000000e+01
2.161000000000000000e+07	2.300000000000000000e+01
2.161500000000000000e+07	2.300000000000000000e+01
2.162000000000000000e+07	2.300000000000000000e+01
2.162500000000000000e+07	2.300000000000000000e+01
2.163000000000000000e+07	2.300000000000000000e+01
2.163500000000000000e+07	2.300000000000000000e+01
2.164000000000000000e+07	2.300000000000000000e+01
2.164500000000000000e+07	2.300000000000000000e+01
2.165000000000000000e+07	2.300000000000000000e+01
2.165500000000000000e+07	2.300000000000000000e+01
2.166000000000000000e+07	2.300000000000000000e+01
2.166500000000000000e+07	2.300000000000000000e+01
2.167000000000000000e+07	2.300000000000000000e+01
2.167500000000000000e+07	2.300000000000000000e+01
2.168000000000000000e+07	2.300000000000000000e+01
2.168500000000000000e+07	2.300000000000000000e+01
2.169000000000000000e+07	2.300000000000000000e+01
2.169500000000000000e+07	2.300000000000000000e+01
2.170000000000000000e+07	2.300000000000000000e+01
2.170500000000000000e+07	2.300000000000000000e+01
2.171000000000000000e+07	2.300000000000000000e+01
2.171500000000000000e+07	2.300000000000000000e+01
2.172000000000000000e+07	2.300000000000000000e+01
2.172500000000000000e+07	2.300000000000000000e+01
2.173000000000000000e+07	2.300000000000000000e+01
2.173500000000000000e+07	2.300000000000000000e+01
2.174000000000000000e+07	2.300000000000000000e+01
2.174500000000000000e+07	2.300000000000000000e+01
2.175000000000000000e+07	2.300000000000000000e+01
2.175500000000000000e+07	2.300000000000000000e+01
2.176000000000000000e+07	2.300000000000000000e+01
2.176500000000000000e+07	2.300000000000000000e+01
2.177000000000000000e+07	2.300000000000000000e+01
2.177500000000000000e+07	2.300000000000000000e+01
2.178000000000000000e+07	2.300000000000000000e+01
2.178500000000000000e+07	2.300000000000000000e+01
2.179000000000000000e+07	2.300000000000000000e+01
2.179500000000000000e+07	2.300000000000000000e+01
2.180000000000000000e+07	2.300000000000000000e+01
2.180500000000000000e+07	2.300000000000000000e+01
2.181000000000000000e+07	2.300000000000000000e+01
2.181500000000000000e+07	2.300000000000000000e+01
2.182000000000000000e+07	2.300000000000000000e+01
2.182500000000000000e+07	2.300000000000000000e+01
2.183000000000000000e+07	2.300000000000000000e+01
2.183500000000000000e+07	2.300000000000000000e+01
2.184000000000000000e+07	2.300000000000000000e+01
2.184500000000000000e+07	2.300000000000000000e+01
2.185000000000000000e+07	2.300000000000000000e+01
2.185500000000000000e+07	2.300000000000000000e+01
2.186000000000000000e+07	2.300000000000000000e+01
2.186500000000000000e+07	2.300000000000000000e+01
2.187000000000000000e+07	2.300000000000000000e+01
2.187500000000000000e+07	2.300000000000000000e+01
2.188000000000000000e+07	2.300000000000000000e+01
2.188500000000000000e+07	2.300000000000000000e+01
2.189000000000000000e+07	2.300000000000000000e+01
2.189500000000000000e+07	2.300000000000000000e+01
2.190000000000000000e+07	2.300000000000000000e+01
2.190500000000000000e+07	2.300000000000000000e+01
2.191000000000000000e+07	2.300000000000000000e+01
2.191500000000000000e+07	2.300000000000000000e+01
2.192000000000000000e+07	2.300000000000000000e+01
2.192500000000000000e+07	2.300000000000000000e+01
2.193000000000000000e+07	2.300000000000000000e+01
2.193500000000000000e+07	2.300000000000000000e+01
2.194000000000000000e+07	2.300000000000000000e+01
2.194500000000000000e+07	2.300000000000000000e+01
2.195000000000000000e+07	2.300000000000000000e+01
2.195500000000000000e+07	2.300000000000000000e+01
2.196000000000000000e+07	2.300000000000000000e+01
2.196500000000000000e+07	2.300000000000000000e+01
2.197000000000000000e+07	2.300000000000000000e+01
2.197500000000000000e+07	2.300000000000000000e+01
2.198000000000000000e+07	2.300000000000000000e+01
2.198500000000000000e+07	2.300000000000000000e+01
2.199000000000000000e+07	2.300000000000000000e+01
2.199500000000000000e+07	2.300000000000000000e+01
2.200000000000000000e+07	2.300000000000000000e+01
2.200500000000000000e+07	2.300000000000000000e+01
2.201000000000000000e+07	2.300000000000000000e+01
2.201500000000000000e+07	2.300000000000000000e+01
2.202000000000000000e+07	2.300000000000000000e+01
2.202500000000000000e+07	2.300000000000000000e+01
2.203000000000000000e+07	2.300000000000000000e+01
2.203500000000000000e+07	2.300000000000000000e+01
2.204000000000000000e+07	2.300000000000000000e+01
2.204500000000000000e+07	2.300000000000000000e+01
2.205000000000000000e+07	2.300000000000000000e+01
2.205500000000000000e+07	2.300000000000000000e+01
2.206000000000000000e+07	2.300000000000000000e+01
2.206500000000000000e+07	2.300000000000000000e+01
2.207000000000000000e+07	2.300000000000000000e+01
2.207500000000000000e+07	2.300000000000000000e+01
2.208000000000000000e+07	2.300000000000000000e+01
2.208500000000000000e+07	2.300000000000000000e+01
2.305500000000000000e+07	2.300000000000000000e+01
2.306000000000000000e+07	2.300000000000000000e+01
2.306500000000000000e+07	2.300000000000000000e+01
2.307000000000000000e+07	2.300000000000000000e+01
2.307500000000000000e+07	2.300000000000000000e+01
2.308000000000000000e+07	2.300000000000000000e+01
2.308500000000000000e+07	2.300000000000000000e+01
2.309000000000000000e+07	2.300000000000000000e+01
2.309500000000000000e+07	2.300000000000000000e+01
2.310000000000000000e+07	2.300000000000000000e+01
2.310500000000000000e+07	2.300000000000000000e+01
2.311000000000000000e+07	2.300000000000000000e+01
2.311500000000000000e+07	2.300000000000000000e+01
2.312000000000000000e+07	2.300000000000000000e+01
2.312500000000000000e+07	2.300000000000000000e+01
2.313000000000000000e+07	2.300000000000000000e+01
2.313500000000000000e+07	2.300000000000000000e+01
2.314000000000000000e+07	2.300000000000000000e+01
2.314500000000000000e+07	2.300000000000000000e+01
2.315000000000000000e+07	2.300000000000000000e+01
2.315500000000000000e+07	2.300000000000000000e+01
2.316000000000000000e+07	2.300000000000000000e+01
2.316500000000000000e+07	2.300000000000000000e+01
2.317000000000000000e+07	2.300000000000000000e+01
2.317500000000000000e+07	2.300000000000000000e+01
2.318000000000000000e+07	2.300000000000000000e+01
2.318500000000000000e+07	2.300000000000000000e+01
2.319000000000000000e+07	2.300000000000000000e+01
2.319500000000000000e+07	2.300000000000000000e+01
2.320000000000000000e+07	2.300000000000000000e+01
2.320500000000000000e+07	2.300000000000000000e+01
2.321000000000000000e+07	2.300000000000000000e+01
2.321500000000000000e+07	2.300000000000000000e+01
2.322000000000000000e+07	2.300000000000000000e+01
2.322500000000000000e+07	2.300000000000000000e+01
2.323000000000000000e+07	2.300000000000000000e+01
2.323500000000000000e+07	2.300000000000000000e+01
2.324000000000000000e+07	2.300000000000000000e+01
2.324500000000000000e+07	2.300000000000000000e+01
2.325000000000000000e+07	2.300000000000000000e+01
2.325500000000000000e+07	2.300000000000000000e+01
2.326000000000000000e+07	2.300000000000000000e+01
2.326500000000000000e+07	2.300000000000000000e+01
2.327000000000000000e+07	2.300000000000000000e+01
2.327500000000000000e+07	2.300000000000000000e+01
2.328000000000000000e+07	2.300000000000000000e+01
2.328500000000000000e+07	2.300000000000000000e+01
2.329000000000000000e+07	2.300000000000000000e+01
2.329500000000000000e+07	2.300000000000000000e+01
2.330000000000000000e+07	2.300000000000000000e+01
2.330500000000000000e+07	2.300000000000000000e+01
2.331000000000000000e+07	2.300000000000000000e+01
2.331500000000000000e+07	2.300000000000000000e+01
2.332000000000000000e+07	2.300000000000000000e+01
2.332500000000000000e+07	2.300000000000000000e+01
2.333000000000000000e+07	2.300000000000000000e+01
2.333500000000000000e+07	2.300000000000000000e+01
2.334000000000000000e+07	2.300000000000000000e+01
2.334500000000000000e+07	2.300000000000000000e+01
2.335000000000000000e+07	2.300000000000000000e+01
2.335500000000000000e+07	2.300000000000000000e+01
2.336000000000000000e+07	2.300000000000000000e+01
2.336500000000000000e+07	2.300000000000000000e+01
2.337000000000000000e+07	2.300000000000000000e+01
2.337500000000000000e+07	2.300000000000000000e+01
2.338000000000000000e+07	2.300000000000000000e+01
2.338500000000000000e+07	2.300000000000000000e+01
2.339000000000000000e+07	2.300000000000000000e+01
2.339500000000000000e+07	2.300000000000000000e+01
2.340000000000000000e+07	2.300000000000000000e+01
2.340500000000000000e+07	2.300000000000000000e+01
2.341000000000000000e+07	2.300000000000000000e+01
2.341500000000000000e+07	2.300000000000000000e+01
2.342000000000000000e+07	2.300000000000000000e+01
2.342500000000000000e+07	2.300000000000000000e+01
2.343000000000000000e+07	2.300000000000000000e+01
2.343500000000000000e+07	2.300000000000000000e+01
2.344000000000000000e+07	2.300000000000000000e+01
2.344500000000000000e+07	2.300000000000000000e+01
2.345000000000000000e+07	2.300000000000000000e+01
2.345500000000000000e+07	2.300000000000000000e+01
2.346000000000000000e+07	2.300000000000000000e+01
2.346500000000000000e+07	2.300000000000000000e+01
2.347000000000000000e+07	2.300000000000000000e+01
2.347500000000000000e+07	2.300000000000000000e+01
2.348000000000000000e+07	2.300000000000000000e+01
2.348500000000000000e+07	2.300000000000000000e+01
2.349000000000000000e+07	2.300000000000000000e+01
2.349500000000000000e+07	2.300000000000000000e+01
2.350000000000000000e+07	2.300000000000000000e+01
2.350500000000000000e+07	2.300000000000000000e+01
2.351000000000000000e+07	2.300000000000000000e+01
2.351500000000000000e+07	2.300000000000000000e+01
2.352000000000000000e+07	2.300000000000000000e+01
2.352500000000000000e+07	2.300000000000000000e+01
2.353000000000000000e+07	2.300000000000000000e+01
2.353500000000000000e+07	2.300000000000000000e+01
2.354000000000000000e+07	2.300000000000000000e+01
2.355500000000000000e+07	2.300000000000000000e+01
2.356000000000000000e+07	2.300000000000000000e+01
2.356500000000000000e+07	2.300000000000000000e+01
2.357000000000000000e+07	2.300000000000000000e+01
2.357500000000000000e+07	2.300000000000000000e+01
2.358000000000000000e+07	2.300000000000000000e+01
2.358500000000000000e+07	2.300000000000000000e+01
2.359000000000000000e+07	2.300000000000000000e+01
2.360000000000000000e+07	2.300000000000000000e+01
2.412000000000000000e+07	2.300000000000000000e+01
2.412500000000000000e+07	2.300000000000000000e+01
2.413000000000000000e+07	2.300000000000000000e+01
2.413500000000000000e+07	2.300000000000000000e+01
2.416000000000000000e+07	2.300000000000000000e+01
2.417000000000000000e+07	2.300000000000000000e+01
2.417500000000000000e+07	2.300000000000000000e+01
2.418000000000000000e+07	2.300000000000000000e+01
2.418500000000000000e+07	2.300000000000000000e+01
2.419000000000000000e+07	2.300000000000000000e+01
2.419500000000000000e+07	2.300000000000000000e+01
2.432000000000000000e+07	2.300000000000000000e+01
2.432500000000000000e+07	2.300000000000000000e+01
2.617500000000000000e+07	2.300000000000000000e+01
2.618500000000000000e+07	2.300000000000000000e+01
2.619000000000000000e+07	2.300000000000000000e+01
2.619500000000000000e+07	2.300000000000000000e+01
2.620000000000000000e+07	2.300000000000000000e+01
2.620500000000000000e+07	2.300000000000000000e+01
2.621000000000000000e+07	2.300000000000000000e+01
2.621500000000000000e+07	2.300000000000000000e+01
2.622000000000000000e+07	2.300000000000000000e+01
2.622500000000000000e+07	2.300000000000000000e+01
2.623000000000000000e+07	2.300000000000000000e+01
2.623500000000000000e+07	2.300000000000000000e+01
2.624000000000000000e+07	2.300000000000000000e+01
2.624500000000000000e+07	2.300000000000000000e+01
2.625000000000000000e+07	2.300000000000000000e+01
2.625500000000000000e+07	2.300000000000000000e+01
2.626000000000000000e+07	2.300000000000000000e+01
2.626500000000000000e+07	2.300000000000000000e+01
2.627000000000000000e+07	2.300000000000000000e+01
2.627500000000000000e+07	2.300000000000000000e+01
2.628000000000000000e+07	2.300000000000000000e+01
2.628500000000000000e+07	2.300000000000000000e+01
2.629000000000000000e+07	2.300000000000000000e+01
2.629500000000000000e+07	2.300000000000000000e+01
2.630000000000000000e+07	2.300000000000000000e+01
2.630500000000000000e+07	2.300000000000000000e+01
2.631000000000000000e+07	2.300000000000000000e+01
2.631500000000000000e+07	2.300000000000000000e+01
2.632000000000000000e+07	2.300000000000000000e+01
2.632500000000000000e+07	2.300000000000000000e+01
2.633000000000000000e+07	2.300000000000000000e+01
2.633500000000000000e+07	2.300000000000000000e+01
2.634000000000000000e+07	2.300000000000000000e+01
2.634500000000000000e+07	2.300000000000000000e+01
2.635000000000000000e+07	2.300000000000000000e+01
2.635500000000000000e+07	2.300000000000000000e+01
2.636000000000000000e+07	2.300000000000000000e+01
2.636500000000000000e+07	2.300000000000000000e+01
2.637000000000000000e+07	2.300000000000000000e+01
2.637500000000000000e+07	2.300000000000000000e+01
2.638000000000000000e+07	2.300000000000000000e+01
2.638500000000000000e+07	2.300000000000000000e+01
2.639000000000000000e+07	2.300000000000000000e+01
2.639500000000000000e+07	2.300000000000000000e+01
2.640000000000000000e+07	2.300000000000000000e+01
2.640500000000000000e+07	2.300000000000000000e+01
2.641000000000000000e+07	2.300000000000000000e+01
2.641500000000000000e+07	2.300000000000000000e+01
2.642000000000000000e+07	2.300000000000000000e+01
2.642500000000000000e+07	2.300000000000000000e+01
2.643000000000000000e+07	2.300000000000000000e+01
2.643500000000000000e+07	2.300000000000000000e+01
2.644000000000000000e+07	2.300000000000000000e+01
2.644500000000000000e+07	2.300000000000000000e+01
2.645000000000000000e+07	2.300000000000000000e+01
2.645500000000000000e+07	2.300000000000000000e+01
2.646000000000000000e+07	2.300000000000000000e+01
2.646500000000000000e+07	2.300000000000000000e+01
2.647000000000000000e+07	2.300000000000000000e+01
2.647500000000000000e+07	2.300000000000000000e+01
2.648000000000000000e+07	2.300000000000000000e+01
2.648500000000000000e+07	2.300000000000000000e+01
2.649000000000000000e+07	2.300000000000000000e+01
2.649500000000000000e+07	2.300000000000000000e+01
2.650000000000000000e+07	2.300000000000000000e+01
2.650500000000000000e+07	2.300000000000000000e+01
2.651000000000000000e+07	2.300000000000000000e+01
2.651500000000000000e+07	2.300000000000000000e+01
2.652000000000000000e+07	2.300000000000000000e+01
2.652500000000000000e+07	2.300000000000000000e+01
2.653000000000000000e+07	2.300000000000000000e+01
2.653500000000000000e+07	2.300000000000000000e+01
2.654000000000000000e+07	2.300000000000000000e+01
2.654500000000000000e+07	2.300000000000000000e+01
2.655000000000000000e+07	2.300000000000000000e+01
2.655500000000000000e+07	2.300000000000000000e+01
2.656000000000000000e+07	2.300000000000000000e+01
2.656500000000000000e+07	2.300000000000000000e+01
2.657000000000000000e+07	2.300000000000000000e+01
2.657500000000000000e+07	2.300000000000000000e+01
2.658000000000000000e+07	2.300000000000000000e+01
2.658500000000000000e+07	2.300000000000000000e+01
2.659000000000000000e+07	2.300000000000000000e+01
2.659500000000000000e+07	2.300000000000000000e+01
2.660000000000000000e+07	2.300000000000000000e+01
2.660500000000000000e+07	2.300000000000000000e+01
2.661000000000000000e+07	2.300000000000000000e+01
2.661500000000000000e+07	2.300000000000000000e+01
2.662000000000000000e+07	2.300000000000000000e+01
2.662500000000000000e+07	2.300000000000000000e+01
2.663000000000000000e+07	2.300000000000000000e+01
2.663500000000000000e+07	2.300000000000000000e+01
2.664000000000000000e+07	2.300000000000000000e+01
2.664500000000000000e+07	2.300000000000000000e+01
2.665000000000000000e+07	2.300000000000000000e+01
2.665500000000000000e+07	2.300000000000000000e+01
2.666000000000000000e+07	2.300000000000000000e+01
2.666500000000000000e+07	2.300000000000000000e+01
2.667000000000000000e+07	2.300000000000000000e+01
2.667500000000000000e+07	2.300000000000000000e+01
2.668000000000000000e+07	2.300000000000000000e+01
2.668500000000000000e+07	2.300000000000000000e+01
2.669000000000000000e+07	2.300000000000000000e+01
2.669500000000000000e+07	2.300000000000000000e+01
2.670000000000000000e+07	2.300000000000000000e+01
2.670500000000000000e+07	2.300000000000000000e+01
2.671000000000000000e+07	2.300000000000000000e+01
2.671500000000000000e+07	2.300000000000000000e+01
2.672000000000000000e+07	2.300000000000000000e+01
2.672500000000000000e+07	2.300000000000000000e+01
2.673000000000000000e+07	2.300000000000000000e+01
2.673500000000000000e+07	2.300000000000000000e+01
2.674000000000000000e+07	2.300000000000000000e+01
2.674500000000000000e+07	2.300000000000000000e+01
2.675000000000000000e+07	2.300000000000000000e+01
2.675500000000000000e+07	2.300000000000000000e+01
2.676000000000000000e+07	2.300000000000000000e+01
2.676500000000000000e+07	2.300000000000000000e+01
2.677000000000000000e+07	2.300000000000000000e+01
2.677500000000000000e+07	2.300000000000000000e+01
2.678000000000000000e+07	2.300000000000000000e+01
2.678500000000000000e+07	2.300000000000000000e+01
2.679000000000000000e+07	2.300000000000000000e+01
2.679500000000000000e+07	2.300000000000000000e+01
2.680000000000000000e+07	2.300000000000000000e+01
2.680500000000000000e+07	2.300000000000000000e+01
2.681000000000000000e+07	2.300000000000000000e+01
2.681500000000000000e+07	2.300000000000000000e+01
2.682000000000000000e+07	2.300000000000000000e+01
2.682500000000000000e+07	2.300000000000000000e+01
2.683000000000000000e+07	2.300000000000000000e+01
2.683500000000000000e+07	2.300000000000000000e+01
2.684000000000000000e+07	2.300000000000000000e+01
2.684500000000000000e+07	2.300000000000000000e+01
2.685000000000000000e+07	2.300000000000000000e+01
2.685500000000000000e+07	2.300000000000000000e+01
2.686000000000000000e+07	2.300000000000000000e+01
2.686500000000000000e+07	2.300000000000000000e+01
2.687000000000000000e+07	2.300000000000000000e+01
2.687500000000000000e+07	2.300000000000000000e+01
2.688000000000000000e+07	2.300000000000000000e+01
2.688500000000000000e+07	2.300000000000000000e+01
2.689000000000000000e+07	2.300000000000000000e+01
2.689500000000000000e+07	2.300000000000000000e+01
2.690000000000000000e+07	2.300000000000000000e+01
2.690500000000000000e+07	2.300000000000000000e+01
2.691000000000000000e+07	2.300000000000000000e+01
2.691500000000000000e+07	2.300000000000000000e+01
2.692000000000000000e+07	2.300000000000000000e+01
2.692500000000000000e+07	2.300000000000000000e+01
2.693000000000000000e+07	2.300000000000000000e+01
2.693500000000000000e+07	2.300000000000000000e+01
2.698000000000000000e+07	2.300000000000000000e+01
2.841500000000000000e+07	2.300000000000000000e+01
