1.000000000000000000e+06	0.000000000000000000e+00
1.005000000000000000e+06	0.000000000000000000e+00
1.010000000000000000e+06	0.000000000000000000e+00
1.015000000000000000e+06	0.000000000000000000e+00
1.020000000000000000e+06	0.000000000000000000e+00
1.025000000000000000e+06	0.000000000000000000e+00
1.030000000000000000e+06	0.000000000000000000e+00
1.035000000000000000e+06	0.000000000000000000e+00
1.040000000000000000e+06	0.000000000000000000e+00
1.045000000000000000e+06	0.000000000000000000e+00
1.050000000000000000e+06	0.000000000000000000e+00
1.055000000000000000e+06	0.000000000000000000e+00
1.075000000000000000e+06	0.000000000000000000e+00
1.080000000000000000e+06	0.000000000000000000e+00
1.085000000000000000e+06	0.000000000000000000e+00
1.090000000000000000e+06	0.000000000000000000e+00
1.095000000000000000e+06	0.000000000000000000e+00
1.100000000000000000e+06	0.000000000000000000e+00
1.105000000000000000e+06	0.000000000000000000e+00
1.110000000000000000e+06	0.000000000000000000e+00
1.115000000000000000e+06	0.000000000000000000e+00
1.120000000000000000e+06	0.000000000000000000e+00
1.125000000000000000e+06	0.000000000000000000e+00
1.130000000000000000e+06	0.000000000000000000e+00
1.135000000000000000e+06	0.000000000000000000e+00
1.145000000000000000e+06	0.000000000000000000e+00
1.150000000000000000e+06	0.000000000000000000e+00
1.155000000000000000e+06	0.000000000000000000e+00
1.160000000000000000e+06	0.000000000000000000e+00
1.165000000000000000e+06	0.000000000000000000e+00
1.170000000000000000e+06	0.000000000000000000e+00
1.175000000000000000e+06	0.000000000000000000e+00
1.180000000000000000e+06	0.000000000000000000e+00
1.190000000000000000e+06	0.000000000000000000e+00
1.195000000000000000e+06	0.000000000000000000e+00
1.200000000000000000e+06	0.000000000000000000e+00
1.205000000000000000e+06	0.000000000000000000e+00
1.215000000000000000e+06	0.000000000000000000e+00
1.520000000000000000e+06	0.000000000000000000e+00
1.525000000000000000e+06	0.000000000000000000e+00
1.530000000000000000e+06	0.000000000000000000e+00
1.535000000000000000e+06	0.000000000000000000e+00
1.540000000000000000e+06	0.000000000000000000e+00
1.555000000000000000e+06	0.000000000000000000e+00
1.560000000000000000e+06	0.000000000000000000e+00
1.565000000000000000e+06	0.000000000000000000e+00
1.570000000000000000e+06	0.000000000000000000e+00
1.585000000000000000e+06	0.000000000000000000e+00
1.590000000000000000e+06	0.000000000000000000e+00
1.605000000000000000e+06	0.000000000000000000e+00
1.655000000000000000e+06	0.000000000000000000e+00
1.660000000000000000e+06	0.000000000000000000e+00
1.665000000000000000e+06	0.000000000000000000e+00
1.670000000000000000e+06	0.000000000000000000e+00
1.675000000000000000e+06	0.000000000000000000e+00
1.690000000000000000e+06	0.000000000000000000e+00
1.695000000000000000e+06	0.000000000000000000e+00
1.710000000000000000e+06	0.000000000000000000e+00
2.090000000000000000e+06	0.000000000000000000e+00
2.095000000000000000e+06	0.000000000000000000e+00
2.100000000000000000e+06	0.000000000000000000e+00
2.175000000000000000e+06	0.000000000000000000e+00
2.255000000000000000e+06	0.000000000000000000e+00
2.280000000000000000e+06	0.000000000000000000e+00
2.285000000000000000e+06	0.000000000000000000e+00
2.290000000000000000e+06	0.000000000000000000e+00
2.300000000000000000e+06	0.000000000000000000e+00
2.305000000000000000e+06	0.000000000000000000e+00
2.310000000000000000e+06	0.000000000000000000e+00
2.315000000000000000e+06	0.000000000000000000e+00
2.320000000000000000e+06	0.000000000000000000e+00
2.325000000000000000e+06	0.000000000000000000e+00
2.330000000000000000e+06	0.000000000000000000e+00
2.380000000000000000e+06	0.000000000000000000e+00
2.390000000000000000e+06	0.000000000000000000e+00
2.395000000000000000e+06	0.000000000000000000e+00
2.400000000000000000e+06	0.000000000000000000e+00
2.405000000000000000e+06	0.000000000000000000e+00
2.410000000000000000e+06	0.000000000000000000e+00
2.415000000000000000e+06	0.000000000000000000e+00
2.420000000000000000e+06	0.000000000000000000e+00
2.425000000000000000e+06	0.000000000000000000e+00
2.430000000000000000e+06	0.000000000000000000e+00
2.435000000000000000e+06	0.000000000000000000e+00
2.440000000000000000e+06	0.000000000000000000e+00
2.445000000000000000e+06	0.000000000000000000e+00
2.450000000000000000e+06	0.000000000000000000e+00
2.455000000000000000e+06	0.000000000000000000e+00
2.460000000000000000e+06	0.000000000000000000e+00
2.465000000000000000e+06	0.000000000000000000e+00
2.470000000000000000e+06	0.000000000000000000e+00
2.475000000000000000e+06	0.000000000000000000e+00
2.480000000000000000e+06	0.000000000000000000e+00
2.485000000000000000e+06	0.000000000000000000e+00
2.490000000000000000e+06	0.000000000000000000e+00
2.495000000000000000e+06	0.000000000000000000e+00
2.500000000000000000e+06	0.000000000000000000e+00
2.505000000000000000e+06	0.000000000000000000e+00
2.510000000000000000e+06	0.000000000000000000e+00
2.515000000000000000e+06	0.000000000000000000e+00
2.520000000000000000e+06	0.000000000000000000e+00
2.525000000000000000e+06	0.000000000000000000e+00
2.530000000000000000e+06	0.000000000000000000e+00
2.535000000000000000e+06	0.000000000000000000e+00
2.540000000000000000e+06	0.000000000000000000e+00
2.545000000000000000e+06	0.000000000000000000e+00
2.550000000000000000e+06	0.000000000000000000e+00
2.555000000000000000e+06	0.000000000000000000e+00
2.560000000000000000e+06	0.000000000000000000e+00
2.565000000000000000e+06	0.000000000000000000e+00
2.570000000000000000e+06	0.000000000000000000e+00
2.575000000000000000e+06	0.000000000000000000e+00
2.580000000000000000e+06	0.000000000000000000e+00
2.585000000000000000e+06	0.000000000000000000e+00
2.590000000000000000e+06	0.000000000000000000e+00
2.595000000000000000e+06	0.000000000000000000e+00
2.600000000000000000e+06	0.000000000000000000e+00
2.605000000000000000e+06	0.000000000000000000e+00
2.610000000000000000e+06	0.000000000000000000e+00
2.615000000000000000e+06	0.000000000000000000e+00
2.620000000000000000e+06	0.000000000000000000e+00
2.625000000000000000e+06	0.000000000000000000e+00
2.630000000000000000e+06	0.000000000000000000e+00
2.635000000000000000e+06	0.000000000000000000e+00
2.640000000000000000e+06	0.000000000000000000e+00
2.645000000000000000e+06	0.000000000000000000e+00
2.650000000000000000e+06	0.000000000000000000e+00
2.655000000000000000e+06	0.000000000000000000e+00
2.660000000000000000e+06	0.000000000000000000e+00
2.665000000000000000e+06	0.000000000000000000e+00
2.670000000000000000e+06	0.000000000000000000e+00
2.675000000000000000e+06	0.000000000000000000e+00
2.680000000000000000e+06	0.000000000000000000e+00
2.685000000000000000e+06	0.000000000000000000e+00
2.690000000000000000e+06	0.000000000000000000e+00
2.695000000000000000e+06	0.000000000000000000e+00
2.700000000000000000e+06	0.000000000000000000e+00
2.705000000000000000e+06	0.000000000000000000e+00
2.710000000000000000e+06	0.000000000000000000e+00
2.715000000000000000e+06	0.000000000000000000e+00
2.720000000000000000e+06	0.000000000000000000e+00
2.725000000000000000e+06	0.000000000000000000e+00
2.730000000000000000e+06	0.000000000000000000e+00
2.735000000000000000e+06	0.000000000000000000e+00
2.740000000000000000e+06	0.000000000000000000e+00
2.745000000000000000e+06	0.000000000000000000e+00
2.750000000000000000e+06	0.000000000000000000e+00
2.755000000000000000e+06	0.000000000000000000e+00
2.760000000000000000e+06	0.000000000000000000e+00
2.765000000000000000e+06	0.000000000000000000e+00
2.770000000000000000e+06	0.000000000000000000e+00
2.775000000000000000e+06	0.000000000000000000e+00
2.780000000000000000e+06	0.000000000000000000e+00
2.785000000000000000e+06	0.000000000000000000e+00
2.790000000000000000e+06	0.000000000000000000e+00
2.795000000000000000e+06	0.000000000000000000e+00
2.800000000000000000e+06	0.000000000000000000e+00
2.805000000000000000e+06	0.000000000000000000e+00
2.810000000000000000e+06	0.000000000000000000e+00
2.815000000000000000e+06	0.000000000000000000e+00
2.820000000000000000e+06	0.000000000000000000e+00
2.825000000000000000e+06	0.000000000000000000e+00
2.830000000000000000e+06	0.000000000000000000e+00
2.835000000000000000e+06	0.000000000000000000e+00
2.840000000000000000e+06	0.000000000000000000e+00
2.845000000000000000e+06	0.000000000000000000e+00
2.850000000000000000e+06	0.000000000000000000e+00
2.855000000000000000e+06	0.000000000000000000e+00
2.860000000000000000e+06	0.000000000000000000e+00
2.865000000000000000e+06	0.000000000000000000e+00
2.870000000000000000e+06	0.000000000000000000e+00
2.875000000000000000e+06	0.000000000000000000e+00
2.880000000000000000e+06	0.000000000000000000e+00
2.885000000000000000e+06	0.000000000000000000e+00
2.890000000000000000e+06	0.000000000000000000e+00
2.895000000000000000e+06	0.000000000000000000e+00
2.900000000000000000e+06	0.000000000000000000e+00
2.905000000000000000e+06	0.000000000000000000e+00
2.910000000000000000e+06	0.000000000000000000e+00
2.915000000000000000e+06	0.000000000000000000e+00
2.920000000000000000e+06	0.000000000000000000e+00
2.925000000000000000e+06	0.000000000000000000e+00
2.930000000000000000e+06	0.000000000000000000e+00
2.935000000000000000e+06	0.000000000000000000e+00
2.940000000000000000e+06	0.000000000000000000e+00
2.945000000000000000e+06	0.000000000000000000e+00
2.950000000000000000e+06	0.000000000000000000e+00
2.955000000000000000e+06	0.000000000000000000e+00
3.135000000000000000e+06	0.000000000000000000e+00
3.140000000000000000e+06	0.000000000000000000e+00
3.145000000000000000e+06	0.000000000000000000e+00
3.150000000000000000e+06	0.000000000000000000e+00
3.155000000000000000e+06	0.000000000000000000e+00
3.160000000000000000e+06	0.000000000000000000e+00
3.165000000000000000e+06	0.000000000000000000e+00
3.170000000000000000e+06	0.000000000000000000e+00
3.175000000000000000e+06	0.000000000000000000e+00
3.180000000000000000e+06	0.000000000000000000e+00
3.185000000000000000e+06	0.000000000000000000e+00
3.190000000000000000e+06	0.000000000000000000e+00
3.195000000000000000e+06	0.000000000000000000e+00
3.200000000000000000e+06	0.000000000000000000e+00
3.205000000000000000e+06	0.000000000000000000e+00
3.210000000000000000e+06	0.000000000000000000e+00
3.215000000000000000e+06	0.000000000000000000e+00
3.220000000000000000e+06	0.000000000000000000e+00
3.225000000000000000e+06	0.000000000000000000e+00
3.230000000000000000e+06	0.000000000000000000e+00
3.235000000000000000e+06	0.000000000000000000e+00
3.240000000000000000e+06	0.000000000000000000e+00
3.245000000000000000e+06	0.000000000000000000e+00
3.325000000000000000e+06	0.000000000000000000e+00
3.330000000000000000e+06	0.000000000000000000e+00
3.335000000000000000e+06	0.000000000000000000e+00
3.340000000000000000e+06	0.000000000000000000e+00
3.345000000000000000e+06	0.000000000000000000e+00
3.350000000000000000e+06	0.000000000000000000e+00
3.355000000000000000e+06	0.000000000000000000e+00
3.360000000000000000e+06	0.000000000000000000e+00
3.365000000000000000e+06	0.000000000000000000e+00
3.370000000000000000e+06	0.000000000000000000e+00
3.375000000000000000e+06	0.000000000000000000e+00
3.380000000000000000e+06	0.000000000000000000e+00
3.385000000000000000e+06	0.000000000000000000e+00
3.390000000000000000e+06	0.000000000000000000e+00
3.395000000000000000e+06	0.000000000000000000e+00
3.400000000000000000e+06	0.000000000000000000e+00
3.405000000000000000e+06	0.000000000000000000e+00
3.410000000000000000e+06	0.000000000000000000e+00
3.415000000000000000e+06	0.000000000000000000e+00
3.420000000000000000e+06	0.000000000000000000e+00
3.425000000000000000e+06	0.000000000000000000e+00
3.430000000000000000e+06	0.000000000000000000e+00
3.435000000000000000e+06	0.000000000000000000e+00
3.440000000000000000e+06	0.000000000000000000e+00
3.445000000000000000e+06	0.000000000000000000e+00
3.450000000000000000e+06	0.000000000000000000e+00
3.455000000000000000e+06	0.000000000000000000e+00
3.460000000000000000e+06	0.000000000000000000e+00
3.465000000000000000e+06	0.000000000000000000e+00
3.470000000000000000e+06	0.000000000000000000e+00
3.475000000000000000e+06	0.000000000000000000e+00
3.480000000000000000e+06	0.000000000000000000e+00
3.485000000000000000e+06	0.000000000000000000e+00
3.490000000000000000e+06	0.000000000000000000e+00
3.495000000000000000e+06	0.000000000000000000e+00
3.500000000000000000e+06	0.000000000000000000e+00
3.505000000000000000e+06	0.000000000000000000e+00
3.510000000000000000e+06	0.000000000000000000e+00
3.515000000000000000e+06	0.000000000000000000e+00
3.520000000000000000e+06	0.000000000000000000e+00
3.525000000000000000e+06	0.000000000000000000e+00
3.530000000000000000e+06	0.000000000000000000e+00
3.535000000000000000e+06	0.000000000000000000e+00
3.540000000000000000e+06	0.000000000000000000e+00
3.545000000000000000e+06	0.000000000000000000e+00
3.550000000000000000e+06	0.000000000000000000e+00
3.555000000000000000e+06	0.000000000000000000e+00
3.560000000000000000e+06	0.000000000000000000e+00
3.565000000000000000e+06	0.000000000000000000e+00
3.570000000000000000e+06	0.000000000000000000e+00
3.575000000000000000e+06	0.000000000000000000e+00
3.580000000000000000e+06	0.000000000000000000e+00
3.585000000000000000e+06	0.000000000000000000e+00
3.590000000000000000e+06	0.000000000000000000e+00
3.595000000000000000e+06	0.000000000000000000e+00
3.600000000000000000e+06	0.000000000000000000e+00
3.605000000000000000e+06	0.000000000000000000e+00
3.610000000000000000e+06	0.000000000000000000e+00
3.615000000000000000e+06	0.000000000000000000e+00
3.620000000000000000e+06	0.000000000000000000e+00
3.625000000000000000e+06	0.000000000000000000e+00
3.630000000000000000e+06	0.000000000000000000e+00
3.635000000000000000e+06	0.000000000000000000e+00
3.640000000000000000e+06	0.000000000000000000e+00
3.645000000000000000e+06	0.000000000000000000e+00
3.650000000000000000e+06	0.000000000000000000e+00
3.655000000000000000e+06	0.000000000000000000e+00
3.660000000000000000e+06	0.000000000000000000e+00
3.665000000000000000e+06	0.000000000000000000e+00
3.670000000000000000e+06	0.000000000000000000e+00
3.675000000000000000e+06	0.000000000000000000e+00
3.680000000000000000e+06	0.000000000000000000e+00
3.685000000000000000e+06	0.000000000000000000e+00
3.690000000000000000e+06	0.000000000000000000e+00
3.695000000000000000e+06	0.000000000000000000e+00
3.700000000000000000e+06	0.000000000000000000e+00
3.705000000000000000e+06	0.000000000000000000e+00
3.710000000000000000e+06	0.000000000000000000e+00
3.715000000000000000e+06	0.000000000000000000e+00
3.720000000000000000e+06	0.000000000000000000e+00
3.725000000000000000e+06	0.000000000000000000e+00
3.730000000000000000e+06	0.000000000000000000e+00
3.735000000000000000e+06	0.000000000000000000e+00
3.740000000000000000e+06	0.000000000000000000e+00
3.745000000000000000e+06	0.000000000000000000e+00
3.750000000000000000e+06	0.000000000000000000e+00
3.755000000000000000e+06	0.000000000000000000e+00
3.760000000000000000e+06	0.000000000000000000e+00
3.765000000000000000e+06	0.000000000000000000e+00
3.770000000000000000e+06	0.000000000000000000e+00
3.775000000000000000e+06	0.000000000000000000e+00
3.780000000000000000e+06	0.000000000000000000e+00
3.785000000000000000e+06	0.000000000000000000e+00
3.790000000000000000e+06	0.000000000000000000e+00
3.795000000000000000e+06	0.000000000000000000e+00
3.800000000000000000e+06	0.000000000000000000e+00
3.805000000000000000e+06	0.000000000000000000e+00
3.810000000000000000e+06	0.000000000000000000e+00
3.815000000000000000e+06	0.000000000000000000e+00
3.820000000000000000e+06	0.000000000000000000e+00
3.825000000000000000e+06	0.000000000000000000e+00
3.830000000000000000e+06	0.000000000000000000e+00
3.835000000000000000e+06	0.000000000000000000e+00
3.840000000000000000e+06	0.000000000000000000e+00
3.845000000000000000e+06	0.000000000000000000e+00
3.850000000000000000e+06	0.000000000000000000e+00
3.855000000000000000e+06	0.000000000000000000e+00
3.860000000000000000e+06	0.000000000000000000e+00
3.865000000000000000e+06	0.000000000000000000e+00
3.870000000000000000e+06	0.000000000000000000e+00
3.875000000000000000e+06	0.000000000000000000e+00
3.880000000000000000e+06	0.000000000000000000e+00
3.885000000000000000e+06	0.000000000000000000e+00
3.890000000000000000e+06	0.000000000000000000e+00
3.895000000000000000e+06	0.000000000000000000e+00
3.900000000000000000e+06	0.000000000000000000e+00
3.905000000000000000e+06	0.000000000000000000e+00
3.915000000000000000e+06	0.000000000000000000e+00
3.985000000000000000e+06	0.000000000000000000e+00
3.990000000000000000e+06	0.000000000000000000e+00
3.995000000000000000e+06	0.000000000000000000e+00
4.000000000000000000e+06	0.000000000000000000e+00
4.005000000000000000e+06	0.000000000000000000e+00
4.010000000000000000e+06	0.000000000000000000e+00
4.015000000000000000e+06	0.000000000000000000e+00
4.020000000000000000e+06	0.000000000000000000e+00
4.025000000000000000e+06	0.000000000000000000e+00
4.030000000000000000e+06	0.000000000000000000e+00
4.035000000000000000e+06	0.000000000000000000e+00
4.040000000000000000e+06	0.000000000000000000e+00
4.050000000000000000e+06	0.000000000000000000e+00
4.055000000000000000e+06	0.000000000000000000e+00
4.065000000000000000e+06	0.000000000000000000e+00
4.070000000000000000e+06	0.000000000000000000e+00
4.075000000000000000e+06	0.000000000000000000e+00
4.085000000000000000e+06	0.000000000000000000e+00
4.095000000000000000e+06	0.000000000000000000e+00
4.100000000000000000e+06	0.000000000000000000e+00
4.105000000000000000e+06	0.000000000000000000e+00
4.110000000000000000e+06	0.000000000000000000e+00
4.115000000000000000e+06	0.000000000000000000e+00
4.120000000000000000e+06	0.000000000000000000e+00
4.125000000000000000e+06	0.000000000000000000e+00
4.130000000000000000e+06	0.000000000000000000e+00
4.135000000000000000e+06	0.000000000000000000e+00
4.140000000000000000e+06	0.000000000000000000e+00
4.145000000000000000e+06	0.000000000000000000e+00
4.150000000000000000e+06	0.000000000000000000e+00
4.155000000000000000e+06	0.000000000000000000e+00
4.160000000000000000e+06	0.000000000000000000e+00
4.165000000000000000e+06	0.000000000000000000e+00
4.170000000000000000e+06	0.000000000000000000e+00
4.175000000000000000e+06	0.000000000000000000e+00
4.180000000000000000e+06	0.000000000000000000e+00
4.185000000000000000e+06	0.000000000000000000e+00
4.190000000000000000e+06	0.000000000000000000e+00
4.195000000000000000e+06	0.000000000000000000e+00
4.200000000000000000e+06	0.000000000000000000e+00
4.205000000000000000e+06	0.000000000000000000e+00
4.210000000000000000e+06	0.000000000000000000e+00
4.215000000000000000e+06	0.000000000000000000e+00
4.220000000000000000e+06	0.000000000000000000e+00
4.225000000000000000e+06	0.000000000000000000e+00
4.230000000000000000e+06	0.000000000000000000e+00
4.235000000000000000e+06	0.000000000000000000e+00
4.240000000000000000e+06	0.000000000000000000e+00
4.245000000000000000e+06	0.000000000000000000e+00
4.250000000000000000e+06	0.000000000000000000e+00
4.255000000000000000e+06	0.000000000000000000e+00
4.260000000000000000e+06	0.000000000000000000e+00
4.265000000000000000e+06	0.000000000000000000e+00
4.270000000000000000e+06	0.000000000000000000e+00
4.275000000000000000e+06	0.000000000000000000e+00
4.280000000000000000e+06	0.000000000000000000e+00
4.285000000000000000e+06	0.000000000000000000e+00
4.290000000000000000e+06	0.000000000000000000e+00
4.295000000000000000e+06	0.000000000000000000e+00
4.300000000000000000e+06	0.000000000000000000e+00
4.305000000000000000e+06	0.000000000000000000e+00
4.310000000000000000e+06	0.000000000000000000e+00
4.315000000000000000e+06	0.000000000000000000e+00
4.320000000000000000e+06	0.000000000000000000e+00
4.325000000000000000e+06	0.000000000000000000e+00
4.330000000000000000e+06	0.000000000000000000e+00
4.335000000000000000e+06	0.000000000000000000e+00
4.340000000000000000e+06	0.000000000000000000e+00
4.345000000000000000e+06	0.000000000000000000e+00
4.350000000000000000e+06	0.000000000000000000e+00
4.355000000000000000e+06	0.000000000000000000e+00
4.360000000000000000e+06	0.000000000000000000e+00
4.365000000000000000e+06	0.000000000000000000e+00
4.370000000000000000e+06	0.000000000000000000e+00
4.375000000000000000e+06	0.000000000000000000e+00
4.380000000000000000e+06	0.000000000000000000e+00
4.385000000000000000e+06	0.000000000000000000e+00
4.390000000000000000e+06	0.000000000000000000e+00
4.395000000000000000e+06	0.000000000000000000e+00
4.400000000000000000e+06	0.000000000000000000e+00
4.405000000000000000e+06	0.000000000000000000e+00
4.410000000000000000e+06	0.000000000000000000e+00
4.415000000000000000e+06	0.000000000000000000e+00
4.420000000000000000e+06	0.000000000000000000e+00
4.425000000000000000e+06	0.000000000000000000e+00
4.430000000000000000e+06	0.000000000000000000e+00
4.435000000000000000e+06	0.000000000000000000e+00
4.440000000000000000e+06	0.000000000000000000e+00
4.445000000000000000e+06	0.000000000000000000e+00
4.450000000000000000e+06	0.000000000000000000e+00
4.455000000000000000e+06	0.000000000000000000e+00
4.460000000000000000e+06	0.000000000000000000e+00
4.465000000000000000e+06	0.000000000000000000e+00
4.470000000000000000e+06	0.000000000000000000e+00
4.475000000000000000e+06	0.000000000000000000e+00
4.480000000000000000e+06	0.000000000000000000e+00
4.485000000000000000e+06	0.000000000000000000e+00
4.490000000000000000e+06	0.000000000000000000e+00
4.495000000000000000e+06	0.000000000000000000e+00
4.500000000000000000e+06	0.000000000000000000e+00
4.505000000000000000e+06	0.000000000000000000e+00
4.510000000000000000e+06	0.000000000000000000e+00
4.515000000000000000e+06	0.000000000000000000e+00
4.520000000000000000e+06	0.000000000000000000e+00
4.525000000000000000e+06	0.000000000000000000e+00
4.530000000000000000e+06	0.000000000000000000e+00
4.535000000000000000e+06	0.000000000000000000e+00
4.540000000000000000e+06	0.000000000000000000e+00
4.545000000000000000e+06	0.000000000000000000e+00
4.550000000000000000e+06	0.000000000000000000e+00
4.560000000000000000e+06	0.000000000000000000e+00
4.565000000000000000e+06	0.000000000000000000e+00
4.570000000000000000e+06	0.000000000000000000e+00
4.575000000000000000e+06	0.000000000000000000e+00
4.580000000000000000e+06	0.000000000000000000e+00
4.585000000000000000e+06	0.000000000000000000e+00
4.590000000000000000e+06	0.000000000000000000e+00
4.595000000000000000e+06	0.000000000000000000e+00
4.600000000000000000e+06	0.000000000000000000e+00
4.605000000000000000e+06	0.000000000000000000e+00
4.610000000000000000e+06	0.000000000000000000e+00
4.615000000000000000e+06	0.000000000000000000e+00
4.625000000000000000e+06	0.000000000000000000e+00
4.630000000000000000e+06	0.000000000000000000e+00
4.635000000000000000e+06	0.000000000000000000e+00
4.640000000000000000e+06	0.000000000000000000e+00
4.645000000000000000e+06	0.000000000000000000e+00
4.650000000000000000e+06	0.000000000000000000e+00
4.655000000000000000e+06	0.000000000000000000e+00
4.660000000000000000e+06	0.000000000000000000e+00
4.665000000000000000e+06	0.000000000000000000e+00
4.670000000000000000e+06	0.000000000000000000e+00
4.675000000000000000e+06	0.000000000000000000e+00
4.680000000000000000e+06	0.000000000000000000e+00
4.685000000000000000e+06	0.000000000000000000e+00
4.690000000000000000e+06	0.000000000000000000e+00
4.695000000000000000e+06	0.000000000000000000e+00
4.700000000000000000e+06	0.000000000000000000e+00
4.705000000000000000e+06	0.000000000000000000e+00
4.710000000000000000e+06	0.000000000000000000e+00
4.715000000000000000e+06	0.000000000000000000e+00
4.720000000000000000e+06	0.000000000000000000e+00
4.725000000000000000e+06	0.000000000000000000e+00
4.730000000000000000e+06	0.000000000000000000e+00
4.735000000000000000e+06	0.000000000000000000e+00
4.740000000000000000e+06	0.000000000000000000e+00
4.745000000000000000e+06	0.000000000000000000e+00
4.750000000000000000e+06	0.000000000000000000e+00
4.755000000000000000e+06	0.000000000000000000e+00
4.760000000000000000e+06	0.000000000000000000e+00
4.765000000000000000e+06	0.000000000000000000e+00
4.770000000000000000e+06	0.000000000000000000e+00
4.775000000000000000e+06	0.000000000000000000e+00
4.780000000000000000e+06	0.000000000000000000e+00
4.785000000000000000e+06	0.000000000000000000e+00
4.790000000000000000e+06	0.000000000000000000e+00
4.795000000000000000e+06	0.000000000000000000e+00
4.800000000000000000e+06	0.000000000000000000e+00
4.805000000000000000e+06	0.000000000000000000e+00
4.810000000000000000e+06	0.000000000000000000e+00
4.815000000000000000e+06	0.000000000000000000e+00
4.820000000000000000e+06	0.000000000000000000e+00
4.825000000000000000e+06	0.000000000000000000e+00
4.830000000000000000e+06	0.000000000000000000e+00
4.835000000000000000e+06	0.000000000000000000e+00
4.840000000000000000e+06	0.000000000000000000e+00
4.845000000000000000e+06	0.000000000000000000e+00
4.850000000000000000e+06	0.000000000000000000e+00
4.855000000000000000e+06	0.000000000000000000e+00
4.860000000000000000e+06	0.000000000000000000e+00
4.865000000000000000e+06	0.000000000000000000e+00
4.870000000000000000e+06	0.000000000000000000e+00
4.875000000000000000e+06	0.000000000000000000e+00
4.880000000000000000e+06	0.000000000000000000e+00
4.885000000000000000e+06	0.000000000000000000e+00
4.890000000000000000e+06	0.000000000000000000e+00
4.895000000000000000e+06	0.000000000000000000e+00
4.900000000000000000e+06	0.000000000000000000e+00
4.905000000000000000e+06	0.000000000000000000e+00
4.910000000000000000e+06	0.000000000000000000e+00
4.915000000000000000e+06	0.000000000000000000e+00
4.920000000000000000e+06	0.000000000000000000e+00
4.925000000000000000e+06	0.000000000000000000e+00
4.930000000000000000e+06	0.000000000000000000e+00
4.935000000000000000e+06	0.000000000000000000e+00
4.940000000000000000e+06	0.000000000000000000e+00
4.945000000000000000e+06	0.000000000000000000e+00
4.950000000000000000e+06	0.000000000000000000e+00
4.955000000000000000e+06	0.000000000000000000e+00
4.960000000000000000e+06	0.000000000000000000e+00
4.965000000000000000e+06	0.000000000000000000e+00
4.970000000000000000e+06	0.000000000000000000e+00
4.975000000000000000e+06	0.000000000000000000e+00
4.980000000000000000e+06	0.000000000000000000e+00
4.985000000000000000e+06	0.000000000000000000e+00
4.990000000000000000e+06	0.000000000000000000e+00
4.995000000000000000e+06	0.000000000000000000e+00
5.000000000000000000e+06	0.000000000000000000e+00
5.005000000000000000e+06	0.000000000000000000e+00
5.010000000000000000e+06	0.000000000000000000e+00
5.015000000000000000e+06	0.000000000000000000e+00
5.020000000000000000e+06	0.000000000000000000e+00
5.025000000000000000e+06	0.000000000000000000e+00
5.030000000000000000e+06	0.000000000000000000e+00
5.035000000000000000e+06	0.000000000000000000e+00
5.040000000000000000e+06	0.000000000000000000e+00
5.045000000000000000e+06	0.000000000000000000e+00
5.050000000000000000e+06	0.000000000000000000e+00
5.055000000000000000e+06	0.000000000000000000e+00
5.060000000000000000e+06	0.000000000000000000e+00
5.065000000000000000e+06	0.000000000000000000e+00
5.070000000000000000e+06	0.000000000000000000e+00
5.075000000000000000e+06	0.000000000000000000e+00
5.080000000000000000e+06	0.000000000000000000e+00
5.085000000000000000e+06	0.000000000000000000e+00
5.090000000000000000e+06	0.000000000000000000e+00
5.095000000000000000e+06	0.000000000000000000e+00
5.100000000000000000e+06	0.000000000000000000e+00
5.105000000000000000e+06	0.000000000000000000e+00
5.110000000000000000e+06	0.000000000000000000e+00
5.115000000000000000e+06	0.000000000000000000e+00
5.120000000000000000e+06	0.000000000000000000e+00
5.125000000000000000e+06	0.000000000000000000e+00
5.130000000000000000e+06	0.000000000000000000e+00
5.135000000000000000e+06	0.000000000000000000e+00
5.140000000000000000e+06	0.000000000000000000e+00
5.145000000000000000e+06	0.000000000000000000e+00
5.150000000000000000e+06	0.000000000000000000e+00
5.155000000000000000e+06	0.000000000000000000e+00
5.160000000000000000e+06	0.000000000000000000e+00
5.165000000000000000e+06	0.000000000000000000e+00
5.170000000000000000e+06	0.000000000000000000e+00
5.175000000000000000e+06	0.000000000000000000e+00
5.180000000000000000e+06	0.000000000000000000e+00
5.185000000000000000e+06	0.000000000000000000e+00
5.190000000000000000e+06	0.000000000000000000e+00
5.195000000000000000e+06	0.000000000000000000e+00
5.200000000000000000e+06	0.000000000000000000e+00
5.205000000000000000e+06	0.000000000000000000e+00
5.210000000000000000e+06	0.000000000000000000e+00
5.215000000000000000e+06	0.000000000000000000e+00
5.220000000000000000e+06	0.000000000000000000e+00
5.225000000000000000e+06	0.000000000000000000e+00
5.230000000000000000e+06	0.000000000000000000e+00
5.235000000000000000e+06	0.000000000000000000e+00
5.240000000000000000e+06	0.000000000000000000e+00
5.245000000000000000e+06	0.000000000000000000e+00
5.250000000000000000e+06	0.000000000000000000e+00
5.255000000000000000e+06	0.000000000000000000e+00
5.260000000000000000e+06	0.000000000000000000e+00
5.265000000000000000e+06	0.000000000000000000e+00
5.270000000000000000e+06	0.000000000000000000e+00
5.275000000000000000e+06	0.000000000000000000e+00
5.280000000000000000e+06	0.000000000000000000e+00
5.285000000000000000e+06	0.000000000000000000e+00
5.290000000000000000e+06	0.000000000000000000e+00
5.295000000000000000e+06	0.000000000000000000e+00
5.300000000000000000e+06	0.000000000000000000e+00
5.305000000000000000e+06	0.000000000000000000e+00
5.310000000000000000e+06	0.000000000000000000e+00
5.315000000000000000e+06	0.000000000000000000e+00
5.320000000000000000e+06	0.000000000000000000e+00
5.325000000000000000e+06	0.000000000000000000e+00
5.330000000000000000e+06	0.000000000000000000e+00
5.335000000000000000e+06	0.000000000000000000e+00
5.340000000000000000e+06	0.000000000000000000e+00
5.345000000000000000e+06	0.000000000000000000e+00
5.350000000000000000e+06	0.000000000000000000e+00
5.355000000000000000e+06	0.000000000000000000e+00
5.360000000000000000e+06	0.000000000000000000e+00
5.365000000000000000e+06	0.000000000000000000e+00
5.370000000000000000e+06	0.000000000000000000e+00
5.375000000000000000e+06	0.000000000000000000e+00
5.380000000000000000e+06	0.000000000000000000e+00
5.385000000000000000e+06	0.000000000000000000e+00
5.390000000000000000e+06	0.000000000000000000e+00
5.395000000000000000e+06	0.000000000000000000e+00
5.400000000000000000e+06	0.000000000000000000e+00
5.405000000000000000e+06	0.000000000000000000e+00
5.410000000000000000e+06	0.000000000000000000e+00
5.415000000000000000e+06	0.000000000000000000e+00
5.420000000000000000e+06	0.000000000000000000e+00
5.425000000000000000e+06	0.000000000000000000e+00
5.430000000000000000e+06	0.000000000000000000e+00
5.435000000000000000e+06	0.000000000000000000e+00
5.440000000000000000e+06	0.000000000000000000e+00
5.445000000000000000e+06	0.000000000000000000e+00
5.450000000000000000e+06	0.000000000000000000e+00
5.455000000000000000e+06	0.000000000000000000e+00
5.460000000000000000e+06	0.000000000000000000e+00
5.465000000000000000e+06	0.000000000000000000e+00
5.470000000000000000e+06	0.000000000000000000e+00
5.475000000000000000e+06	0.000000000000000000e+00
5.480000000000000000e+06	0.000000000000000000e+00
5.485000000000000000e+06	0.000000000000000000e+00
5.490000000000000000e+06	0.000000000000000000e+00
5.495000000000000000e+06	0.000000000000000000e+00
5.500000000000000000e+06	0.000000000000000000e+00
5.505000000000000000e+06	0.000000000000000000e+00
5.510000000000000000e+06	0.000000000000000000e+00
5.515000000000000000e+06	0.000000000000000000e+00
5.520000000000000000e+06	0.000000000000000000e+00
5.525000000000000000e+06	0.000000000000000000e+00
5.530000000000000000e+06	0.000000000000000000e+00
5.535000000000000000e+06	0.000000000000000000e+00
5.540000000000000000e+06	0.000000000000000000e+00
5.545000000000000000e+06	0.000000000000000000e+00
5.550000000000000000e+06	0.000000000000000000e+00
5.555000000000000000e+06	0.000000000000000000e+00
5.560000000000000000e+06	0.000000000000000000e+00
5.565000000000000000e+06	0.000000000000000000e+00
5.570000000000000000e+06	0.000000000000000000e+00
5.575000000000000000e+06	0.000000000000000000e+00
5.580000000000000000e+06	0.000000000000000000e+00
5.585000000000000000e+06	0.000000000000000000e+00
5.590000000000000000e+06	0.000000000000000000e+00
5.595000000000000000e+06	0.000000000000000000e+00
5.600000000000000000e+06	0.000000000000000000e+00
5.605000000000000000e+06	0.000000000000000000e+00
5.610000000000000000e+06	0.000000000000000000e+00
5.615000000000000000e+06	0.000000000000000000e+00
5.620000000000000000e+06	0.000000000000000000e+00
5.625000000000000000e+06	0.000000000000000000e+00
5.630000000000000000e+06	0.000000000000000000e+00
5.635000000000000000e+06	0.000000000000000000e+00
5.640000000000000000e+06	0.000000000000000000e+00
5.645000000000000000e+06	0.000000000000000000e+00
5.650000000000000000e+06	0.000000000000000000e+00
5.655000000000000000e+06	0.000000000000000000e+00
5.670000000000000000e+06	0.000000000000000000e+00
5.680000000000000000e+06	0.000000000000000000e+00
5.685000000000000000e+06	0.000000000000000000e+00
5.690000000000000000e+06	0.000000000000000000e+00
5.765000000000000000e+06	0.000000000000000000e+00
5.770000000000000000e+06	0.000000000000000000e+00
5.775000000000000000e+06	0.000000000000000000e+00
5.780000000000000000e+06	0.000000000000000000e+00
5.785000000000000000e+06	0.000000000000000000e+00
5.790000000000000000e+06	0.000000000000000000e+00
5.795000000000000000e+06	0.000000000000000000e+00
5.800000000000000000e+06	0.000000000000000000e+00
5.805000000000000000e+06	0.000000000000000000e+00
5.810000000000000000e+06	0.000000000000000000e+00
5.815000000000000000e+06	0.000000000000000000e+00
5.820000000000000000e+06	0.000000000000000000e+00
5.825000000000000000e+06	0.000000000000000000e+00
5.830000000000000000e+06	0.000000000000000000e+00
5.835000000000000000e+06	0.000000000000000000e+00
5.840000000000000000e+06	0.000000000000000000e+00
5.845000000000000000e+06	0.000000000000000000e+00
5.850000000000000000e+06	0.000000000000000000e+00
5.855000000000000000e+06	0.000000000000000000e+00
5.860000000000000000e+06	0.000000000000000000e+00
5.865000000000000000e+06	0.000000000000000000e+00
5.870000000000000000e+06	0.000000000000000000e+00
5.875000000000000000e+06	0.000000000000000000e+00
5.880000000000000000e+06	0.000000000000000000e+00
5.885000000000000000e+06	0.000000000000000000e+00
5.890000000000000000e+06	0.000000000000000000e+00
5.895000000000000000e+06	0.000000000000000000e+00
5.900000000000000000e+06	0.000000000000000000e+00
5.905000000000000000e+06	0.000000000000000000e+00
5.910000000000000000e+06	0.000000000000000000e+00
5.915000000000000000e+06	0.000000000000000000e+00
5.920000000000000000e+06	0.000000000000000000e+00
5.925000000000000000e+06	0.000000000000000000e+00
5.930000000000000000e+06	0.000000000000000000e+00
5.935000000000000000e+06	0.000000000000000000e+00
5.940000000000000000e+06	0.000000000000000000e+00
5.945000000000000000e+06	0.000000000000000000e+00
5.950000000000000000e+06	0.000000000000000000e+00
5.955000000000000000e+06	0.000000000000000000e+00
5.960000000000000000e+06	0.000000000000000000e+00
5.965000000000000000e+06	0.000000000000000000e+00
5.970000000000000000e+06	0.000000000000000000e+00
5.975000000000000000e+06	0.000000000000000000e+00
5.980000000000000000e+06	0.000000000000000000e+00
5.985000000000000000e+06	0.000000000000000000e+00
5.990000000000000000e+06	0.000000000000000000e+00
5.995000000000000000e+06	0.000000000000000000e+00
6.000000000000000000e+06	0.000000000000000000e+00
6.005000000000000000e+06	0.000000000000000000e+00
6.010000000000000000e+06	0.000000000000000000e+00
6.015000000000000000e+06	0.000000000000000000e+00
6.020000000000000000e+06	0.000000000000000000e+00
6.025000000000000000e+06	0.000000000000000000e+00
6.030000000000000000e+06	0.000000000000000000e+00
6.035000000000000000e+06	0.000000000000000000e+00
6.040000000000000000e+06	0.000000000000000000e+00
6.045000000000000000e+06	0.000000000000000000e+00
6.050000000000000000e+06	0.000000000000000000e+00
6.055000000000000000e+06	0.000000000000000000e+00
6.060000000000000000e+06	0.000000000000000000e+00
6.065000000000000000e+06	0.000000000000000000e+00
6.070000000000000000e+06	0.000000000000000000e+00
6.075000000000000000e+06	0.000000000000000000e+00
6.080000000000000000e+06	0.000000000000000000e+00
6.085000000000000000e+06	0.000000000000000000e+00
6.090000000000000000e+06	0.000000000000000000e+00
6.095000000000000000e+06	0.000000000000000000e+00
6.100000000000000000e+06	0.000000000000000000e+00
6.105000000000000000e+06	0.000000000000000000e+00
6.110000000000000000e+06	0.000000000000000000e+00
6.115000000000000000e+06	0.000000000000000000e+00
6.120000000000000000e+06	0.000000000000000000e+00
6.125000000000000000e+06	0.000000000000000000e+00
6.130000000000000000e+06	0.000000000000000000e+00
6.135000000000000000e+06	0.000000000000000000e+00
6.140000000000000000e+06	0.000000000000000000e+00
6.145000000000000000e+06	0.000000000000000000e+00
6.150000000000000000e+06	0.000000000000000000e+00
6.155000000000000000e+06	0.000000000000000000e+00
6.160000000000000000e+06	0.000000000000000000e+00
6.165000000000000000e+06	0.000000000000000000e+00
6.170000000000000000e+06	0.000000000000000000e+00
6.175000000000000000e+06	0.000000000000000000e+00
6.180000000000000000e+06	0.000000000000000000e+00
6.185000000000000000e+06	0.000000000000000000e+00
6.190000000000000000e+06	0.000000000000000000e+00
6.195000000000000000e+06	0.000000000000000000e+00
6.200000000000000000e+06	0.000000000000000000e+00
6.205000000000000000e+06	0.000000000000000000e+00
6.210000000000000000e+06	0.000000000000000000e+00
6.260000000000000000e+06	0.000000000000000000e+00
6.330000000000000000e+06	0.000000000000000000e+00
6.360000000000000000e+06	0.000000000000000000e+00
6.380000000000000000e+06	0.000000000000000000e+00
6.385000000000000000e+06	0.000000000000000000e+00
6.400000000000000000e+06	0.000000000000000000e+00
6.405000000000000000e+06	0.000000000000000000e+00
6.410000000000000000e+06	0.000000000000000000e+00
6.415000000000000000e+06	0.000000000000000000e+00
6.420000000000000000e+06	0.000000000000000000e+00
6.425000000000000000e+06	0.000000000000000000e+00
6.430000000000000000e+06	0.000000000000000000e+00
6.435000000000000000e+06	0.000000000000000000e+00
6.440000000000000000e+06	0.000000000000000000e+00
6.445000000000000000e+06	0.000000000000000000e+00
6.450000000000000000e+06	0.000000000000000000e+00
6.455000000000000000e+06	0.000000000000000000e+00
6.460000000000000000e+06	0.000000000000000000e+00
6.465000000000000000e+06	0.000000000000000000e+00
6.470000000000000000e+06	0.000000000000000000e+00
6.475000000000000000e+06	0.000000000000000000e+00
6.480000000000000000e+06	0.000000000000000000e+00
6.485000000000000000e+06	0.000000000000000000e+00
6.490000000000000000e+06	0.000000000000000000e+00
6.495000000000000000e+06	0.000000000000000000e+00
6.500000000000000000e+06	0.000000000000000000e+00
6.505000000000000000e+06	0.000000000000000000e+00
6.510000000000000000e+06	0.000000000000000000e+00
6.515000000000000000e+06	0.000000000000000000e+00
6.520000000000000000e+06	0.000000000000000000e+00
6.525000000000000000e+06	0.000000000000000000e+00
6.530000000000000000e+06	0.000000000000000000e+00
6.535000000000000000e+06	0.000000000000000000e+00
6.540000000000000000e+06	0.000000000000000000e+00
6.545000000000000000e+06	0.000000000000000000e+00
6.550000000000000000e+06	0.000000000000000000e+00
6.555000000000000000e+06	0.000000000000000000e+00
6.560000000000000000e+06	0.000000000000000000e+00
6.565000000000000000e+06	0.000000000000000000e+00
6.570000000000000000e+06	0.000000000000000000e+00
6.575000000000000000e+06	0.000000000000000000e+00
6.580000000000000000e+06	0.000000000000000000e+00
6.585000000000000000e+06	0.000000000000000000e+00
6.590000000000000000e+06	0.000000000000000000e+00
6.595000000000000000e+06	0.000000000000000000e+00
6.600000000000000000e+06	0.000000000000000000e+00
6.605000000000000000e+06	0.000000000000000000e+00
6.610000000000000000e+06	0.000000000000000000e+00
6.615000000000000000e+06	0.000000000000000000e+00
6.620000000000000000e+06	0.000000000000000000e+00
6.625000000000000000e+06	0.000000000000000000e+00
6.630000000000000000e+06	0.000000000000000000e+00
6.635000000000000000e+06	0.000000000000000000e+00
6.640000000000000000e+06	0.000000000000000000e+00
6.645000000000000000e+06	0.000000000000000000e+00
6.650000000000000000e+06	0.000000000000000000e+00
6.655000000000000000e+06	0.000000000000000000e+00
6.660000000000000000e+06	0.000000000000000000e+00
6.665000000000000000e+06	0.000000000000000000e+00
6.670000000000000000e+06	0.000000000000000000e+00
6.675000000000000000e+06	0.000000000000000000e+00
6.680000000000000000e+06	0.000000000000000000e+00
6.685000000000000000e+06	0.000000000000000000e+00
6.690000000000000000e+06	0.000000000000000000e+00
6.695000000000000000e+06	0.000000000000000000e+00
6.700000000000000000e+06	0.000000000000000000e+00
6.705000000000000000e+06	0.000000000000000000e+00
6.710000000000000000e+06	0.000000000000000000e+00
6.715000000000000000e+06	0.000000000000000000e+00
6.720000000000000000e+06	0.000000000000000000e+00
6.725000000000000000e+06	0.000000000000000000e+00
6.755000000000000000e+06	0.000000000000000000e+00
6.760000000000000000e+06	0.000000000000000000e+00
6.775000000000000000e+06	0.000000000000000000e+00
6.785000000000000000e+06	0.000000000000000000e+00
6.790000000000000000e+06	0.000000000000000000e+00
6.795000000000000000e+06	0.000000000000000000e+00
9.875000000000000000e+06	0.000000000000000000e+00
9.890000000000000000e+06	0.000000000000000000e+00
9.910000000000000000e+06	0.000000000000000000e+00
9.915000000000000000e+06	0.000000000000000000e+00
9.925000000000000000e+06	0.000000000000000000e+00
9.930000000000000000e+06	0.000000000000000000e+00
9.935000000000000000e+06	0.000000000000000000e+00
9.940000000000000000e+06	0.000000000000000000e+00
9.945000000000000000e+06	0.000000000000000000e+00
9.965000000000000000e+06	0.000000000000000000e+00
9.970000000000000000e+06	0.000000000000000000e+00
9.975000000000000000e+06	0.000000000000000000e+00
9.980000000000000000e+06	0.000000000000000000e+00
1.000000000000000000e+07	0.000000000000000000e+00
1.003000000000000000e+07	0.000000000000000000e+00
1.003500000000000000e+07	0.000000000000000000e+00
1.004000000000000000e+07	0.000000000000000000e+00
1.004500000000000000e+07	0.000000000000000000e+00
1.005000000000000000e+07	0.000000000000000000e+00
1.005500000000000000e+07	0.000000000000000000e+00
1.006000000000000000e+07	0.000000000000000000e+00
1.006500000000000000e+07	0.000000000000000000e+00
1.007000000000000000e+07	0.000000000000000000e+00
1.008000000000000000e+07	0.000000000000000000e+00
1.008500000000000000e+07	0.000000000000000000e+00
1.009000000000000000e+07	0.000000000000000000e+00
1.009500000000000000e+07	0.000000000000000000e+00
1.010000000000000000e+07	0.000000000000000000e+00
1.010500000000000000e+07	0.000000000000000000e+00
1.011000000000000000e+07	0.000000000000000000e+00
1.011500000000000000e+07	0.000000000000000000e+00
1.012000000000000000e+07	0.000000000000000000e+00
1.012500000000000000e+07	0.000000000000000000e+00
1.013000000000000000e+07	0.000000000000000000e+00
1.013500000000000000e+07	0.000000000000000000e+00
1.014000000000000000e+07	0.000000000000000000e+00
1.014500000000000000e+07	0.000000000000000000e+00
1.015000000000000000e+07	0.000000000000000000e+00
1.015500000000000000e+07	0.000000000000000000e+00
1.016000000000000000e+07	0.000000000000000000e+00
1.016500000000000000e+07	0.000000000000000000e+00
1.017000000000000000e+07	0.000000000000000000e+00
1.017500000000000000e+07	0.000000000000000000e+00
1.018000000000000000e+07	0.000000000000000000e+00
1.018500000000000000e+07	0.000000000000000000e+00
1.019000000000000000e+07	0.000000000000000000e+00
1.019500000000000000e+07	0.000000000000000000e+00
1.020000000000000000e+07	0.000000000000000000e+00
1.020500000000000000e+07	0.000000000000000000e+00
1.021000000000000000e+07	0.000000000000000000e+00
1.021500000000000000e+07	0.000000000000000000e+00
1.022000000000000000e+07	0.000000000000000000e+00
1.022500000000000000e+07	0.000000000000000000e+00
1.023500000000000000e+07	0.000000000000000000e+00
1.024000000000000000e+07	0.000000000000000000e+00
1.024500000000000000e+07	0.000000000000000000e+00
1.025000000000000000e+07	0.000000000000000000e+00
1.025500000000000000e+07	0.000000000000000000e+00
1.026000000000000000e+07	0.000000000000000000e+00
1.026500000000000000e+07	0.000000000000000000e+00
1.027000000000000000e+07	0.000000000000000000e+00
1.027500000000000000e+07	0.000000000000000000e+00
1.028000000000000000e+07	0.000000000000000000e+00
1.028500000000000000e+07	0.000000000000000000e+00
1.029500000000000000e+07	0.000000000000000000e+00
1.030000000000000000e+07	0.000000000000000000e+00
1.030500000000000000e+07	0.000000000000000000e+00
1.031000000000000000e+07	0.000000000000000000e+00
1.031500000000000000e+07	0.000000000000000000e+00
1.032000000000000000e+07	0.000000000000000000e+00
1.032500000000000000e+07	0.000000000000000000e+00
1.033000000000000000e+07	0.000000000000000000e+00
1.033500000000000000e+07	0.000000000000000000e+00
1.034000000000000000e+07	0.000000000000000000e+00
1.034500000000000000e+07	0.000000000000000000e+00
1.035500000000000000e+07	0.000000000000000000e+00
1.036000000000000000e+07	0.000000000000000000e+00
1.037000000000000000e+07	0.000000000000000000e+00
1.037500000000000000e+07	0.000000000000000000e+00
1.038000000000000000e+07	0.000000000000000000e+00
1.038500000000000000e+07	0.000000000000000000e+00
1.039000000000000000e+07	0.000000000000000000e+00
1.083500000000000000e+07	0.000000000000000000e+00
1.084000000000000000e+07	0.000000000000000000e+00
1.094000000000000000e+07	0.000000000000000000e+00
1.094500000000000000e+07	0.000000000000000000e+00
1.095000000000000000e+07	0.000000000000000000e+00
1.095500000000000000e+07	0.000000000000000000e+00
1.098000000000000000e+07	0.000000000000000000e+00
1.106000000000000000e+07	0.000000000000000000e+00
1.107000000000000000e+07	0.000000000000000000e+00
1.108500000000000000e+07	0.000000000000000000e+00
1.156000000000000000e+07	0.000000000000000000e+00
1.156500000000000000e+07	0.000000000000000000e+00
1.157000000000000000e+07	0.000000000000000000e+00
1.157500000000000000e+07	0.000000000000000000e+00
1.158000000000000000e+07	0.000000000000000000e+00
1.158500000000000000e+07	0.000000000000000000e+00
1.159000000000000000e+07	0.000000000000000000e+00
1.159500000000000000e+07	0.000000000000000000e+00
1.160000000000000000e+07	0.000000000000000000e+00
1.160500000000000000e+07	0.000000000000000000e+00
1.161000000000000000e+07	0.000000000000000000e+00
1.161500000000000000e+07	0.000000000000000000e+00
1.162000000000000000e+07	0.000000000000000000e+00
1.162500000000000000e+07	0.000000000000000000e+00
1.163000000000000000e+07	0.000000000000000000e+00
1.163500000000000000e+07	0.000000000000000000e+00
1.164000000000000000e+07	0.000000000000000000e+00
1.164500000000000000e+07	0.000000000000000000e+00
1.165000000000000000e+07	0.000000000000000000e+00
1.165500000000000000e+07	0.000000000000000000e+00
1.166000000000000000e+07	0.000000000000000000e+00
1.166500000000000000e+07	0.000000000000000000e+00
1.167000000000000000e+07	0.000000000000000000e+00
1.167500000000000000e+07	0.000000000000000000e+00
1.168000000000000000e+07	0.000000000000000000e+00
1.168500000000000000e+07	0.000000000000000000e+00
1.169000000000000000e+07	0.000000000000000000e+00
1.169500000000000000e+07	0.000000000000000000e+00
1.170000000000000000e+07	0.000000000000000000e+00
1.170500000000000000e+07	0.000000000000000000e+00
1.171000000000000000e+07	0.000000000000000000e+00
1.171500000000000000e+07	0.000000000000000000e+00
1.172000000000000000e+07	0.000000000000000000e+00
1.172500000000000000e+07	0.000000000000000000e+00
1.173000000000000000e+07	0.000000000000000000e+00
1.173500000000000000e+07	0.000000000000000000e+00
1.174000000000000000e+07	0.000000000000000000e+00
1.174500000000000000e+07	0.000000000000000000e+00
1.175000000000000000e+07	0.000000000000000000e+00
1.175500000000000000e+07	0.000000000000000000e+00
1.176000000000000000e+07	0.000000000000000000e+00
1.176500000000000000e+07	0.000000000000000000e+00
1.177000000000000000e+07	0.000000000000000000e+00
1.196000000000000000e+07	0.000000000000000000e+00
1.196500000000000000e+07	0.000000000000000000e+00
1.197000000000000000e+07	0.000000000000000000e+00
1.214000000000000000e+07	0.000000000000000000e+00
1.215500000000000000e+07	0.000000000000000000e+00
1.217000000000000000e+07	0.000000000000000000e+00
1.219000000000000000e+07	0.000000000000000000e+00
1.219500000000000000e+07	0.000000000000000000e+00
1.220000000000000000e+07	0.000000000000000000e+00
1.244500000000000000e+07	0.000000000000000000e+00
1.245000000000000000e+07	0.000000000000000000e+00
1.259500000000000000e+07	0.000000000000000000e+00
1.260000000000000000e+07	0.000000000000000000e+00
1.322500000000000000e+07	0.000000000000000000e+00
1.327000000000000000e+07	0.000000000000000000e+00
1.328500000000000000e+07	0.000000000000000000e+00
1.329000000000000000e+07	0.000000000000000000e+00
1.329500000000000000e+07	0.000000000000000000e+00
1.330000000000000000e+07	0.000000000000000000e+00
1.330500000000000000e+07	0.000000000000000000e+00
1.331000000000000000e+07	0.000000000000000000e+00
1.331500000000000000e+07	0.000000000000000000e+00
1.332000000000000000e+07	0.000000000000000000e+00
1.332500000000000000e+07	0.000000000000000000e+00
1.333000000000000000e+07	0.000000000000000000e+00
1.333500000000000000e+07	0.000000000000000000e+00
1.334000000000000000e+07	0.000000000000000000e+00
1.334500000000000000e+07	0.000000000000000000e+00
1.335000000000000000e+07	0.000000000000000000e+00
1.335500000000000000e+07	0.000000000000000000e+00
1.336000000000000000e+07	0.000000000000000000e+00
1.336500000000000000e+07	0.000000000000000000e+00
1.337000000000000000e+07	0.000000000000000000e+00
1.337500000000000000e+07	0.000000000000000000e+00
1.338000000000000000e+07	0.000000000000000000e+00
1.338500000000000000e+07	0.000000000000000000e+00
1.339000000000000000e+07	0.000000000000000000e+00
1.339500000000000000e+07	0.000000000000000000e+00
1.340000000000000000e+07	0.000000000000000000e+00
1.340500000000000000e+07	0.000000000000000000e+00
1.341000000000000000e+07	0.000000000000000000e+00
1.341500000000000000e+07	0.000000000000000000e+00
1.342000000000000000e+07	0.000000000000000000e+00
1.342500000000000000e+07	0.000000000000000000e+00
1.343000000000000000e+07	0.000000000000000000e+00
1.343500000000000000e+07	0.000000000000000000e+00
1.344000000000000000e+07	0.000000000000000000e+00
1.344500000000000000e+07	0.000000000000000000e+00
1.345000000000000000e+07	0.000000000000000000e+00
1.345500000000000000e+07	0.000000000000000000e+00
1.346000000000000000e+07	0.000000000000000000e+00
1.346500000000000000e+07	0.000000000000000000e+00
1.347000000000000000e+07	0.000000000000000000e+00
1.347500000000000000e+07	0.000000000000000000e+00
1.348000000000000000e+07	0.000000000000000000e+00
1.348500000000000000e+07	0.000000000000000000e+00
1.349000000000000000e+07	0.000000000000000000e+00
1.349500000000000000e+07	0.000000000000000000e+00
1.350000000000000000e+07	0.000000000000000000e+00
1.350500000000000000e+07	0.000000000000000000e+00
1.351000000000000000e+07	0.000000000000000000e+00
1.351500000000000000e+07	0.000000000000000000e+00
1.352000000000000000e+07	0.000000000000000000e+00
1.352500000000000000e+07	0.000000000000000000e+00
1.353000000000000000e+07	0.000000000000000000e+00
1.353500000000000000e+07	0.000000000000000000e+00
1.354000000000000000e+07	0.000000000000000000e+00
1.354500000000000000e+07	0.000000000000000000e+00
1.355000000000000000e+07	0.000000000000000000e+00
1.355500000000000000e+07	0.000000000000000000e+00
1.356000000000000000e+07	0.000000000000000000e+00
1.356500000000000000e+07	0.000000000000000000e+00
1.357000000000000000e+07	0.000000000000000000e+00
1.357500000000000000e+07	0.000000000000000000e+00
1.358000000000000000e+07	0.000000000000000000e+00
1.358500000000000000e+07	0.000000000000000000e+00
1.359000000000000000e+07	0.000000000000000000e+00
1.359500000000000000e+07	0.000000000000000000e+00
1.360000000000000000e+07	0.000000000000000000e+00
1.360500000000000000e+07	0.000000000000000000e+00
1.361000000000000000e+07	0.000000000000000000e+00
1.361500000000000000e+07	0.000000000000000000e+00
1.362000000000000000e+07	0.000000000000000000e+00
1.362500000000000000e+07	0.000000000000000000e+00
1.363000000000000000e+07	0.000000000000000000e+00
1.363500000000000000e+07	0.000000000000000000e+00
1.364000000000000000e+07	0.000000000000000000e+00
1.364500000000000000e+07	0.000000000000000000e+00
1.365000000000000000e+07	0.000000000000000000e+00
1.365500000000000000e+07	0.000000000000000000e+00
1.366000000000000000e+07	0.000000000000000000e+00
1.366500000000000000e+07	0.000000000000000000e+00
1.367000000000000000e+07	0.000000000000000000e+00
1.367500000000000000e+07	0.000000000000000000e+00
1.368000000000000000e+07	0.000000000000000000e+00
1.368500000000000000e+07	0.000000000000000000e+00
1.369000000000000000e+07	0.000000000000000000e+00
1.369500000000000000e+07	0.000000000000000000e+00
1.370000000000000000e+07	0.000000000000000000e+00
1.370500000000000000e+07	0.000000000000000000e+00
1.371000000000000000e+07	0.000000000000000000e+00
1.371500000000000000e+07	0.000000000000000000e+00
1.372000000000000000e+07	0.000000000000000000e+00
1.372500000000000000e+07	0.000000000000000000e+00
1.373000000000000000e+07	0.000000000000000000e+00
1.373500000000000000e+07	0.000000000000000000e+00
1.374000000000000000e+07	0.000000000000000000e+00
1.374500000000000000e+07	0.000000000000000000e+00
1.375000000000000000e+07	0.000000000000000000e+00
1.375500000000000000e+07	0.000000000000000000e+00
1.376000000000000000e+07	0.000000000000000000e+00
1.376500000000000000e+07	0.000000000000000000e+00
1.377000000000000000e+07	0.000000000000000000e+00
1.377500000000000000e+07	0.000000000000000000e+00
1.378000000000000000e+07	0.000000000000000000e+00
1.378500000000000000e+07	0.000000000000000000e+00
1.379000000000000000e+07	0.000000000000000000e+00
1.379500000000000000e+07	0.000000000000000000e+00
1.380000000000000000e+07	0.000000000000000000e+00
1.380500000000000000e+07	0.000000000000000000e+00
1.381000000000000000e+07	0.000000000000000000e+00
1.381500000000000000e+07	0.000000000000000000e+00
1.382000000000000000e+07	0.000000000000000000e+00
1.382500000000000000e+07	0.000000000000000000e+00
1.383000000000000000e+07	0.000000000000000000e+00
1.383500000000000000e+07	0.000000000000000000e+00
1.384000000000000000e+07	0.000000000000000000e+00
1.384500000000000000e+07	0.000000000000000000e+00
1.385000000000000000e+07	0.000000000000000000e+00
1.385500000000000000e+07	0.000000000000000000e+00
1.386000000000000000e+07	0.000000000000000000e+00
1.386500000000000000e+07	0.000000000000000000e+00
1.387000000000000000e+07	0.000000000000000000e+00
1.387500000000000000e+07	0.000000000000000000e+00
1.501500000000000000e+07	0.000000000000000000e+00
1.502000000000000000e+07	0.000000000000000000e+00
1.502500000000000000e+07	0.000000000000000000e+00
1.503000000000000000e+07	0.000000000000000000e+00
1.503500000000000000e+07	0.000000000000000000e+00
1.504000000000000000e+07	0.000000000000000000e+00
1.504500000000000000e+07	0.000000000000000000e+00
1.505000000000000000e+07	0.000000000000000000e+00
1.505500000000000000e+07	0.000000000000000000e+00
1.506000000000000000e+07	0.000000000000000000e+00
1.506500000000000000e+07	0.000000000000000000e+00
1.507000000000000000e+07	0.000000000000000000e+00
1.507500000000000000e+07	0.000000000000000000e+00
1.508000000000000000e+07	0.000000000000000000e+00
1.508500000000000000e+07	0.000000000000000000e+00
1.509000000000000000e+07	0.000000000000000000e+00
1.509500000000000000e+07	0.000000000000000000e+00
1.510000000000000000e+07	0.000000000000000000e+00
1.510500000000000000e+07	0.000000000000000000e+00
1.511000000000000000e+07	0.000000000000000000e+00
1.511500000000000000e+07	0.000000000000000000e+00
1.512000000000000000e+07	0.000000000000000000e+00
1.512500000000000000e+07	0.000000000000000000e+00
1.513000000000000000e+07	0.000000000000000000e+00
1.513500000000000000e+07	0.000000000000000000e+00
1.514000000000000000e+07	0.000000000000000000e+00
1.514500000000000000e+07	0.000000000000000000e+00
1.515000000000000000e+07	0.000000000000000000e+00
1.515500000000000000e+07	0.000000000000000000e+00
1.516000000000000000e+07	0.000000000000000000e+00
1.516500000000000000e+07	0.000000000000000000e+00
1.517000000000000000e+07	0.000000000000000000e+00
1.517500000000000000e+07	0.000000000000000000e+00
1.518000000000000000e+07	0.000000000000000000e+00
1.518500000000000000e+07	0.000000000000000000e+00
1.519000000000000000e+07	0.000000000000000000e+00
1.519500000000000000e+07	0.000000000000000000e+00
1.520000000000000000e+07	0.000000000000000000e+00
1.520500000000000000e+07	0.000000000000000000e+00
1.521000000000000000e+07	0.000000000000000000e+00
1.521500000000000000e+07	0.000000000000000000e+00
1.522000000000000000e+07	0.000000000000000000e+00
1.522500000000000000e+07	0.000000000000000000e+00
1.523000000000000000e+07	0.000000000000000000e+00
1.523500000000000000e+07	0.000000000000000000e+00
1.524000000000000000e+07	0.000000000000000000e+00
1.524500000000000000e+07	0.000000000000000000e+00
1.525000000000000000e+07	0.000000000000000000e+00
1.525500000000000000e+07	0.000000000000000000e+00
1.526000000000000000e+07	0.000000000000000000e+00
1.526500000000000000e+07	0.000000000000000000e+00
1.527000000000000000e+07	0.000000000000000000e+00
1.527500000000000000e+07	0.000000000000000000e+00
1.528000000000000000e+07	0.000000000000000000e+00
1.528500000000000000e+07	0.000000000000000000e+00
1.529000000000000000e+07	0.000000000000000000e+00
1.529500000000000000e+07	0.000000000000000000e+00
1.530000000000000000e+07	0.000000000000000000e+00
1.530500000000000000e+07	0.000000000000000000e+00
1.531000000000000000e+07	0.000000000000000000e+00
1.531500000000000000e+07	0.000000000000000000e+00
1.532000000000000000e+07	0.000000000000000000e+00
1.532500000000000000e+07	0.000000000000000000e+00
1.533000000000000000e+07	0.000000000000000000e+00
1.533500000000000000e+07	0.000000000000000000e+00
1.534000000000000000e+07	0.000000000000000000e+00
1.534500000000000000e+07	0.000000000000000000e+00
1.535000000000000000e+07	0.000000000000000000e+00
1.535500000000000000e+07	0.000000000000000000e+00
1.536000000000000000e+07	0.000000000000000000e+00
1.536500000000000000e+07	0.000000000000000000e+00
1.537000000000000000e+07	0.000000000000000000e+00
1.537500000000000000e+07	0.000000000000000000e+00
1.538000000000000000e+07	0.000000000000000000e+00
1.538500000000000000e+07	0.000000000000000000e+00
1.539000000000000000e+07	0.000000000000000000e+00
1.539500000000000000e+07	0.000000000000000000e+00
1.540000000000000000e+07	0.000000000000000000e+00
1.540500000000000000e+07	0.000000000000000000e+00
1.541000000000000000e+07	0.000000000000000000e+00
1.541500000000000000e+07	0.000000000000000000e+00
1.542000000000000000e+07	0.000000000000000000e+00
1.542500000000000000e+07	0.000000000000000000e+00
1.543000000000000000e+07	0.000000000000000000e+00
1.543500000000000000e+07	0.000000000000000000e+00
1.544000000000000000e+07	0.000000000000000000e+00
1.544500000000000000e+07	0.000000000000000000e+00
1.545000000000000000e+07	0.000000000000000000e+00
1.545500000000000000e+07	0.000000000000000000e+00
1.546000000000000000e+07	0.000000000000000000e+00
1.546500000000000000e+07	0.000000000000000000e+00
1.547000000000000000e+07	0.000000000000000000e+00
1.547500000000000000e+07	0.000000000000000000e+00
1.548000000000000000e+07	0.000000000000000000e+00
1.548500000000000000e+07	0.000000000000000000e+00
1.549000000000000000e+07	0.000000000000000000e+00
1.549500000000000000e+07	0.000000000000000000e+00
1.550000000000000000e+07	0.000000000000000000e+00
1.550500000000000000e+07	0.000000000000000000e+00
1.551000000000000000e+07	0.000000000000000000e+00
1.551500000000000000e+07	0.000000000000000000e+00
1.552000000000000000e+07	0.000000000000000000e+00
1.552500000000000000e+07	0.000000000000000000e+00
1.553000000000000000e+07	0.000000000000000000e+00
1.553500000000000000e+07	0.000000000000000000e+00
1.554000000000000000e+07	0.000000000000000000e+00
1.554500000000000000e+07	0.000000000000000000e+00
1.555000000000000000e+07	0.000000000000000000e+00
1.555500000000000000e+07	0.000000000000000000e+00
1.556000000000000000e+07	0.000000000000000000e+00
1.556500000000000000e+07	0.000000000000000000e+00
1.557000000000000000e+07	0.000000000000000000e+00
1.557500000000000000e+07	0.000000000000000000e+00
1.558000000000000000e+07	0.000000000000000000e+00
1.558500000000000000e+07	0.000000000000000000e+00
1.559000000000000000e+07	0.000000000000000000e+00
1.559500000000000000e+07	0.000000000000000000e+00
1.560000000000000000e+07	0.000000000000000000e+00
1.560500000000000000e+07	0.000000000000000000e+00
1.561000000000000000e+07	0.000000000000000000e+00
1.561500000000000000e+07	0.000000000000000000e+00
1.562000000000000000e+07	0.000000000000000000e+00
1.562500000000000000e+07	0.000000000000000000e+00
1.563000000000000000e+07	0.000000000000000000e+00
1.563500000000000000e+07	0.000000000000000000e+00
1.564000000000000000e+07	0.000000000000000000e+00
1.564500000000000000e+07	0.000000000000000000e+00
1.565000000000000000e+07	0.000000000000000000e+00
1.565500000000000000e+07	0.000000000000000000e+00
1.566000000000000000e+07	0.000000000000000000e+00
1.566500000000000000e+07	0.000000000000000000e+00
1.567000000000000000e+07	0.000000000000000000e+00
1.567500000000000000e+07	0.000000000000000000e+00
1.568000000000000000e+07	0.000000000000000000e+00
1.568500000000000000e+07	0.000000000000000000e+00
1.569000000000000000e+07	0.000000000000000000e+00
1.569500000000000000e+07	0.000000000000000000e+00
1.570000000000000000e+07	0.000000000000000000e+00
1.570500000000000000e+07	0.000000000000000000e+00
1.571000000000000000e+07	0.000000000000000000e+00
1.571500000000000000e+07	0.000000000000000000e+00
1.572000000000000000e+07	0.000000000000000000e+00
1.572500000000000000e+07	0.000000000000000000e+00
1.573000000000000000e+07	0.000000000000000000e+00
1.573500000000000000e+07	0.000000000000000000e+00
1.574000000000000000e+07	0.000000000000000000e+00
1.574500000000000000e+07	0.000000000000000000e+00
1.575000000000000000e+07	0.000000000000000000e+00
1.575500000000000000e+07	0.000000000000000000e+00
1.576000000000000000e+07	0.000000000000000000e+00
1.576500000000000000e+07	0.000000000000000000e+00
1.577000000000000000e+07	0.000000000000000000e+00
1.577500000000000000e+07	0.000000000000000000e+00
1.578000000000000000e+07	0.000000000000000000e+00
1.578500000000000000e+07	0.000000000000000000e+00
1.579000000000000000e+07	0.000000000000000000e+00
1.579500000000000000e+07	0.000000000000000000e+00
1.580000000000000000e+07	0.000000000000000000e+00
1.580500000000000000e+07	0.000000000000000000e+00
1.581000000000000000e+07	0.000000000000000000e+00
1.581500000000000000e+07	0.000000000000000000e+00
1.582000000000000000e+07	0.000000000000000000e+00
1.582500000000000000e+07	0.000000000000000000e+00
1.583000000000000000e+07	0.000000000000000000e+00
1.583500000000000000e+07	0.000000000000000000e+00
1.584000000000000000e+07	0.000000000000000000e+00
1.584500000000000000e+07	0.000000000000000000e+00
1.585000000000000000e+07	0.000000000000000000e+00
1.585500000000000000e+07	0.000000000000000000e+00
1.586000000000000000e+07	0.000000000000000000e+00
1.586500000000000000e+07	0.000000000000000000e+00
1.587000000000000000e+07	0.000000000000000000e+00
1.587500000000000000e+07	0.000000000000000000e+00
1.588000000000000000e+07	0.000000000000000000e+00
1.588500000000000000e+07	0.000000000000000000e+00
1.589000000000000000e+07	0.000000000000000000e+00
1.589500000000000000e+07	0.000000000000000000e+00
1.590000000000000000e+07	0.000000000000000000e+00
1.590500000000000000e+07	0.000000000000000000e+00
1.591000000000000000e+07	0.000000000000000000e+00
1.591500000000000000e+07	0.000000000000000000e+00
1.592000000000000000e+07	0.000000000000000000e+00
1.592500000000000000e+07	0.000000000000000000e+00
1.593000000000000000e+07	0.000000000000000000e+00
1.593500000000000000e+07	0.000000000000000000e+00
1.594000000000000000e+07	0.000000000000000000e+00
1.594500000000000000e+07	0.000000000000000000e+00
1.595000000000000000e+07	0.000000000000000000e+00
1.595500000000000000e+07	0.000000000000000000e+00
1.596000000000000000e+07	0.000000000000000000e+00
1.596500000000000000e+07	0.000000000000000000e+00
1.597000000000000000e+07	0.000000000000000000e+00
1.597500000000000000e+07	0.000000000000000000e+00
1.598000000000000000e+07	0.000000000000000000e+00
1.598500000000000000e+07	0.000000000000000000e+00
1.599000000000000000e+07	0.000000000000000000e+00
1.599500000000000000e+07	0.000000000000000000e+00
1.600000000000000000e+07	0.000000000000000000e+00
1.600500000000000000e+07	0.000000000000000000e+00
1.601000000000000000e+07	0.000000000000000000e+00
1.601500000000000000e+07	0.000000000000000000e+00
1.602000000000000000e+07	0.000000000000000000e+00
1.602500000000000000e+07	0.000000000000000000e+00
1.603000000000000000e+07	0.000000000000000000e+00
1.603500000000000000e+07	0.000000000000000000e+00
1.604000000000000000e+07	0.000000000000000000e+00
1.604500000000000000e+07	0.000000000000000000e+00
1.605000000000000000e+07	0.000000000000000000e+00
1.605500000000000000e+07	0.000000000000000000e+00
1.606000000000000000e+07	0.000000000000000000e+00
1.606500000000000000e+07	0.000000000000000000e+00
1.607000000000000000e+07	0.000000000000000000e+00
1.607500000000000000e+07	0.000000000000000000e+00
1.608000000000000000e+07	0.000000000000000000e+00
1.608500000000000000e+07	0.000000000000000000e+00
1.609000000000000000e+07	0.000000000000000000e+00
1.609500000000000000e+07	0.000000000000000000e+00
1.610000000000000000e+07	0.000000000000000000e+00
1.610500000000000000e+07	0.000000000000000000e+00
1.611000000000000000e+07	0.000000000000000000e+00
1.611500000000000000e+07	0.000000000000000000e+00
1.612000000000000000e+07	0.000000000000000000e+00
1.612500000000000000e+07	0.000000000000000000e+00
1.613000000000000000e+07	0.000000000000000000e+00
1.613500000000000000e+07	0.000000000000000000e+00
1.614000000000000000e+07	0.000000000000000000e+00
1.614500000000000000e+07	0.000000000000000000e+00
1.615000000000000000e+07	0.000000000000000000e+00
1.615500000000000000e+07	0.000000000000000000e+00
1.616000000000000000e+07	0.000000000000000000e+00
1.616500000000000000e+07	0.000000000000000000e+00
1.617000000000000000e+07	0.000000000000000000e+00
1.617500000000000000e+07	0.000000000000000000e+00
1.618000000000000000e+07	0.000000000000000000e+00
1.618500000000000000e+07	0.000000000000000000e+00
1.619000000000000000e+07	0.000000000000000000e+00
1.619500000000000000e+07	0.000000000000000000e+00
1.620000000000000000e+07	0.000000000000000000e+00
1.620500000000000000e+07	0.000000000000000000e+00
1.621000000000000000e+07	0.000000000000000000e+00
1.621500000000000000e+07	0.000000000000000000e+00
1.622000000000000000e+07	0.000000000000000000e+00
1.622500000000000000e+07	0.000000000000000000e+00
1.623000000000000000e+07	0.000000000000000000e+00
1.623500000000000000e+07	0.000000000000000000e+00
1.624000000000000000e+07	0.000000000000000000e+00
1.624500000000000000e+07	0.000000000000000000e+00
1.625000000000000000e+07	0.000000000000000000e+00
1.625500000000000000e+07	0.000000000000000000e+00
1.626000000000000000e+07	0.000000000000000000e+00
1.626500000000000000e+07	0.000000000000000000e+00
1.627000000000000000e+07	0.000000000000000000e+00
1.627500000000000000e+07	0.000000000000000000e+00
1.628000000000000000e+07	0.000000000000000000e+00
1.628500000000000000e+07	0.000000000000000000e+00
1.629000000000000000e+07	0.000000000000000000e+00
1.629500000000000000e+07	0.000000000000000000e+00
1.630000000000000000e+07	0.000000000000000000e+00
1.630500000000000000e+07	0.000000000000000000e+00
1.631000000000000000e+07	0.000000000000000000e+00
1.631500000000000000e+07	0.000000000000000000e+00
1.632000000000000000e+07	0.000000000000000000e+00
1.632500000000000000e+07	0.000000000000000000e+00
1.633000000000000000e+07	0.000000000000000000e+00
1.633500000000000000e+07	0.000000000000000000e+00
1.634000000000000000e+07	0.000000000000000000e+00
1.634500000000000000e+07	0.000000000000000000e+00
1.635000000000000000e+07	0.000000000000000000e+00
1.635500000000000000e+07	0.000000000000000000e+00
1.636000000000000000e+07	0.000000000000000000e+00
1.636500000000000000e+07	0.000000000000000000e+00
1.637000000000000000e+07	0.000000000000000000e+00
1.637500000000000000e+07	0.000000000000000000e+00
1.638000000000000000e+07	0.000000000000000000e+00
1.638500000000000000e+07	0.000000000000000000e+00
1.639000000000000000e+07	0.000000000000000000e+00
1.639500000000000000e+07	0.000000000000000000e+00
1.640000000000000000e+07	0.000000000000000000e+00
1.640500000000000000e+07	0.000000000000000000e+00
1.641000000000000000e+07	0.000000000000000000e+00
1.641500000000000000e+07	0.000000000000000000e+00
1.642000000000000000e+07	0.000000000000000000e+00
1.642500000000000000e+07	0.000000000000000000e+00
1.643000000000000000e+07	0.000000000000000000e+00
1.643500000000000000e+07	0.000000000000000000e+00
1.644000000000000000e+07	0.000000000000000000e+00
1.644500000000000000e+07	0.000000000000000000e+00
1.645000000000000000e+07	0.000000000000000000e+00
1.645500000000000000e+07	0.000000000000000000e+00
1.646000000000000000e+07	0.000000000000000000e+00
1.646500000000000000e+07	0.000000000000000000e+00
1.647000000000000000e+07	0.000000000000000000e+00
1.647500000000000000e+07	0.000000000000000000e+00
1.648000000000000000e+07	0.000000000000000000e+00
1.648500000000000000e+07	0.000000000000000000e+00
1.649000000000000000e+07	0.000000000000000000e+00
1.649500000000000000e+07	0.000000000000000000e+00
1.650000000000000000e+07	0.000000000000000000e+00
1.650500000000000000e+07	0.000000000000000000e+00
1.651000000000000000e+07	0.000000000000000000e+00
1.651500000000000000e+07	0.000000000000000000e+00
1.652000000000000000e+07	0.000000000000000000e+00
1.652500000000000000e+07	0.000000000000000000e+00
1.653000000000000000e+07	0.000000000000000000e+00
1.653500000000000000e+07	0.000000000000000000e+00
1.654000000000000000e+07	0.000000000000000000e+00
1.654500000000000000e+07	0.000000000000000000e+00
1.655000000000000000e+07	0.000000000000000000e+00
1.655500000000000000e+07	0.000000000000000000e+00
1.656000000000000000e+07	0.000000000000000000e+00
1.656500000000000000e+07	0.000000000000000000e+00
1.657000000000000000e+07	0.000000000000000000e+00
1.657500000000000000e+07	0.000000000000000000e+00
1.658000000000000000e+07	0.000000000000000000e+00
1.658500000000000000e+07	0.000000000000000000e+00
1.659000000000000000e+07	0.000000000000000000e+00
1.659500000000000000e+07	0.000000000000000000e+00
1.660000000000000000e+07	0.000000000000000000e+00
1.660500000000000000e+07	0.000000000000000000e+00
1.661000000000000000e+07	0.000000000000000000e+00
1.661500000000000000e+07	0.000000000000000000e+00
1.662000000000000000e+07	0.000000000000000000e+00
1.662500000000000000e+07	0.000000000000000000e+00
1.663000000000000000e+07	0.000000000000000000e+00
1.663500000000000000e+07	0.000000000000000000e+00
1.664000000000000000e+07	0.000000000000000000e+00
1.664500000000000000e+07	0.000000000000000000e+00
1.665000000000000000e+07	0.000000000000000000e+00
1.665500000000000000e+07	0.000000000000000000e+00
1.666000000000000000e+07	0.000000000000000000e+00
1.666500000000000000e+07	0.000000000000000000e+00
1.667000000000000000e+07	0.000000000000000000e+00
1.667500000000000000e+07	0.000000000000000000e+00
1.668000000000000000e+07	0.000000000000000000e+00
1.668500000000000000e+07	0.000000000000000000e+00
1.669000000000000000e+07	0.000000000000000000e+00
1.669500000000000000e+07	0.000000000000000000e+00
1.670000000000000000e+07	0.000000000000000000e+00
1.670500000000000000e+07	0.000000000000000000e+00
1.671000000000000000e+07	0.000000000000000000e+00
1.671500000000000000e+07	0.000000000000000000e+00
1.672000000000000000e+07	0.000000000000000000e+00
1.672500000000000000e+07	0.000000000000000000e+00
1.673000000000000000e+07	0.000000000000000000e+00
1.673500000000000000e+07	0.000000000000000000e+00
1.674000000000000000e+07	0.000000000000000000e+00
1.674500000000000000e+07	0.000000000000000000e+00
1.675000000000000000e+07	0.000000000000000000e+00
1.675500000000000000e+07	0.000000000000000000e+00
1.676000000000000000e+07	0.000000000000000000e+00
1.676500000000000000e+07	0.000000000000000000e+00
1.677000000000000000e+07	0.000000000000000000e+00
1.677500000000000000e+07	0.000000000000000000e+00
1.678000000000000000e+07	0.000000000000000000e+00
1.678500000000000000e+07	0.000000000000000000e+00
1.679000000000000000e+07	0.000000000000000000e+00
1.679500000000000000e+07	0.000000000000000000e+00
1.680000000000000000e+07	0.000000000000000000e+00
1.680500000000000000e+07	0.000000000000000000e+00
1.681000000000000000e+07	0.000000000000000000e+00
1.681500000000000000e+07	0.000000000000000000e+00
1.682000000000000000e+07	0.000000000000000000e+00
1.682500000000000000e+07	0.000000000000000000e+00
1.683000000000000000e+07	0.000000000000000000e+00
1.683500000000000000e+07	0.000000000000000000e+00
1.684000000000000000e+07	0.000000000000000000e+00
1.684500000000000000e+07	0.000000000000000000e+00
1.685000000000000000e+07	0.000000000000000000e+00
1.685500000000000000e+07	0.000000000000000000e+00
1.686000000000000000e+07	0.000000000000000000e+00
1.686500000000000000e+07	0.000000000000000000e+00
1.687000000000000000e+07	0.000000000000000000e+00
1.687500000000000000e+07	0.000000000000000000e+00
1.688000000000000000e+07	0.000000000000000000e+00
1.688500000000000000e+07	0.000000000000000000e+00
1.689000000000000000e+07	0.000000000000000000e+00
1.689500000000000000e+07	0.000000000000000000e+00
1.690000000000000000e+07	0.000000000000000000e+00
1.690500000000000000e+07	0.000000000000000000e+00
1.691000000000000000e+07	0.000000000000000000e+00
1.691500000000000000e+07	0.000000000000000000e+00
1.692000000000000000e+07	0.000000000000000000e+00
1.692500000000000000e+07	0.000000000000000000e+00
1.693000000000000000e+07	0.000000000000000000e+00
1.693500000000000000e+07	0.000000000000000000e+00
1.694000000000000000e+07	0.000000000000000000e+00
1.694500000000000000e+07	0.000000000000000000e+00
1.695000000000000000e+07	0.000000000000000000e+00
1.695500000000000000e+07	0.000000000000000000e+00
1.696000000000000000e+07	0.000000000000000000e+00
1.696500000000000000e+07	0.000000000000000000e+00
1.697000000000000000e+07	0.000000000000000000e+00
1.697500000000000000e+07	0.000000000000000000e+00
1.698000000000000000e+07	0.000000000000000000e+00
1.698500000000000000e+07	0.000000000000000000e+00
1.699000000000000000e+07	0.000000000000000000e+00
1.699500000000000000e+07	0.000000000000000000e+00
1.700000000000000000e+07	0.000000000000000000e+00
1.700500000000000000e+07	0.000000000000000000e+00
1.701000000000000000e+07	0.000000000000000000e+00
1.701500000000000000e+07	0.000000000000000000e+00
1.702000000000000000e+07	0.000000000000000000e+00
1.702500000000000000e+07	0.000000000000000000e+00
1.703000000000000000e+07	0.000000000000000000e+00
1.703500000000000000e+07	0.000000000000000000e+00
1.704000000000000000e+07	0.000000000000000000e+00
1.704500000000000000e+07	0.000000000000000000e+00
1.705000000000000000e+07	0.000000000000000000e+00
1.705500000000000000e+07	0.000000000000000000e+00
1.706000000000000000e+07	0.000000000000000000e+00
1.706500000000000000e+07	0.000000000000000000e+00
1.707000000000000000e+07	0.000000000000000000e+00
1.707500000000000000e+07	0.000000000000000000e+00
1.708000000000000000e+07	0.000000000000000000e+00
1.708500000000000000e+07	0.000000000000000000e+00
1.709000000000000000e+07	0.000000000000000000e+00
1.709500000000000000e+07	0.000000000000000000e+00
1.710000000000000000e+07	0.000000000000000000e+00
1.710500000000000000e+07	0.000000000000000000e+00
1.711000000000000000e+07	0.000000000000000000e+00
1.711500000000000000e+07	0.000000000000000000e+00
1.712000000000000000e+07	0.000000000000000000e+00
1.712500000000000000e+07	0.000000000000000000e+00
1.713000000000000000e+07	0.000000000000000000e+00
1.713500000000000000e+07	0.000000000000000000e+00
1.714000000000000000e+07	0.000000000000000000e+00
1.714500000000000000e+07	0.000000000000000000e+00
1.715000000000000000e+07	0.000000000000000000e+00
1.715500000000000000e+07	0.000000000000000000e+00
1.716000000000000000e+07	0.000000000000000000e+00
1.716500000000000000e+07	0.000000000000000000e+00
1.717000000000000000e+07	0.000000000000000000e+00
1.717500000000000000e+07	0.000000000000000000e+00
1.718000000000000000e+07	0.000000000000000000e+00
1.718500000000000000e+07	0.000000000000000000e+00
1.719000000000000000e+07	0.000000000000000000e+00
1.719500000000000000e+07	0.000000000000000000e+00
1.720000000000000000e+07	0.000000000000000000e+00
1.720500000000000000e+07	0.000000000000000000e+00
1.721000000000000000e+07	0.000000000000000000e+00
1.721500000000000000e+07	0.000000000000000000e+00
1.722000000000000000e+07	0.000000000000000000e+00
1.722500000000000000e+07	0.000000000000000000e+00
1.723000000000000000e+07	0.000000000000000000e+00
1.723500000000000000e+07	0.000000000000000000e+00
1.724000000000000000e+07	0.000000000000000000e+00
1.724500000000000000e+07	0.000000000000000000e+00
1.725000000000000000e+07	0.000000000000000000e+00
1.725500000000000000e+07	0.000000000000000000e+00
1.726000000000000000e+07	0.000000000000000000e+00
1.726500000000000000e+07	0.000000000000000000e+00
1.727000000000000000e+07	0.000000000000000000e+00
1.727500000000000000e+07	0.000000000000000000e+00
1.728000000000000000e+07	0.000000000000000000e+00
1.728500000000000000e+07	0.000000000000000000e+00
1.729000000000000000e+07	0.000000000000000000e+00
1.729500000000000000e+07	0.000000000000000000e+00
1.730000000000000000e+07	0.000000000000000000e+00
1.730500000000000000e+07	0.000000000000000000e+00
1.731000000000000000e+07	0.000000000000000000e+00
1.731500000000000000e+07	0.000000000000000000e+00
1.732000000000000000e+07	0.000000000000000000e+00
1.732500000000000000e+07	0.000000000000000000e+00
1.733000000000000000e+07	0.000000000000000000e+00
1.733500000000000000e+07	0.000000000000000000e+00
1.734000000000000000e+07	0.000000000000000000e+00
1.734500000000000000e+07	0.000000000000000000e+00
1.735000000000000000e+07	0.000000000000000000e+00
1.735500000000000000e+07	0.000000000000000000e+00
1.736000000000000000e+07	0.000000000000000000e+00
1.736500000000000000e+07	0.000000000000000000e+00
1.737000000000000000e+07	0.000000000000000000e+00
1.737500000000000000e+07	0.000000000000000000e+00
1.738000000000000000e+07	0.000000000000000000e+00
1.738500000000000000e+07	0.000000000000000000e+00
1.739000000000000000e+07	0.000000000000000000e+00
1.739500000000000000e+07	0.000000000000000000e+00
1.740000000000000000e+07	0.000000000000000000e+00
1.740500000000000000e+07	0.000000000000000000e+00
1.741000000000000000e+07	0.000000000000000000e+00
1.741500000000000000e+07	0.000000000000000000e+00
1.742000000000000000e+07	0.000000000000000000e+00
1.742500000000000000e+07	0.000000000000000000e+00
1.743000000000000000e+07	0.000000000000000000e+00
1.743500000000000000e+07	0.000000000000000000e+00
1.744000000000000000e+07	0.000000000000000000e+00
1.744500000000000000e+07	0.000000000000000000e+00
1.745000000000000000e+07	0.000000000000000000e+00
1.748500000000000000e+07	0.000000000000000000e+00
1.749500000000000000e+07	0.000000000000000000e+00
1.750500000000000000e+07	0.000000000000000000e+00
1.751000000000000000e+07	0.000000000000000000e+00
1.753000000000000000e+07	0.000000000000000000e+00
1.779500000000000000e+07	0.000000000000000000e+00
1.781500000000000000e+07	0.000000000000000000e+00
1.782000000000000000e+07	0.000000000000000000e+00
2.055000000000000000e+07	0.000000000000000000e+00
2.055500000000000000e+07	0.000000000000000000e+00
2.056000000000000000e+07	0.000000000000000000e+00
2.056500000000000000e+07	0.000000000000000000e+00
2.057000000000000000e+07	0.000000000000000000e+00
2.057500000000000000e+07	0.000000000000000000e+00
2.058000000000000000e+07	0.000000000000000000e+00
2.058500000000000000e+07	0.000000000000000000e+00
2.059000000000000000e+07	0.000000000000000000e+00
2.059500000000000000e+07	0.000000000000000000e+00
2.060000000000000000e+07	0.000000000000000000e+00
2.060500000000000000e+07	0.000000000000000000e+00
2.061000000000000000e+07	0.000000000000000000e+00
2.061500000000000000e+07	0.000000000000000000e+00
2.062000000000000000e+07	0.000000000000000000e+00
2.062500000000000000e+07	0.000000000000000000e+00
2.063000000000000000e+07	0.000000000000000000e+00
2.063500000000000000e+07	0.000000000000000000e+00
2.064000000000000000e+07	0.000000000000000000e+00
2.064500000000000000e+07	0.000000000000000000e+00
2.065000000000000000e+07	0.000000000000000000e+00
2.065500000000000000e+07	0.000000000000000000e+00
2.066000000000000000e+07	0.000000000000000000e+00
2.066500000000000000e+07	0.000000000000000000e+00
2.067000000000000000e+07	0.000000000000000000e+00
2.067500000000000000e+07	0.000000000000000000e+00
2.068000000000000000e+07	0.000000000000000000e+00
2.068500000000000000e+07	0.000000000000000000e+00
2.069000000000000000e+07	0.000000000000000000e+00
2.069500000000000000e+07	0.000000000000000000e+00
2.070000000000000000e+07	0.000000000000000000e+00
2.070500000000000000e+07	0.000000000000000000e+00
2.071000000000000000e+07	0.000000000000000000e+00
2.071500000000000000e+07	0.000000000000000000e+00
2.072000000000000000e+07	0.000000000000000000e+00
2.072500000000000000e+07	0.000000000000000000e+00
2.073000000000000000e+07	0.000000000000000000e+00
2.073500000000000000e+07	0.000000000000000000e+00
2.074000000000000000e+07	0.000000000000000000e+00
2.074500000000000000e+07	0.000000000000000000e+00
2.075000000000000000e+07	0.000000000000000000e+00
2.075500000000000000e+07	0.000000000000000000e+00
2.076000000000000000e+07	0.000000000000000000e+00
2.076500000000000000e+07	0.000000000000000000e+00
2.077000000000000000e+07	0.000000000000000000e+00
2.077500000000000000e+07	0.000000000000000000e+00
2.078000000000000000e+07	0.000000000000000000e+00
2.078500000000000000e+07	0.000000000000000000e+00
2.079000000000000000e+07	0.000000000000000000e+00
2.079500000000000000e+07	0.000000000000000000e+00
2.080000000000000000e+07	0.000000000000000000e+00
2.080500000000000000e+07	0.000000000000000000e+00
2.081000000000000000e+07	0.000000000000000000e+00
2.081500000000000000e+07	0.000000000000000000e+00
2.082000000000000000e+07	0.000000000000000000e+00
2.082500000000000000e+07	0.000000000000000000e+00
2.083000000000000000e+07	0.000000000000000000e+00
2.083500000000000000e+07	0.000000000000000000e+00
2.084000000000000000e+07	0.000000000000000000e+00
2.084500000000000000e+07	0.000000000000000000e+00
2.085000000000000000e+07	0.000000000000000000e+00
2.085500000000000000e+07	0.000000000000000000e+00
2.086000000000000000e+07	0.000000000000000000e+00
2.086500000000000000e+07	0.000000000000000000e+00
2.087000000000000000e+07	0.000000000000000000e+00
2.087500000000000000e+07	0.000000000000000000e+00
2.088000000000000000e+07	0.000000000000000000e+00
2.088500000000000000e+07	0.000000000000000000e+00
2.089000000000000000e+07	0.000000000000000000e+00
2.089500000000000000e+07	0.000000000000000000e+00
2.090000000000000000e+07	0.000000000000000000e+00
2.090500000000000000e+07	0.000000000000000000e+00
2.091000000000000000e+07	0.000000000000000000e+00
2.091500000000000000e+07	0.000000000000000000e+00
2.092000000000000000e+07	0.000000000000000000e+00
2.092500000000000000e+07	0.000000000000000000e+00
2.093000000000000000e+07	0.000000000000000000e+00
2.093500000000000000e+07	0.000000000000000000e+00
2.094000000000000000e+07	0.000000000000000000e+00
2.094500000000000000e+07	0.000000000000000000e+00
2.095000000000000000e+07	0.000000000000000000e+00
2.095500000000000000e+07	0.000000000000000000e+00
2.096000000000000000e+07	0.000000000000000000e+00
2.096500000000000000e+07	0.000000000000000000e+00
2.097000000000000000e+07	0.000000000000000000e+00
2.097500000000000000e+07	0.000000000000000000e+00
2.098000000000000000e+07	0.000000000000000000e+00
2.098500000000000000e+07	0.000000000000000000e+00
2.099000000000000000e+07	0.000000000000000000e+00
2.099500000000000000e+07	0.000000000000000000e+00
2.100000000000000000e+07	0.000000000000000000e+00
2.100500000000000000e+07	0.000000000000000000e+00
2.101000000000000000e+07	0.000000000000000000e+00
2.101500000000000000e+07	0.000000000000000000e+00
2.102000000000000000e+07	0.000000000000000000e+00
2.102500000000000000e+07	0.000000000000000000e+00
2.103000000000000000e+07	0.000000000000000000e+00
2.103500000000000000e+07	0.000000000000000000e+00
2.104000000000000000e+07	0.000000000000000000e+00
2.104500000000000000e+07	0.000000000000000000e+00
2.105000000000000000e+07	0.000000000000000000e+00
2.105500000000000000e+07	0.000000000000000000e+00
2.106000000000000000e+07	0.000000000000000000e+00
2.106500000000000000e+07	0.000000000000000000e+00
2.107000000000000000e+07	0.000000000000000000e+00
2.107500000000000000e+07	0.000000000000000000e+00
2.108000000000000000e+07	0.000000000000000000e+00
2.108500000000000000e+07	0.000000000000000000e+00
2.109000000000000000e+07	0.000000000000000000e+00
2.109500000000000000e+07	0.000000000000000000e+00
2.110000000000000000e+07	0.000000000000000000e+00
2.110500000000000000e+07	0.000000000000000000e+00
2.111000000000000000e+07	0.000000000000000000e+00
2.111500000000000000e+07	0.000000000000000000e+00
2.112000000000000000e+07	0.000000000000000000e+00
2.112500000000000000e+07	0.000000000000000000e+00
2.113000000000000000e+07	0.000000000000000000e+00
2.113500000000000000e+07	0.000000000000000000e+00
2.114000000000000000e+07	0.000000000000000000e+00
2.114500000000000000e+07	0.000000000000000000e+00
2.115000000000000000e+07	0.000000000000000000e+00
2.116000000000000000e+07	0.000000000000000000e+00
2.141000000000000000e+07	0.000000000000000000e+00
2.141500000000000000e+07	0.000000000000000000e+00
2.142000000000000000e+07	0.000000000000000000e+00
2.142500000000000000e+07	0.000000000000000000e+00
2.154000000000000000e+07	0.000000000000000000e+00
2.155000000000000000e+07	0.000000000000000000e+00
2.170000000000000000e+07	0.000000000000000000e+00
2.173000000000000000e+07	0.000000000000000000e+00
2.173500000000000000e+07	0.000000000000000000e+00
2.174000000000000000e+07	0.000000000000000000e+00
2.174500000000000000e+07	0.000000000000000000e+00
2.175000000000000000e+07	0.000000000000000000e+00
2.175500000000000000e+07	0.000000000000000000e+00
2.176000000000000000e+07	0.000000000000000000e+00
2.176500000000000000e+07	0.000000000000000000e+00
2.177000000000000000e+07	0.000000000000000000e+00
2.177500000000000000e+07	0.000000000000000000e+00
2.178000000000000000e+07	0.000000000000000000e+00
2.178500000000000000e+07	0.000000000000000000e+00
2.179000000000000000e+07	0.000000000000000000e+00
2.179500000000000000e+07	0.000000000000000000e+00
2.180000000000000000e+07	0.000000000000000000e+00
2.180500000000000000e+07	0.000000000000000000e+00
2.181000000000000000e+07	0.000000000000000000e+00
2.181500000000000000e+07	0.000000000000000000e+00
2.182000000000000000e+07	0.000000000000000000e+00
2.182500000000000000e+07	0.000000000000000000e+00
2.183000000000000000e+07	0.000000000000000000e+00
2.183500000000000000e+07	0.000000000000000000e+00
2.184000000000000000e+07	0.000000000000000000e+00
2.184500000000000000e+07	0.000000000000000000e+00
2.186000000000000000e+07	0.000000000000000000e+00
2.186500000000000000e+07	0.000000000000000000e+00
2.187000000000000000e+07	0.000000000000000000e+00
2.187500000000000000e+07	0.000000000000000000e+00
2.188000000000000000e+07	0.000000000000000000e+00
2.188500000000000000e+07	0.000000000000000000e+00
2.189000000000000000e+07	0.000000000000000000e+00
2.189500000000000000e+07	0.000000000000000000e+00
2.190000000000000000e+07	0.000000000000000000e+00
2.190500000000000000e+07	0.000000000000000000e+00
2.191000000000000000e+07	0.000000000000000000e+00
2.191500000000000000e+07	0.000000000000000000e+00
2.192000000000000000e+07	0.000000000000000000e+00
2.192500000000000000e+07	0.000000000000000000e+00
2.193000000000000000e+07	0.000000000000000000e+00
2.193500000000000000e+07	0.000000000000000000e+00
2.194000000000000000e+07	0.000000000000000000e+00
2.194500000000000000e+07	0.000000000000000000e+00
2.195000000000000000e+07	0.000000000000000000e+00
2.195500000000000000e+07	0.000000000000000000e+00
2.196000000000000000e+07	0.000000000000000000e+00
2.196500000000000000e+07	0.000000000000000000e+00
2.197000000000000000e+07	0.000000000000000000e+00
2.197500000000000000e+07	0.000000000000000000e+00
2.198000000000000000e+07	0.000000000000000000e+00
2.198500000000000000e+07	0.000000000000000000e+00
2.199000000000000000e+07	0.000000000000000000e+00
2.199500000000000000e+07	0.000000000000000000e+00
2.200000000000000000e+07	0.000000000000000000e+00
2.200500000000000000e+07	0.000000000000000000e+00
2.201000000000000000e+07	0.000000000000000000e+00
2.201500000000000000e+07	0.000000000000000000e+00
2.202000000000000000e+07	0.000000000000000000e+00
2.202500000000000000e+07	0.000000000000000000e+00
2.203000000000000000e+07	0.000000000000000000e+00
2.203500000000000000e+07	0.000000000000000000e+00
2.204000000000000000e+07	0.000000000000000000e+00
2.204500000000000000e+07	0.000000000000000000e+00
2.205000000000000000e+07	0.000000000000000000e+00
2.205500000000000000e+07	0.000000000000000000e+00
2.206000000000000000e+07	0.000000000000000000e+00
2.206500000000000000e+07	0.000000000000000000e+00
2.207000000000000000e+07	0.000000000000000000e+00
2.207500000000000000e+07	0.000000000000000000e+00
2.208000000000000000e+07	0.000000000000000000e+00
2.208500000000000000e+07	0.000000000000000000e+00
2.209000000000000000e+07	0.000000000000000000e+00
2.209500000000000000e+07	0.000000000000000000e+00
2.210000000000000000e+07	0.000000000000000000e+00
2.210500000000000000e+07	0.000000000000000000e+00
2.211000000000000000e+07	0.000000000000000000e+00
2.211500000000000000e+07	0.000000000000000000e+00
2.212000000000000000e+07	0.000000000000000000e+00
2.212500000000000000e+07	0.000000000000000000e+00
2.213000000000000000e+07	0.000000000000000000e+00
2.213500000000000000e+07	0.000000000000000000e+00
2.214000000000000000e+07	0.000000000000000000e+00
2.214500000000000000e+07	0.000000000000000000e+00
2.215000000000000000e+07	0.000000000000000000e+00
2.215500000000000000e+07	0.000000000000000000e+00
2.216000000000000000e+07	0.000000000000000000e+00
2.216500000000000000e+07	0.000000000000000000e+00
2.217000000000000000e+07	0.000000000000000000e+00
2.255500000000000000e+07	0.000000000000000000e+00
2.330000000000000000e+07	0.000000000000000000e+00
2.336500000000000000e+07	0.000000000000000000e+00
2.373000000000000000e+07	0.000000000000000000e+00
2.395000000000000000e+07	0.000000000000000000e+00
2.397000000000000000e+07	0.000000000000000000e+00
2.397500000000000000e+07	0.000000000000000000e+00
2.398000000000000000e+07	0.000000000000000000e+00
2.398500000000000000e+07	0.000000000000000000e+00
2.399000000000000000e+07	0.000000000000000000e+00
2.399500000000000000e+07	0.000000000000000000e+00
2.400000000000000000e+07	0.000000000000000000e+00
2.400500000000000000e+07	0.000000000000000000e+00
2.401000000000000000e+07	0.000000000000000000e+00
2.401500000000000000e+07	0.000000000000000000e+00
2.402000000000000000e+07	0.000000000000000000e+00
2.402500000000000000e+07	0.000000000000000000e+00
2.403000000000000000e+07	0.000000000000000000e+00
2.403500000000000000e+07	0.000000000000000000e+00
2.404000000000000000e+07	0.000000000000000000e+00
2.404500000000000000e+07	0.000000000000000000e+00
2.405000000000000000e+07	0.000000000000000000e+00
2.405500000000000000e+07	0.000000000000000000e+00
2.406000000000000000e+07	0.000000000000000000e+00
2.406500000000000000e+07	0.000000000000000000e+00
2.407000000000000000e+07	0.000000000000000000e+00
2.407500000000000000e+07	0.000000000000000000e+00
2.408000000000000000e+07	0.000000000000000000e+00
2.408500000000000000e+07	0.000000000000000000e+00
2.409000000000000000e+07	0.000000000000000000e+00
2.409500000000000000e+07	0.000000000000000000e+00
2.410000000000000000e+07	0.000000000000000000e+00
2.410500000000000000e+07	0.000000000000000000e+00
2.411000000000000000e+07	0.000000000000000000e+00
2.411500000000000000e+07	0.000000000000000000e+00
2.412000000000000000e+07	0.000000000000000000e+00
2.412500000000000000e+07	0.000000000000000000e+00
2.413000000000000000e+07	0.000000000000000000e+00
2.413500000000000000e+07	0.000000000000000000e+00
2.414000000000000000e+07	0.000000000000000000e+00
2.414500000000000000e+07	0.000000000000000000e+00
2.415000000000000000e+07	0.000000000000000000e+00
2.415500000000000000e+07	0.000000000000000000e+00
2.416000000000000000e+07	0.000000000000000000e+00
2.416500000000000000e+07	0.000000000000000000e+00
2.417000000000000000e+07	0.000000000000000000e+00
2.417500000000000000e+07	0.000000000000000000e+00
2.418000000000000000e+07	0.000000000000000000e+00
2.418500000000000000e+07	0.000000000000000000e+00
2.419000000000000000e+07	0.000000000000000000e+00
2.419500000000000000e+07	0.000000000000000000e+00
2.420000000000000000e+07	0.000000000000000000e+00
2.420500000000000000e+07	0.000000000000000000e+00
2.421000000000000000e+07	0.000000000000000000e+00
2.421500000000000000e+07	0.000000000000000000e+00
2.422000000000000000e+07	0.000000000000000000e+00
2.422500000000000000e+07	0.000000000000000000e+00
2.423000000000000000e+07	0.000000000000000000e+00
2.423500000000000000e+07	0.000000000000000000e+00
2.424000000000000000e+07	0.000000000000000000e+00
2.424500000000000000e+07	0.000000000000000000e+00
2.425000000000000000e+07	0.000000000000000000e+00
2.425500000000000000e+07	0.000000000000000000e+00
2.426000000000000000e+07	0.000000000000000000e+00
2.426500000000000000e+07	0.000000000000000000e+00
2.427000000000000000e+07	0.000000000000000000e+00
2.427500000000000000e+07	0.000000000000000000e+00
2.428000000000000000e+07	0.000000000000000000e+00
2.428500000000000000e+07	0.000000000000000000e+00
2.429000000000000000e+07	0.000000000000000000e+00
2.429500000000000000e+07	0.000000000000000000e+00
2.430000000000000000e+07	0.000000000000000000e+00
2.430500000000000000e+07	0.000000000000000000e+00
2.431000000000000000e+07	0.000000000000000000e+00
2.431500000000000000e+07	0.000000000000000000e+00
2.432000000000000000e+07	0.000000000000000000e+00
2.432500000000000000e+07	0.000000000000000000e+00
2.433000000000000000e+07	0.000000000000000000e+00
2.433500000000000000e+07	0.000000000000000000e+00
2.434000000000000000e+07	0.000000000000000000e+00
2.434500000000000000e+07	0.000000000000000000e+00
2.435000000000000000e+07	0.000000000000000000e+00
2.435500000000000000e+07	0.000000000000000000e+00
2.436000000000000000e+07	0.000000000000000000e+00
2.436500000000000000e+07	0.000000000000000000e+00
2.437000000000000000e+07	0.000000000000000000e+00
2.437500000000000000e+07	0.000000000000000000e+00
2.438000000000000000e+07	0.000000000000000000e+00
2.438500000000000000e+07	0.000000000000000000e+00
2.439000000000000000e+07	0.000000000000000000e+00
2.439500000000000000e+07	0.000000000000000000e+00
2.440000000000000000e+07	0.000000000000000000e+00
2.440500000000000000e+07	0.000000000000000000e+00
2.441000000000000000e+07	0.000000000000000000e+00
2.441500000000000000e+07	0.000000000000000000e+00
2.442000000000000000e+07	0.000000000000000000e+00
2.442500000000000000e+07	0.000000000000000000e+00
2.443000000000000000e+07	0.000000000000000000e+00
2.443500000000000000e+07	0.000000000000000000e+00
2.444000000000000000e+07	0.000000000000000000e+00
2.444500000000000000e+07	0.000000000000000000e+00
2.445000000000000000e+07	0.000000000000000000e+00
2.445500000000000000e+07	0.000000000000000000e+00
2.446000000000000000e+07	0.000000000000000000e+00
2.446500000000000000e+07	0.000000000000000000e+00
2.447000000000000000e+07	0.000000000000000000e+00
2.447500000000000000e+07	0.000000000000000000e+00
2.448000000000000000e+07	0.000000000000000000e+00
2.448500000000000000e+07	0.000000000000000000e+00
2.449000000000000000e+07	0.000000000000000000e+00
2.449500000000000000e+07	0.000000000000000000e+00
2.450000000000000000e+07	0.000000000000000000e+00
2.450500000000000000e+07	0.000000000000000000e+00
2.451000000000000000e+07	0.000000000000000000e+00
2.451500000000000000e+07	0.000000000000000000e+00
2.452000000000000000e+07	0.000000000000000000e+00
2.452500000000000000e+07	0.000000000000000000e+00
2.453000000000000000e+07	0.000000000000000000e+00
2.453500000000000000e+07	0.000000000000000000e+00
2.454000000000000000e+07	0.000000000000000000e+00
2.454500000000000000e+07	0.000000000000000000e+00
2.455000000000000000e+07	0.000000000000000000e+00
2.455500000000000000e+07	0.000000000000000000e+00
2.456000000000000000e+07	0.000000000000000000e+00
2.456500000000000000e+07	0.000000000000000000e+00
2.457000000000000000e+07	0.000000000000000000e+00
2.457500000000000000e+07	0.000000000000000000e+00
2.458000000000000000e+07	0.000000000000000000e+00
2.458500000000000000e+07	0.000000000000000000e+00
2.459000000000000000e+07	0.000000000000000000e+00
2.459500000000000000e+07	0.000000000000000000e+00
2.460000000000000000e+07	0.000000000000000000e+00
2.460500000000000000e+07	0.000000000000000000e+00
2.461000000000000000e+07	0.000000000000000000e+00
2.461500000000000000e+07	0.000000000000000000e+00
2.462000000000000000e+07	0.000000000000000000e+00
2.462500000000000000e+07	0.000000000000000000e+00
2.463000000000000000e+07	0.000000000000000000e+00
2.463500000000000000e+07	0.000000000000000000e+00
2.464000000000000000e+07	0.000000000000000000e+00
2.464500000000000000e+07	0.000000000000000000e+00
2.465000000000000000e+07	0.000000000000000000e+00
2.465500000000000000e+07	0.000000000000000000e+00
2.466000000000000000e+07	0.000000000000000000e+00
2.466500000000000000e+07	0.000000000000000000e+00
2.467000000000000000e+07	0.000000000000000000e+00
2.467500000000000000e+07	0.000000000000000000e+00
2.468000000000000000e+07	0.000000000000000000e+00
2.468500000000000000e+07	0.000000000000000000e+00
2.469000000000000000e+07	0.000000000000000000e+00
2.469500000000000000e+07	0.000000000000000000e+00
2.470000000000000000e+07	0.000000000000000000e+00
2.470500000000000000e+07	0.000000000000000000e+00
2.471000000000000000e+07	0.000000000000000000e+00
2.471500000000000000e+07	0.000000000000000000e+00
2.472000000000000000e+07	0.000000000000000000e+00
2.472500000000000000e+07	0.000000000000000000e+00
2.473000000000000000e+07	0.000000000000000000e+00
2.473500000000000000e+07	0.000000000000000000e+00
2.474000000000000000e+07	0.000000000000000000e+00
2.474500000000000000e+07	0.000000000000000000e+00
2.475000000000000000e+07	0.000000000000000000e+00
2.475500000000000000e+07	0.000000000000000000e+00
2.476000000000000000e+07	0.000000000000000000e+00
2.476500000000000000e+07	0.000000000000000000e+00
2.477000000000000000e+07	0.000000000000000000e+00
2.477500000000000000e+07	0.000000000000000000e+00
2.478000000000000000e+07	0.000000000000000000e+00
2.478500000000000000e+07	0.000000000000000000e+00
2.479000000000000000e+07	0.000000000000000000e+00
2.479500000000000000e+07	0.000000000000000000e+00
2.480000000000000000e+07	0.000000000000000000e+00
2.480500000000000000e+07	0.000000000000000000e+00
2.481000000000000000e+07	0.000000000000000000e+00
2.481500000000000000e+07	0.000000000000000000e+00
2.482000000000000000e+07	0.000000000000000000e+00
2.482500000000000000e+07	0.000000000000000000e+00
2.483000000000000000e+07	0.000000000000000000e+00
2.483500000000000000e+07	0.000000000000000000e+00
2.484000000000000000e+07	0.000000000000000000e+00
2.484500000000000000e+07	0.000000000000000000e+00
2.485000000000000000e+07	0.000000000000000000e+00
2.485500000000000000e+07	0.000000000000000000e+00
2.486000000000000000e+07	0.000000000000000000e+00
2.486500000000000000e+07	0.000000000000000000e+00
2.487000000000000000e+07	0.000000000000000000e+00
2.487500000000000000e+07	0.000000000000000000e+00
2.488000000000000000e+07	0.000000000000000000e+00
2.488500000000000000e+07	0.000000000000000000e+00
2.489000000000000000e+07	0.000000000000000000e+00
2.489500000000000000e+07	0.000000000000000000e+00
2.490000000000000000e+07	0.000000000000000000e+00
2.490500000000000000e+07	0.000000000000000000e+00
2.491000000000000000e+07	0.000000000000000000e+00
2.491500000000000000e+07	0.000000000000000000e+00
2.492000000000000000e+07	0.000000000000000000e+00
2.492500000000000000e+07	0.000000000000000000e+00
2.493000000000000000e+07	0.000000000000000000e+00
2.493500000000000000e+07	0.000000000000000000e+00
2.494000000000000000e+07	0.000000000000000000e+00
2.494500000000000000e+07	0.000000000000000000e+00
2.495000000000000000e+07	0.000000000000000000e+00
2.495500000000000000e+07	0.000000000000000000e+00
2.496000000000000000e+07	0.000000000000000000e+00
2.496500000000000000e+07	0.000000000000000000e+00
2.497000000000000000e+07	0.000000000000000000e+00
2.497500000000000000e+07	0.000000000000000000e+00
2.498000000000000000e+07	0.000000000000000000e+00
2.498500000000000000e+07	0.000000000000000000e+00
2.499000000000000000e+07	0.000000000000000000e+00
2.499500000000000000e+07	0.000000000000000000e+00
2.500000000000000000e+07	0.000000000000000000e+00
2.500500000000000000e+07	0.000000000000000000e+00
2.501000000000000000e+07	0.000000000000000000e+00
2.501500000000000000e+07	0.000000000000000000e+00
2.502000000000000000e+07	0.000000000000000000e+00
2.502500000000000000e+07	0.000000000000000000e+00
2.503000000000000000e+07	0.000000000000000000e+00
2.503500000000000000e+07	0.000000000000000000e+00
2.504000000000000000e+07	0.000000000000000000e+00
2.504500000000000000e+07	0.000000000000000000e+00
2.505000000000000000e+07	0.000000000000000000e+00
2.505500000000000000e+07	0.000000000000000000e+00
2.506000000000000000e+07	0.000000000000000000e+00
2.506500000000000000e+07	0.000000000000000000e+00
2.507000000000000000e+07	0.000000000000000000e+00
2.507500000000000000e+07	0.000000000000000000e+00
2.508000000000000000e+07	0.000000000000000000e+00
2.508500000000000000e+07	0.000000000000000000e+00
2.509000000000000000e+07	0.000000000000000000e+00
2.509500000000000000e+07	0.000000000000000000e+00
2.510000000000000000e+07	0.000000000000000000e+00
2.510500000000000000e+07	0.000000000000000000e+00
2.516000000000000000e+07	0.000000000000000000e+00
2.517000000000000000e+07	0.000000000000000000e+00
2.517500000000000000e+07	0.000000000000000000e+00
2.589500000000000000e+07	0.000000000000000000e+00
2.591500000000000000e+07	0.000000000000000000e+00
2.592500000000000000e+07	0.000000000000000000e+00
2.593000000000000000e+07	0.000000000000000000e+00
2.604000000000000000e+07	0.000000000000000000e+00
2.626000000000000000e+07	0.000000000000000000e+00
2.626500000000000000e+07	0.000000000000000000e+00
2.627000000000000000e+07	0.000000000000000000e+00
2.627500000000000000e+07	0.000000000000000000e+00
2.676000000000000000e+07	0.000000000000000000e+00
2.676500000000000000e+07	0.000000000000000000e+00
2.677000000000000000e+07	0.000000000000000000e+00
2.677500000000000000e+07	0.000000000000000000e+00
2.678000000000000000e+07	0.000000000000000000e+00
2.678500000000000000e+07	0.000000000000000000e+00
2.679000000000000000e+07	0.000000000000000000e+00
2.679500000000000000e+07	0.000000000000000000e+00
2.680000000000000000e+07	0.000000000000000000e+00
2.680500000000000000e+07	0.000000000000000000e+00
2.681000000000000000e+07	0.000000000000000000e+00
2.681500000000000000e+07	0.000000000000000000e+00
2.682000000000000000e+07	0.000000000000000000e+00
2.682500000000000000e+07	0.000000000000000000e+00
2.683000000000000000e+07	0.000000000000000000e+00
2.683500000000000000e+07	0.000000000000000000e+00
2.684000000000000000e+07	0.000000000000000000e+00
2.684500000000000000e+07	0.000000000000000000e+00
2.685000000000000000e+07	0.000000000000000000e+00
2.685500000000000000e+07	0.000000000000000000e+00
2.686000000000000000e+07	0.000000000000000000e+00
2.686500000000000000e+07	0.000000000000000000e+00
2.687000000000000000e+07	0.000000000000000000e+00
2.687500000000000000e+07	0.000000000000000000e+00
2.688000000000000000e+07	0.000000000000000000e+00
2.688500000000000000e+07	0.000000000000000000e+00
2.689000000000000000e+07	0.000000000000000000e+00
2.689500000000000000e+07	0.000000000000000000e+00
2.690000000000000000e+07	0.000000000000000000e+00
2.690500000000000000e+07	0.000000000000000000e+00
2.691000000000000000e+07	0.000000000000000000e+00
2.691500000000000000e+07	0.000000000000000000e+00
2.692000000000000000e+07	0.000000000000000000e+00
2.692500000000000000e+07	0.000000000000000000e+00
2.693000000000000000e+07	0.000000000000000000e+00
2.693500000000000000e+07	0.000000000000000000e+00
2.694000000000000000e+07	0.000000000000000000e+00
2.694500000000000000e+07	0.000000000000000000e+00
2.695000000000000000e+07	0.000000000000000000e+00
2.695500000000000000e+07	0.000000000000000000e+00
2.696000000000000000e+07	0.000000000000000000e+00
2.696500000000000000e+07	0.000000000000000000e+00
2.697000000000000000e+07	0.000000000000000000e+00
2.697500000000000000e+07	0.000000000000000000e+00
2.698000000000000000e+07	0.000000000000000000e+00
2.698500000000000000e+07	0.000000000000000000e+00
2.699000000000000000e+07	0.000000000000000000e+00
2.699500000000000000e+07	0.000000000000000000e+00
2.700000000000000000e+07	0.000000000000000000e+00
2.700500000000000000e+07	0.000000000000000000e+00
2.701000000000000000e+07	0.000000000000000000e+00
2.701500000000000000e+07	0.000000000000000000e+00
2.702000000000000000e+07	0.000000000000000000e+00
2.702500000000000000e+07	0.000000000000000000e+00
2.703000000000000000e+07	0.000000000000000000e+00
2.703500000000000000e+07	0.000000000000000000e+00
2.704000000000000000e+07	0.000000000000000000e+00
2.704500000000000000e+07	0.000000000000000000e+00
2.705000000000000000e+07	0.000000000000000000e+00
2.705500000000000000e+07	0.000000000000000000e+00
2.706000000000000000e+07	0.000000000000000000e+00
2.706500000000000000e+07	0.000000000000000000e+00
2.707000000000000000e+07	0.000000000000000000e+00
2.707500000000000000e+07	0.000000000000000000e+00
2.708000000000000000e+07	0.000000000000000000e+00
2.708500000000000000e+07	0.000000000000000000e+00
2.709000000000000000e+07	0.000000000000000000e+00
2.709500000000000000e+07	0.000000000000000000e+00
2.711000000000000000e+07	0.000000000000000000e+00
2.711500000000000000e+07	0.000000000000000000e+00
2.712000000000000000e+07	0.000000000000000000e+00
2.732000000000000000e+07	0.000000000000000000e+00
2.734500000000000000e+07	0.000000000000000000e+00
2.735000000000000000e+07	0.000000000000000000e+00
2.736500000000000000e+07	0.000000000000000000e+00
2.737000000000000000e+07	0.000000000000000000e+00
2.737500000000000000e+07	0.000000000000000000e+00
2.738000000000000000e+07	0.000000000000000000e+00
2.739000000000000000e+07	0.000000000000000000e+00
2.791000000000000000e+07	0.000000000000000000e+00
2.792000000000000000e+07	0.000000000000000000e+00
2.792500000000000000e+07	0.000000000000000000e+00
2.794500000000000000e+07	0.000000000000000000e+00
2.798000000000000000e+07	0.000000000000000000e+00
2.798500000000000000e+07	0.000000000000000000e+00
2.809500000000000000e+07	0.000000000000000000e+00
2.812000000000000000e+07	0.000000000000000000e+00
2.814000000000000000e+07	0.000000000000000000e+00
2.815000000000000000e+07	0.000000000000000000e+00
2.822500000000000000e+07	0.000000000000000000e+00
2.823000000000000000e+07	0.000000000000000000e+00
2.823500000000000000e+07	0.000000000000000000e+00
2.824000000000000000e+07	0.000000000000000000e+00
2.825500000000000000e+07	0.000000000000000000e+00
2.826000000000000000e+07	0.000000000000000000e+00
2.826500000000000000e+07	0.000000000000000000e+00
2.827000000000000000e+07	0.000000000000000000e+00
2.827500000000000000e+07	0.000000000000000000e+00
2.828500000000000000e+07	0.000000000000000000e+00
2.829000000000000000e+07	0.000000000000000000e+00
2.829500000000000000e+07	0.000000000000000000e+00
2.830000000000000000e+07	0.000000000000000000e+00
2.831000000000000000e+07	0.000000000000000000e+00
2.836000000000000000e+07	0.000000000000000000e+00
2.836500000000000000e+07	0.000000000000000000e+00
2.839000000000000000e+07	0.000000000000000000e+00
2.839500000000000000e+07	0.000000000000000000e+00
2.844500000000000000e+07	0.000000000000000000e+00
2.910000000000000000e+07	0.000000000000000000e+00
2.967500000000000000e+07	0.000000000000000000e+00
2.984500000000000000e+07	0.000000000000000000e+00
