4.265000000000000000e+06	2.600000000000000000e+01
1.406000000000000000e+07	2.600000000000000000e+01
1.406500000000000000e+07	2.600000000000000000e+01
1.407000000000000000e+07	2.600000000000000000e+01
1.407500000000000000e+07	2.600000000000000000e+01
1.408000000000000000e+07	2.600000000000000000e+01
1.408500000000000000e+07	2.600000000000000000e+01
1.409000000000000000e+07	2.600000000000000000e+01
1.409500000000000000e+07	2.600000000000000000e+01
1.410000000000000000e+07	2.600000000000000000e+01
1.410500000000000000e+07	2.600000000000000000e+01
1.411000000000000000e+07	2.600000000000000000e+01
1.411500000000000000e+07	2.600000000000000000e+01
1.412000000000000000e+07	2.600000000000000000e+01
1.412500000000000000e+07	2.600000000000000000e+01
1.413000000000000000e+07	2.600000000000000000e+01
1.413500000000000000e+07	2.600000000000000000e+01
1.414000000000000000e+07	2.600000000000000000e+01
1.414500000000000000e+07	2.600000000000000000e+01
1.415500000000000000e+07	2.600000000000000000e+01
1.416000000000000000e+07	2.600000000000000000e+01
1.416500000000000000e+07	2.600000000000000000e+01
1.417000000000000000e+07	2.600000000000000000e+01
1.417500000000000000e+07	2.600000000000000000e+01
1.418000000000000000e+07	2.600000000000000000e+01
1.418500000000000000e+07	2.600000000000000000e+01
1.419000000000000000e+07	2.600000000000000000e+01
1.419500000000000000e+07	2.600000000000000000e+01
1.420000000000000000e+07	2.600000000000000000e+01
1.420500000000000000e+07	2.600000000000000000e+01
1.421000000000000000e+07	2.600000000000000000e+01
1.421500000000000000e+07	2.600000000000000000e+01
1.422000000000000000e+07	2.600000000000000000e+01
1.422500000000000000e+07	2.600000000000000000e+01
1.423000000000000000e+07	2.600000000000000000e+01
1.423500000000000000e+07	2.600000000000000000e+01
1.424000000000000000e+07	2.600000000000000000e+01
1.424500000000000000e+07	2.600000000000000000e+01
1.425000000000000000e+07	2.600000000000000000e+01
1.425500000000000000e+07	2.600000000000000000e+01
1.426000000000000000e+07	2.600000000000000000e+01
1.426500000000000000e+07	2.600000000000000000e+01
1.427000000000000000e+07	2.600000000000000000e+01
1.427500000000000000e+07	2.600000000000000000e+01
1.428000000000000000e+07	2.600000000000000000e+01
1.428500000000000000e+07	2.600000000000000000e+01
1.429000000000000000e+07	2.600000000000000000e+01
1.429500000000000000e+07	2.600000000000000000e+01
1.430000000000000000e+07	2.600000000000000000e+01
1.430500000000000000e+07	2.600000000000000000e+01
1.431000000000000000e+07	2.600000000000000000e+01
1.431500000000000000e+07	2.600000000000000000e+01
1.432000000000000000e+07	2.600000000000000000e+01
1.432500000000000000e+07	2.600000000000000000e+01
1.433000000000000000e+07	2.600000000000000000e+01
1.433500000000000000e+07	2.600000000000000000e+01
1.434000000000000000e+07	2.600000000000000000e+01
1.434500000000000000e+07	2.600000000000000000e+01
1.435000000000000000e+07	2.600000000000000000e+01
1.435500000000000000e+07	2.600000000000000000e+01
1.436000000000000000e+07	2.600000000000000000e+01
1.436500000000000000e+07	2.600000000000000000e+01
1.437000000000000000e+07	2.600000000000000000e+01
1.437500000000000000e+07	2.600000000000000000e+01
1.438000000000000000e+07	2.600000000000000000e+01
1.438500000000000000e+07	2.600000000000000000e+01
1.439000000000000000e+07	2.600000000000000000e+01
1.439500000000000000e+07	2.600000000000000000e+01
1.440000000000000000e+07	2.600000000000000000e+01
1.440500000000000000e+07	2.600000000000000000e+01
1.441000000000000000e+07	2.600000000000000000e+01
1.441500000000000000e+07	2.600000000000000000e+01
1.442000000000000000e+07	2.600000000000000000e+01
1.442500000000000000e+07	2.600000000000000000e+01
1.443000000000000000e+07	2.600000000000000000e+01
1.443500000000000000e+07	2.600000000000000000e+01
1.444000000000000000e+07	2.600000000000000000e+01
1.445000000000000000e+07	2.600000000000000000e+01
1.445500000000000000e+07	2.600000000000000000e+01
1.446000000000000000e+07	2.600000000000000000e+01
1.446500000000000000e+07	2.600000000000000000e+01
1.447000000000000000e+07	2.600000000000000000e+01
1.447500000000000000e+07	2.600000000000000000e+01
1.448000000000000000e+07	2.600000000000000000e+01
1.448500000000000000e+07	2.600000000000000000e+01
1.449000000000000000e+07	2.600000000000000000e+01
1.449500000000000000e+07	2.600000000000000000e+01
1.450000000000000000e+07	2.600000000000000000e+01
1.450500000000000000e+07	2.600000000000000000e+01
1.451000000000000000e+07	2.600000000000000000e+01
1.451500000000000000e+07	2.600000000000000000e+01
1.452000000000000000e+07	2.600000000000000000e+01
1.452500000000000000e+07	2.600000000000000000e+01
1.453000000000000000e+07	2.600000000000000000e+01
1.453500000000000000e+07	2.600000000000000000e+01
1.454000000000000000e+07	2.600000000000000000e+01
1.454500000000000000e+07	2.600000000000000000e+01
1.455000000000000000e+07	2.600000000000000000e+01
1.455500000000000000e+07	2.600000000000000000e+01
1.456000000000000000e+07	2.600000000000000000e+01
1.456500000000000000e+07	2.600000000000000000e+01
1.457000000000000000e+07	2.600000000000000000e+01
1.457500000000000000e+07	2.600000000000000000e+01
1.458000000000000000e+07	2.600000000000000000e+01
1.458500000000000000e+07	2.600000000000000000e+01
1.459000000000000000e+07	2.600000000000000000e+01
1.459500000000000000e+07	2.600000000000000000e+01
1.460000000000000000e+07	2.600000000000000000e+01
1.460500000000000000e+07	2.600000000000000000e+01
1.461000000000000000e+07	2.600000000000000000e+01
1.461500000000000000e+07	2.600000000000000000e+01
1.462000000000000000e+07	2.600000000000000000e+01
1.462500000000000000e+07	2.600000000000000000e+01
1.463000000000000000e+07	2.600000000000000000e+01
1.463500000000000000e+07	2.600000000000000000e+01
1.464000000000000000e+07	2.600000000000000000e+01
1.464500000000000000e+07	2.600000000000000000e+01
1.465000000000000000e+07	2.600000000000000000e+01
1.465500000000000000e+07	2.600000000000000000e+01
1.466000000000000000e+07	2.600000000000000000e+01
1.466500000000000000e+07	2.600000000000000000e+01
1.467000000000000000e+07	2.600000000000000000e+01
1.467500000000000000e+07	2.600000000000000000e+01
1.468000000000000000e+07	2.600000000000000000e+01
1.468500000000000000e+07	2.600000000000000000e+01
1.469000000000000000e+07	2.600000000000000000e+01
1.469500000000000000e+07	2.600000000000000000e+01
1.470000000000000000e+07	2.600000000000000000e+01
1.470500000000000000e+07	2.600000000000000000e+01
1.471000000000000000e+07	2.600000000000000000e+01
1.471500000000000000e+07	2.600000000000000000e+01
1.472000000000000000e+07	2.600000000000000000e+01
1.472500000000000000e+07	2.600000000000000000e+01
1.509000000000000000e+07	2.600000000000000000e+01
1.509500000000000000e+07	2.600000000000000000e+01
1.510000000000000000e+07	2.600000000000000000e+01
1.514500000000000000e+07	2.600000000000000000e+01
1.515000000000000000e+07	2.600000000000000000e+01
1.515500000000000000e+07	2.600000000000000000e+01
1.516500000000000000e+07	2.600000000000000000e+01
1.517000000000000000e+07	2.600000000000000000e+01
1.517500000000000000e+07	2.600000000000000000e+01
1.518000000000000000e+07	2.600000000000000000e+01
1.518500000000000000e+07	2.600000000000000000e+01
1.519000000000000000e+07	2.600000000000000000e+01
1.519500000000000000e+07	2.600000000000000000e+01
1.520000000000000000e+07	2.600000000000000000e+01
1.520500000000000000e+07	2.600000000000000000e+01
1.521000000000000000e+07	2.600000000000000000e+01
1.521500000000000000e+07	2.600000000000000000e+01
1.522000000000000000e+07	2.600000000000000000e+01
1.522500000000000000e+07	2.600000000000000000e+01
1.523000000000000000e+07	2.600000000000000000e+01
1.523500000000000000e+07	2.600000000000000000e+01
1.524000000000000000e+07	2.600000000000000000e+01
1.524500000000000000e+07	2.600000000000000000e+01
1.525000000000000000e+07	2.600000000000000000e+01
1.525500000000000000e+07	2.600000000000000000e+01
1.526000000000000000e+07	2.600000000000000000e+01
1.526500000000000000e+07	2.600000000000000000e+01
1.527000000000000000e+07	2.600000000000000000e+01
1.527500000000000000e+07	2.600000000000000000e+01
1.528000000000000000e+07	2.600000000000000000e+01
1.528500000000000000e+07	2.600000000000000000e+01
1.529000000000000000e+07	2.600000000000000000e+01
1.529500000000000000e+07	2.600000000000000000e+01
1.530000000000000000e+07	2.600000000000000000e+01
1.530500000000000000e+07	2.600000000000000000e+01
1.531000000000000000e+07	2.600000000000000000e+01
1.531500000000000000e+07	2.600000000000000000e+01
1.532000000000000000e+07	2.600000000000000000e+01
1.532500000000000000e+07	2.600000000000000000e+01
1.533000000000000000e+07	2.600000000000000000e+01
1.533500000000000000e+07	2.600000000000000000e+01
1.534000000000000000e+07	2.600000000000000000e+01
1.534500000000000000e+07	2.600000000000000000e+01
1.535000000000000000e+07	2.600000000000000000e+01
1.535500000000000000e+07	2.600000000000000000e+01
1.536000000000000000e+07	2.600000000000000000e+01
1.536500000000000000e+07	2.600000000000000000e+01
1.537000000000000000e+07	2.600000000000000000e+01
1.537500000000000000e+07	2.600000000000000000e+01
1.538000000000000000e+07	2.600000000000000000e+01
1.538500000000000000e+07	2.600000000000000000e+01
1.539000000000000000e+07	2.600000000000000000e+01
1.539500000000000000e+07	2.600000000000000000e+01
1.540000000000000000e+07	2.600000000000000000e+01
1.540500000000000000e+07	2.600000000000000000e+01
1.541000000000000000e+07	2.600000000000000000e+01
1.541500000000000000e+07	2.600000000000000000e+01
1.542000000000000000e+07	2.600000000000000000e+01
1.542500000000000000e+07	2.600000000000000000e+01
1.543000000000000000e+07	2.600000000000000000e+01
1.543500000000000000e+07	2.600000000000000000e+01
1.544000000000000000e+07	2.600000000000000000e+01
1.544500000000000000e+07	2.600000000000000000e+01
1.545000000000000000e+07	2.600000000000000000e+01
1.545500000000000000e+07	2.600000000000000000e+01
1.546000000000000000e+07	2.600000000000000000e+01
1.546500000000000000e+07	2.600000000000000000e+01
1.547000000000000000e+07	2.600000000000000000e+01
1.547500000000000000e+07	2.600000000000000000e+01
1.548000000000000000e+07	2.600000000000000000e+01
1.548500000000000000e+07	2.600000000000000000e+01
1.549000000000000000e+07	2.600000000000000000e+01
1.549500000000000000e+07	2.600000000000000000e+01
1.550000000000000000e+07	2.600000000000000000e+01
1.550500000000000000e+07	2.600000000000000000e+01
1.551000000000000000e+07	2.600000000000000000e+01
1.551500000000000000e+07	2.600000000000000000e+01
1.552000000000000000e+07	2.600000000000000000e+01
1.552500000000000000e+07	2.600000000000000000e+01
1.553000000000000000e+07	2.600000000000000000e+01
1.553500000000000000e+07	2.600000000000000000e+01
1.554000000000000000e+07	2.600000000000000000e+01
1.554500000000000000e+07	2.600000000000000000e+01
1.555000000000000000e+07	2.600000000000000000e+01
1.555500000000000000e+07	2.600000000000000000e+01
1.556000000000000000e+07	2.600000000000000000e+01
1.556500000000000000e+07	2.600000000000000000e+01
1.557000000000000000e+07	2.600000000000000000e+01
1.557500000000000000e+07	2.600000000000000000e+01
1.558000000000000000e+07	2.600000000000000000e+01
1.558500000000000000e+07	2.600000000000000000e+01
1.559000000000000000e+07	2.600000000000000000e+01
1.559500000000000000e+07	2.600000000000000000e+01
1.560000000000000000e+07	2.600000000000000000e+01
1.560500000000000000e+07	2.600000000000000000e+01
1.561000000000000000e+07	2.600000000000000000e+01
1.561500000000000000e+07	2.600000000000000000e+01
1.562000000000000000e+07	2.600000000000000000e+01
1.563000000000000000e+07	2.600000000000000000e+01
1.563500000000000000e+07	2.600000000000000000e+01
1.564000000000000000e+07	2.600000000000000000e+01
1.564500000000000000e+07	2.600000000000000000e+01
1.565000000000000000e+07	2.600000000000000000e+01
1.565500000000000000e+07	2.600000000000000000e+01
1.566500000000000000e+07	2.600000000000000000e+01
1.579500000000000000e+07	2.600000000000000000e+01
1.580500000000000000e+07	2.600000000000000000e+01
1.581000000000000000e+07	2.600000000000000000e+01
1.581500000000000000e+07	2.600000000000000000e+01
1.582000000000000000e+07	2.600000000000000000e+01
1.582500000000000000e+07	2.600000000000000000e+01
1.583000000000000000e+07	2.600000000000000000e+01
1.583500000000000000e+07	2.600000000000000000e+01
1.584000000000000000e+07	2.600000000000000000e+01
1.584500000000000000e+07	2.600000000000000000e+01
1.585000000000000000e+07	2.600000000000000000e+01
1.585500000000000000e+07	2.600000000000000000e+01
1.586000000000000000e+07	2.600000000000000000e+01
1.586500000000000000e+07	2.600000000000000000e+01
1.587000000000000000e+07	2.600000000000000000e+01
1.587500000000000000e+07	2.600000000000000000e+01
1.588000000000000000e+07	2.600000000000000000e+01
1.588500000000000000e+07	2.600000000000000000e+01
1.589000000000000000e+07	2.600000000000000000e+01
1.589500000000000000e+07	2.600000000000000000e+01
1.590000000000000000e+07	2.600000000000000000e+01
1.590500000000000000e+07	2.600000000000000000e+01
1.591000000000000000e+07	2.600000000000000000e+01
1.591500000000000000e+07	2.600000000000000000e+01
1.592000000000000000e+07	2.600000000000000000e+01
1.592500000000000000e+07	2.600000000000000000e+01
1.593000000000000000e+07	2.600000000000000000e+01
1.593500000000000000e+07	2.600000000000000000e+01
1.594000000000000000e+07	2.600000000000000000e+01
1.594500000000000000e+07	2.600000000000000000e+01
1.595000000000000000e+07	2.600000000000000000e+01
1.595500000000000000e+07	2.600000000000000000e+01
1.596000000000000000e+07	2.600000000000000000e+01
1.596500000000000000e+07	2.600000000000000000e+01
1.597000000000000000e+07	2.600000000000000000e+01
1.597500000000000000e+07	2.600000000000000000e+01
1.598000000000000000e+07	2.600000000000000000e+01
1.598500000000000000e+07	2.600000000000000000e+01
1.599000000000000000e+07	2.600000000000000000e+01
1.599500000000000000e+07	2.600000000000000000e+01
1.600000000000000000e+07	2.600000000000000000e+01
1.600500000000000000e+07	2.600000000000000000e+01
1.601000000000000000e+07	2.600000000000000000e+01
1.601500000000000000e+07	2.600000000000000000e+01
1.602000000000000000e+07	2.600000000000000000e+01
1.602500000000000000e+07	2.600000000000000000e+01
1.603000000000000000e+07	2.600000000000000000e+01
1.603500000000000000e+07	2.600000000000000000e+01
1.604000000000000000e+07	2.600000000000000000e+01
1.604500000000000000e+07	2.600000000000000000e+01
1.605000000000000000e+07	2.600000000000000000e+01
1.605500000000000000e+07	2.600000000000000000e+01
1.606000000000000000e+07	2.600000000000000000e+01
1.606500000000000000e+07	2.600000000000000000e+01
1.607000000000000000e+07	2.600000000000000000e+01
1.607500000000000000e+07	2.600000000000000000e+01
1.608000000000000000e+07	2.600000000000000000e+01
1.608500000000000000e+07	2.600000000000000000e+01
1.609000000000000000e+07	2.600000000000000000e+01
1.609500000000000000e+07	2.600000000000000000e+01
1.610000000000000000e+07	2.600000000000000000e+01
1.610500000000000000e+07	2.600000000000000000e+01
1.611000000000000000e+07	2.600000000000000000e+01
1.611500000000000000e+07	2.600000000000000000e+01
1.612000000000000000e+07	2.600000000000000000e+01
1.612500000000000000e+07	2.600000000000000000e+01
1.613000000000000000e+07	2.600000000000000000e+01
1.613500000000000000e+07	2.600000000000000000e+01
1.614000000000000000e+07	2.600000000000000000e+01
1.614500000000000000e+07	2.600000000000000000e+01
1.615000000000000000e+07	2.600000000000000000e+01
1.615500000000000000e+07	2.600000000000000000e+01
1.616000000000000000e+07	2.600000000000000000e+01
1.616500000000000000e+07	2.600000000000000000e+01
1.617000000000000000e+07	2.600000000000000000e+01
1.617500000000000000e+07	2.600000000000000000e+01
1.618000000000000000e+07	2.600000000000000000e+01
1.618500000000000000e+07	2.600000000000000000e+01
1.619000000000000000e+07	2.600000000000000000e+01
1.619500000000000000e+07	2.600000000000000000e+01
1.624000000000000000e+07	2.600000000000000000e+01
1.624500000000000000e+07	2.600000000000000000e+01
1.630000000000000000e+07	2.600000000000000000e+01
1.630500000000000000e+07	2.600000000000000000e+01
1.631000000000000000e+07	2.600000000000000000e+01
1.631500000000000000e+07	2.600000000000000000e+01
1.632000000000000000e+07	2.600000000000000000e+01
1.632500000000000000e+07	2.600000000000000000e+01
1.634000000000000000e+07	2.600000000000000000e+01
1.634500000000000000e+07	2.600000000000000000e+01
1.635000000000000000e+07	2.600000000000000000e+01
1.635500000000000000e+07	2.600000000000000000e+01
1.636000000000000000e+07	2.600000000000000000e+01
1.636500000000000000e+07	2.600000000000000000e+01
1.637000000000000000e+07	2.600000000000000000e+01
1.637500000000000000e+07	2.600000000000000000e+01
1.638000000000000000e+07	2.600000000000000000e+01
1.638500000000000000e+07	2.600000000000000000e+01
1.639000000000000000e+07	2.600000000000000000e+01
1.639500000000000000e+07	2.600000000000000000e+01
1.640000000000000000e+07	2.600000000000000000e+01
1.640500000000000000e+07	2.600000000000000000e+01
1.641000000000000000e+07	2.600000000000000000e+01
1.641500000000000000e+07	2.600000000000000000e+01
1.642000000000000000e+07	2.600000000000000000e+01
1.642500000000000000e+07	2.600000000000000000e+01
1.643000000000000000e+07	2.600000000000000000e+01
1.643500000000000000e+07	2.600000000000000000e+01
1.644000000000000000e+07	2.600000000000000000e+01
1.644500000000000000e+07	2.600000000000000000e+01
1.645000000000000000e+07	2.600000000000000000e+01
1.645500000000000000e+07	2.600000000000000000e+01
1.646000000000000000e+07	2.600000000000000000e+01
1.646500000000000000e+07	2.600000000000000000e+01
1.647000000000000000e+07	2.600000000000000000e+01
1.647500000000000000e+07	2.600000000000000000e+01
1.648000000000000000e+07	2.600000000000000000e+01
1.648500000000000000e+07	2.600000000000000000e+01
1.649000000000000000e+07	2.600000000000000000e+01
1.649500000000000000e+07	2.600000000000000000e+01
1.650000000000000000e+07	2.600000000000000000e+01
1.650500000000000000e+07	2.600000000000000000e+01
1.651000000000000000e+07	2.600000000000000000e+01
1.651500000000000000e+07	2.600000000000000000e+01
1.652000000000000000e+07	2.600000000000000000e+01
1.652500000000000000e+07	2.600000000000000000e+01
1.653000000000000000e+07	2.600000000000000000e+01
1.653500000000000000e+07	2.600000000000000000e+01
1.654000000000000000e+07	2.600000000000000000e+01
1.654500000000000000e+07	2.600000000000000000e+01
1.655000000000000000e+07	2.600000000000000000e+01
1.655500000000000000e+07	2.600000000000000000e+01
1.656000000000000000e+07	2.600000000000000000e+01
1.656500000000000000e+07	2.600000000000000000e+01
1.657000000000000000e+07	2.600000000000000000e+01
1.657500000000000000e+07	2.600000000000000000e+01
1.658000000000000000e+07	2.600000000000000000e+01
1.658500000000000000e+07	2.600000000000000000e+01
1.659000000000000000e+07	2.600000000000000000e+01
1.659500000000000000e+07	2.600000000000000000e+01
1.660000000000000000e+07	2.600000000000000000e+01
1.660500000000000000e+07	2.600000000000000000e+01
1.661000000000000000e+07	2.600000000000000000e+01
1.661500000000000000e+07	2.600000000000000000e+01
1.662000000000000000e+07	2.600000000000000000e+01
1.662500000000000000e+07	2.600000000000000000e+01
1.663000000000000000e+07	2.600000000000000000e+01
1.663500000000000000e+07	2.600000000000000000e+01
1.664000000000000000e+07	2.600000000000000000e+01
1.664500000000000000e+07	2.600000000000000000e+01
1.665000000000000000e+07	2.600000000000000000e+01
1.665500000000000000e+07	2.600000000000000000e+01
1.666000000000000000e+07	2.600000000000000000e+01
1.666500000000000000e+07	2.600000000000000000e+01
1.667000000000000000e+07	2.600000000000000000e+01
1.667500000000000000e+07	2.600000000000000000e+01
1.668000000000000000e+07	2.600000000000000000e+01
1.668500000000000000e+07	2.600000000000000000e+01
1.669000000000000000e+07	2.600000000000000000e+01
1.669500000000000000e+07	2.600000000000000000e+01
1.670000000000000000e+07	2.600000000000000000e+01
1.670500000000000000e+07	2.600000000000000000e+01
1.671000000000000000e+07	2.600000000000000000e+01
1.671500000000000000e+07	2.600000000000000000e+01
1.672000000000000000e+07	2.600000000000000000e+01
1.672500000000000000e+07	2.600000000000000000e+01
1.673000000000000000e+07	2.600000000000000000e+01
1.673500000000000000e+07	2.600000000000000000e+01
1.674000000000000000e+07	2.600000000000000000e+01
1.674500000000000000e+07	2.600000000000000000e+01
1.675000000000000000e+07	2.600000000000000000e+01
1.675500000000000000e+07	2.600000000000000000e+01
1.676000000000000000e+07	2.600000000000000000e+01
1.676500000000000000e+07	2.600000000000000000e+01
1.677000000000000000e+07	2.600000000000000000e+01
1.677500000000000000e+07	2.600000000000000000e+01
1.678000000000000000e+07	2.600000000000000000e+01
1.678500000000000000e+07	2.600000000000000000e+01
1.679000000000000000e+07	2.600000000000000000e+01
1.679500000000000000e+07	2.600000000000000000e+01
1.680000000000000000e+07	2.600000000000000000e+01
1.680500000000000000e+07	2.600000000000000000e+01
1.681000000000000000e+07	2.600000000000000000e+01
1.681500000000000000e+07	2.600000000000000000e+01
1.682000000000000000e+07	2.600000000000000000e+01
1.682500000000000000e+07	2.600000000000000000e+01
1.683000000000000000e+07	2.600000000000000000e+01
1.683500000000000000e+07	2.600000000000000000e+01
1.684000000000000000e+07	2.600000000000000000e+01
1.684500000000000000e+07	2.600000000000000000e+01
1.685000000000000000e+07	2.600000000000000000e+01
1.685500000000000000e+07	2.600000000000000000e+01
1.686000000000000000e+07	2.600000000000000000e+01
1.686500000000000000e+07	2.600000000000000000e+01
1.687000000000000000e+07	2.600000000000000000e+01
1.687500000000000000e+07	2.600000000000000000e+01
1.688000000000000000e+07	2.600000000000000000e+01
1.688500000000000000e+07	2.600000000000000000e+01
1.689000000000000000e+07	2.600000000000000000e+01
1.689500000000000000e+07	2.600000000000000000e+01
1.690000000000000000e+07	2.600000000000000000e+01
1.690500000000000000e+07	2.600000000000000000e+01
1.726000000000000000e+07	2.600000000000000000e+01
1.726500000000000000e+07	2.600000000000000000e+01
1.727000000000000000e+07	2.600000000000000000e+01
1.727500000000000000e+07	2.600000000000000000e+01
1.728000000000000000e+07	2.600000000000000000e+01
1.728500000000000000e+07	2.600000000000000000e+01
1.729000000000000000e+07	2.600000000000000000e+01
1.729500000000000000e+07	2.600000000000000000e+01
1.730000000000000000e+07	2.600000000000000000e+01
1.730500000000000000e+07	2.600000000000000000e+01
1.731000000000000000e+07	2.600000000000000000e+01
1.731500000000000000e+07	2.600000000000000000e+01
1.732000000000000000e+07	2.600000000000000000e+01
1.732500000000000000e+07	2.600000000000000000e+01
1.733000000000000000e+07	2.600000000000000000e+01
1.733500000000000000e+07	2.600000000000000000e+01
1.734000000000000000e+07	2.600000000000000000e+01
1.734500000000000000e+07	2.600000000000000000e+01
1.735000000000000000e+07	2.600000000000000000e+01
1.735500000000000000e+07	2.600000000000000000e+01
1.736000000000000000e+07	2.600000000000000000e+01
1.911000000000000000e+07	2.600000000000000000e+01
1.911500000000000000e+07	2.600000000000000000e+01
1.912000000000000000e+07	2.600000000000000000e+01
1.912500000000000000e+07	2.600000000000000000e+01
1.913000000000000000e+07	2.600000000000000000e+01
1.913500000000000000e+07	2.600000000000000000e+01
1.914000000000000000e+07	2.600000000000000000e+01
1.914500000000000000e+07	2.600000000000000000e+01
1.915000000000000000e+07	2.600000000000000000e+01
1.915500000000000000e+07	2.600000000000000000e+01
1.916000000000000000e+07	2.600000000000000000e+01
1.916500000000000000e+07	2.600000000000000000e+01
1.917000000000000000e+07	2.600000000000000000e+01
1.917500000000000000e+07	2.600000000000000000e+01
1.918000000000000000e+07	2.600000000000000000e+01
1.918500000000000000e+07	2.600000000000000000e+01
1.919000000000000000e+07	2.600000000000000000e+01
1.919500000000000000e+07	2.600000000000000000e+01
1.920000000000000000e+07	2.600000000000000000e+01
1.920500000000000000e+07	2.600000000000000000e+01
1.921000000000000000e+07	2.600000000000000000e+01
1.921500000000000000e+07	2.600000000000000000e+01
1.922000000000000000e+07	2.600000000000000000e+01
1.922500000000000000e+07	2.600000000000000000e+01
1.923000000000000000e+07	2.600000000000000000e+01
1.923500000000000000e+07	2.600000000000000000e+01
1.924000000000000000e+07	2.600000000000000000e+01
1.924500000000000000e+07	2.600000000000000000e+01
1.925000000000000000e+07	2.600000000000000000e+01
1.925500000000000000e+07	2.600000000000000000e+01
1.926000000000000000e+07	2.600000000000000000e+01
1.926500000000000000e+07	2.600000000000000000e+01
1.927000000000000000e+07	2.600000000000000000e+01
1.927500000000000000e+07	2.600000000000000000e+01
1.928000000000000000e+07	2.600000000000000000e+01
1.928500000000000000e+07	2.600000000000000000e+01
1.929000000000000000e+07	2.600000000000000000e+01
1.929500000000000000e+07	2.600000000000000000e+01
1.930000000000000000e+07	2.600000000000000000e+01
1.930500000000000000e+07	2.600000000000000000e+01
1.931000000000000000e+07	2.600000000000000000e+01
1.931500000000000000e+07	2.600000000000000000e+01
1.932000000000000000e+07	2.600000000000000000e+01
1.932500000000000000e+07	2.600000000000000000e+01
1.933000000000000000e+07	2.600000000000000000e+01
1.933500000000000000e+07	2.600000000000000000e+01
1.934000000000000000e+07	2.600000000000000000e+01
1.934500000000000000e+07	2.600000000000000000e+01
1.935000000000000000e+07	2.600000000000000000e+01
1.935500000000000000e+07	2.600000000000000000e+01
1.936000000000000000e+07	2.600000000000000000e+01
1.936500000000000000e+07	2.600000000000000000e+01
1.937000000000000000e+07	2.600000000000000000e+01
1.937500000000000000e+07	2.600000000000000000e+01
1.938000000000000000e+07	2.600000000000000000e+01
1.938500000000000000e+07	2.600000000000000000e+01
1.939000000000000000e+07	2.600000000000000000e+01
1.939500000000000000e+07	2.600000000000000000e+01
1.940000000000000000e+07	2.600000000000000000e+01
1.940500000000000000e+07	2.600000000000000000e+01
1.941000000000000000e+07	2.600000000000000000e+01
1.941500000000000000e+07	2.600000000000000000e+01
1.942000000000000000e+07	2.600000000000000000e+01
1.942500000000000000e+07	2.600000000000000000e+01
1.943000000000000000e+07	2.600000000000000000e+01
1.943500000000000000e+07	2.600000000000000000e+01
1.944000000000000000e+07	2.600000000000000000e+01
1.944500000000000000e+07	2.600000000000000000e+01
1.945000000000000000e+07	2.600000000000000000e+01
1.945500000000000000e+07	2.600000000000000000e+01
1.946000000000000000e+07	2.600000000000000000e+01
1.946500000000000000e+07	2.600000000000000000e+01
1.947000000000000000e+07	2.600000000000000000e+01
1.947500000000000000e+07	2.600000000000000000e+01
1.948000000000000000e+07	2.600000000000000000e+01
1.948500000000000000e+07	2.600000000000000000e+01
1.949000000000000000e+07	2.600000000000000000e+01
1.949500000000000000e+07	2.600000000000000000e+01
1.950000000000000000e+07	2.600000000000000000e+01
1.950500000000000000e+07	2.600000000000000000e+01
1.951500000000000000e+07	2.600000000000000000e+01
1.952000000000000000e+07	2.600000000000000000e+01
1.952500000000000000e+07	2.600000000000000000e+01
1.953000000000000000e+07	2.600000000000000000e+01
1.953500000000000000e+07	2.600000000000000000e+01
1.954000000000000000e+07	2.600000000000000000e+01
1.955000000000000000e+07	2.600000000000000000e+01
1.955500000000000000e+07	2.600000000000000000e+01
1.956000000000000000e+07	2.600000000000000000e+01
1.956500000000000000e+07	2.600000000000000000e+01
1.957000000000000000e+07	2.600000000000000000e+01
1.957500000000000000e+07	2.600000000000000000e+01
1.958000000000000000e+07	2.600000000000000000e+01
1.958500000000000000e+07	2.600000000000000000e+01
1.959000000000000000e+07	2.600000000000000000e+01
1.959500000000000000e+07	2.600000000000000000e+01
1.960000000000000000e+07	2.600000000000000000e+01
1.960500000000000000e+07	2.600000000000000000e+01
1.961000000000000000e+07	2.600000000000000000e+01
1.961500000000000000e+07	2.600000000000000000e+01
1.962000000000000000e+07	2.600000000000000000e+01
1.962500000000000000e+07	2.600000000000000000e+01
1.963000000000000000e+07	2.600000000000000000e+01
1.963500000000000000e+07	2.600000000000000000e+01
1.964000000000000000e+07	2.600000000000000000e+01
1.964500000000000000e+07	2.600000000000000000e+01
1.965000000000000000e+07	2.600000000000000000e+01
1.965500000000000000e+07	2.600000000000000000e+01
1.966000000000000000e+07	2.600000000000000000e+01
1.966500000000000000e+07	2.600000000000000000e+01
1.967000000000000000e+07	2.600000000000000000e+01
1.967500000000000000e+07	2.600000000000000000e+01
1.968000000000000000e+07	2.600000000000000000e+01
1.968500000000000000e+07	2.600000000000000000e+01
1.969500000000000000e+07	2.600000000000000000e+01
1.970000000000000000e+07	2.600000000000000000e+01
1.970500000000000000e+07	2.600000000000000000e+01
1.971000000000000000e+07	2.600000000000000000e+01
1.971500000000000000e+07	2.600000000000000000e+01
1.972000000000000000e+07	2.600000000000000000e+01
1.972500000000000000e+07	2.600000000000000000e+01
1.973000000000000000e+07	2.600000000000000000e+01
1.973500000000000000e+07	2.600000000000000000e+01
1.974000000000000000e+07	2.600000000000000000e+01
1.974500000000000000e+07	2.600000000000000000e+01
1.975000000000000000e+07	2.600000000000000000e+01
1.975500000000000000e+07	2.600000000000000000e+01
1.976000000000000000e+07	2.600000000000000000e+01
1.976500000000000000e+07	2.600000000000000000e+01
1.977000000000000000e+07	2.600000000000000000e+01
1.977500000000000000e+07	2.600000000000000000e+01
1.978000000000000000e+07	2.600000000000000000e+01
1.978500000000000000e+07	2.600000000000000000e+01
1.979000000000000000e+07	2.600000000000000000e+01
1.979500000000000000e+07	2.600000000000000000e+01
1.980000000000000000e+07	2.600000000000000000e+01
1.980500000000000000e+07	2.600000000000000000e+01
1.981000000000000000e+07	2.600000000000000000e+01
1.981500000000000000e+07	2.600000000000000000e+01
1.982000000000000000e+07	2.600000000000000000e+01
1.982500000000000000e+07	2.600000000000000000e+01
1.983000000000000000e+07	2.600000000000000000e+01
1.983500000000000000e+07	2.600000000000000000e+01
1.984000000000000000e+07	2.600000000000000000e+01
1.984500000000000000e+07	2.600000000000000000e+01
1.985000000000000000e+07	2.600000000000000000e+01
1.985500000000000000e+07	2.600000000000000000e+01
1.986000000000000000e+07	2.600000000000000000e+01
1.986500000000000000e+07	2.600000000000000000e+01
1.987000000000000000e+07	2.600000000000000000e+01
1.987500000000000000e+07	2.600000000000000000e+01
1.988000000000000000e+07	2.600000000000000000e+01
1.988500000000000000e+07	2.600000000000000000e+01
1.989000000000000000e+07	2.600000000000000000e+01
1.989500000000000000e+07	2.600000000000000000e+01
1.990000000000000000e+07	2.600000000000000000e+01
1.990500000000000000e+07	2.600000000000000000e+01
1.991000000000000000e+07	2.600000000000000000e+01
1.991500000000000000e+07	2.600000000000000000e+01
1.992000000000000000e+07	2.600000000000000000e+01
1.992500000000000000e+07	2.600000000000000000e+01
1.993000000000000000e+07	2.600000000000000000e+01
1.993500000000000000e+07	2.600000000000000000e+01
1.994000000000000000e+07	2.600000000000000000e+01
1.994500000000000000e+07	2.600000000000000000e+01
1.995000000000000000e+07	2.600000000000000000e+01
1.995500000000000000e+07	2.600000000000000000e+01
1.996000000000000000e+07	2.600000000000000000e+01
1.996500000000000000e+07	2.600000000000000000e+01
1.997000000000000000e+07	2.600000000000000000e+01
1.997500000000000000e+07	2.600000000000000000e+01
1.998000000000000000e+07	2.600000000000000000e+01
1.998500000000000000e+07	2.600000000000000000e+01
1.999000000000000000e+07	2.600000000000000000e+01
1.999500000000000000e+07	2.600000000000000000e+01
2.000000000000000000e+07	2.600000000000000000e+01
2.000500000000000000e+07	2.600000000000000000e+01
2.001000000000000000e+07	2.600000000000000000e+01
2.002000000000000000e+07	2.600000000000000000e+01
2.002500000000000000e+07	2.600000000000000000e+01
2.003000000000000000e+07	2.600000000000000000e+01
2.003500000000000000e+07	2.600000000000000000e+01
2.004000000000000000e+07	2.600000000000000000e+01
2.004500000000000000e+07	2.600000000000000000e+01
2.005000000000000000e+07	2.600000000000000000e+01
2.005500000000000000e+07	2.600000000000000000e+01
2.006500000000000000e+07	2.600000000000000000e+01
2.008000000000000000e+07	2.600000000000000000e+01
2.009500000000000000e+07	2.600000000000000000e+01
2.010000000000000000e+07	2.600000000000000000e+01
2.010500000000000000e+07	2.600000000000000000e+01
2.011000000000000000e+07	2.600000000000000000e+01
2.011500000000000000e+07	2.600000000000000000e+01
2.012000000000000000e+07	2.600000000000000000e+01
2.012500000000000000e+07	2.600000000000000000e+01
2.013000000000000000e+07	2.600000000000000000e+01
2.013500000000000000e+07	2.600000000000000000e+01
2.014000000000000000e+07	2.600000000000000000e+01
2.014500000000000000e+07	2.600000000000000000e+01
2.015000000000000000e+07	2.600000000000000000e+01
2.015500000000000000e+07	2.600000000000000000e+01
2.016000000000000000e+07	2.600000000000000000e+01
2.016500000000000000e+07	2.600000000000000000e+01
2.017000000000000000e+07	2.600000000000000000e+01
2.017500000000000000e+07	2.600000000000000000e+01
2.018000000000000000e+07	2.600000000000000000e+01
2.018500000000000000e+07	2.600000000000000000e+01
2.019000000000000000e+07	2.600000000000000000e+01
2.019500000000000000e+07	2.600000000000000000e+01
2.020000000000000000e+07	2.600000000000000000e+01
2.020500000000000000e+07	2.600000000000000000e+01
2.021000000000000000e+07	2.600000000000000000e+01
2.021500000000000000e+07	2.600000000000000000e+01
2.022000000000000000e+07	2.600000000000000000e+01
2.022500000000000000e+07	2.600000000000000000e+01
2.023000000000000000e+07	2.600000000000000000e+01
2.023500000000000000e+07	2.600000000000000000e+01
2.024000000000000000e+07	2.600000000000000000e+01
2.024500000000000000e+07	2.600000000000000000e+01
2.025000000000000000e+07	2.600000000000000000e+01
2.025500000000000000e+07	2.600000000000000000e+01
2.026000000000000000e+07	2.600000000000000000e+01
2.026500000000000000e+07	2.600000000000000000e+01
2.027000000000000000e+07	2.600000000000000000e+01
2.027500000000000000e+07	2.600000000000000000e+01
2.028000000000000000e+07	2.600000000000000000e+01
2.028500000000000000e+07	2.600000000000000000e+01
2.029000000000000000e+07	2.600000000000000000e+01
2.029500000000000000e+07	2.600000000000000000e+01
2.030000000000000000e+07	2.600000000000000000e+01
2.030500000000000000e+07	2.600000000000000000e+01
2.031000000000000000e+07	2.600000000000000000e+01
2.031500000000000000e+07	2.600000000000000000e+01
2.032000000000000000e+07	2.600000000000000000e+01
2.032500000000000000e+07	2.600000000000000000e+01
2.033000000000000000e+07	2.600000000000000000e+01
2.033500000000000000e+07	2.600000000000000000e+01
2.034000000000000000e+07	2.600000000000000000e+01
2.034500000000000000e+07	2.600000000000000000e+01
2.035000000000000000e+07	2.600000000000000000e+01
2.035500000000000000e+07	2.600000000000000000e+01
2.036000000000000000e+07	2.600000000000000000e+01
2.036500000000000000e+07	2.600000000000000000e+01
2.037000000000000000e+07	2.600000000000000000e+01
2.037500000000000000e+07	2.600000000000000000e+01
2.038000000000000000e+07	2.600000000000000000e+01
2.038500000000000000e+07	2.600000000000000000e+01
2.039000000000000000e+07	2.600000000000000000e+01
2.039500000000000000e+07	2.600000000000000000e+01
2.040000000000000000e+07	2.600000000000000000e+01
2.040500000000000000e+07	2.600000000000000000e+01
2.041000000000000000e+07	2.600000000000000000e+01
2.041500000000000000e+07	2.600000000000000000e+01
2.042000000000000000e+07	2.600000000000000000e+01
2.042500000000000000e+07	2.600000000000000000e+01
2.043000000000000000e+07	2.600000000000000000e+01
2.043500000000000000e+07	2.600000000000000000e+01
2.044000000000000000e+07	2.600000000000000000e+01
2.044500000000000000e+07	2.600000000000000000e+01
2.045000000000000000e+07	2.600000000000000000e+01
2.045500000000000000e+07	2.600000000000000000e+01
2.046000000000000000e+07	2.600000000000000000e+01
2.046500000000000000e+07	2.600000000000000000e+01
2.047000000000000000e+07	2.600000000000000000e+01
2.047500000000000000e+07	2.600000000000000000e+01
2.048000000000000000e+07	2.600000000000000000e+01
2.048500000000000000e+07	2.600000000000000000e+01
2.049000000000000000e+07	2.600000000000000000e+01
2.049500000000000000e+07	2.600000000000000000e+01
2.050000000000000000e+07	2.600000000000000000e+01
2.050500000000000000e+07	2.600000000000000000e+01
2.051000000000000000e+07	2.600000000000000000e+01
2.051500000000000000e+07	2.600000000000000000e+01
2.052000000000000000e+07	2.600000000000000000e+01
2.052500000000000000e+07	2.600000000000000000e+01
2.053000000000000000e+07	2.600000000000000000e+01
2.053500000000000000e+07	2.600000000000000000e+01
2.054000000000000000e+07	2.600000000000000000e+01
2.054500000000000000e+07	2.600000000000000000e+01
2.055000000000000000e+07	2.600000000000000000e+01
2.055500000000000000e+07	2.600000000000000000e+01
2.056000000000000000e+07	2.600000000000000000e+01
2.056500000000000000e+07	2.600000000000000000e+01
2.057000000000000000e+07	2.600000000000000000e+01
2.057500000000000000e+07	2.600000000000000000e+01
2.058000000000000000e+07	2.600000000000000000e+01
2.058500000000000000e+07	2.600000000000000000e+01
2.059000000000000000e+07	2.600000000000000000e+01
2.059500000000000000e+07	2.600000000000000000e+01
2.060000000000000000e+07	2.600000000000000000e+01
2.060500000000000000e+07	2.600000000000000000e+01
2.061000000000000000e+07	2.600000000000000000e+01
2.061500000000000000e+07	2.600000000000000000e+01
2.062000000000000000e+07	2.600000000000000000e+01
2.062500000000000000e+07	2.600000000000000000e+01
2.063000000000000000e+07	2.600000000000000000e+01
2.063500000000000000e+07	2.600000000000000000e+01
2.064000000000000000e+07	2.600000000000000000e+01
2.065000000000000000e+07	2.600000000000000000e+01
2.065500000000000000e+07	2.600000000000000000e+01
2.066000000000000000e+07	2.600000000000000000e+01
2.066500000000000000e+07	2.600000000000000000e+01
2.067000000000000000e+07	2.600000000000000000e+01
2.067500000000000000e+07	2.600000000000000000e+01
2.068000000000000000e+07	2.600000000000000000e+01
2.068500000000000000e+07	2.600000000000000000e+01
2.069000000000000000e+07	2.600000000000000000e+01
2.069500000000000000e+07	2.600000000000000000e+01
2.070000000000000000e+07	2.600000000000000000e+01
2.070500000000000000e+07	2.600000000000000000e+01
2.071000000000000000e+07	2.600000000000000000e+01
2.071500000000000000e+07	2.600000000000000000e+01
2.072000000000000000e+07	2.600000000000000000e+01
2.072500000000000000e+07	2.600000000000000000e+01
2.073000000000000000e+07	2.600000000000000000e+01
2.073500000000000000e+07	2.600000000000000000e+01
2.074000000000000000e+07	2.600000000000000000e+01
2.074500000000000000e+07	2.600000000000000000e+01
2.075000000000000000e+07	2.600000000000000000e+01
2.075500000000000000e+07	2.600000000000000000e+01
2.076000000000000000e+07	2.600000000000000000e+01
2.076500000000000000e+07	2.600000000000000000e+01
2.077000000000000000e+07	2.600000000000000000e+01
2.077500000000000000e+07	2.600000000000000000e+01
2.078000000000000000e+07	2.600000000000000000e+01
2.078500000000000000e+07	2.600000000000000000e+01
2.079000000000000000e+07	2.600000000000000000e+01
2.079500000000000000e+07	2.600000000000000000e+01
2.080000000000000000e+07	2.600000000000000000e+01
2.080500000000000000e+07	2.600000000000000000e+01
2.081000000000000000e+07	2.600000000000000000e+01
2.081500000000000000e+07	2.600000000000000000e+01
2.082000000000000000e+07	2.600000000000000000e+01
2.082500000000000000e+07	2.600000000000000000e+01
2.083000000000000000e+07	2.600000000000000000e+01
2.083500000000000000e+07	2.600000000000000000e+01
2.084000000000000000e+07	2.600000000000000000e+01
2.084500000000000000e+07	2.600000000000000000e+01
2.085000000000000000e+07	2.600000000000000000e+01
2.085500000000000000e+07	2.600000000000000000e+01
2.086000000000000000e+07	2.600000000000000000e+01
2.086500000000000000e+07	2.600000000000000000e+01
2.087000000000000000e+07	2.600000000000000000e+01
2.087500000000000000e+07	2.600000000000000000e+01
2.088000000000000000e+07	2.600000000000000000e+01
2.088500000000000000e+07	2.600000000000000000e+01
2.089000000000000000e+07	2.600000000000000000e+01
2.089500000000000000e+07	2.600000000000000000e+01
2.090000000000000000e+07	2.600000000000000000e+01
2.090500000000000000e+07	2.600000000000000000e+01
2.091000000000000000e+07	2.600000000000000000e+01
2.091500000000000000e+07	2.600000000000000000e+01
2.092000000000000000e+07	2.600000000000000000e+01
2.092500000000000000e+07	2.600000000000000000e+01
2.093000000000000000e+07	2.600000000000000000e+01
2.093500000000000000e+07	2.600000000000000000e+01
2.094000000000000000e+07	2.600000000000000000e+01
2.094500000000000000e+07	2.600000000000000000e+01
2.095000000000000000e+07	2.600000000000000000e+01
2.095500000000000000e+07	2.600000000000000000e+01
2.096000000000000000e+07	2.600000000000000000e+01
2.096500000000000000e+07	2.600000000000000000e+01
2.097000000000000000e+07	2.600000000000000000e+01
2.097500000000000000e+07	2.600000000000000000e+01
2.098000000000000000e+07	2.600000000000000000e+01
2.098500000000000000e+07	2.600000000000000000e+01
2.099000000000000000e+07	2.600000000000000000e+01
2.099500000000000000e+07	2.600000000000000000e+01
2.100000000000000000e+07	2.600000000000000000e+01
2.100500000000000000e+07	2.600000000000000000e+01
2.101000000000000000e+07	2.600000000000000000e+01
2.101500000000000000e+07	2.600000000000000000e+01
2.102000000000000000e+07	2.600000000000000000e+01
2.102500000000000000e+07	2.600000000000000000e+01
2.103000000000000000e+07	2.600000000000000000e+01
2.103500000000000000e+07	2.600000000000000000e+01
2.104000000000000000e+07	2.600000000000000000e+01
2.104500000000000000e+07	2.600000000000000000e+01
2.105000000000000000e+07	2.600000000000000000e+01
2.105500000000000000e+07	2.600000000000000000e+01
2.106000000000000000e+07	2.600000000000000000e+01
2.106500000000000000e+07	2.600000000000000000e+01
2.107000000000000000e+07	2.600000000000000000e+01
2.107500000000000000e+07	2.600000000000000000e+01
2.108000000000000000e+07	2.600000000000000000e+01
2.108500000000000000e+07	2.600000000000000000e+01
2.109000000000000000e+07	2.600000000000000000e+01
2.109500000000000000e+07	2.600000000000000000e+01
2.110000000000000000e+07	2.600000000000000000e+01
2.110500000000000000e+07	2.600000000000000000e+01
2.111000000000000000e+07	2.600000000000000000e+01
2.111500000000000000e+07	2.600000000000000000e+01
2.112000000000000000e+07	2.600000000000000000e+01
2.112500000000000000e+07	2.600000000000000000e+01
2.113000000000000000e+07	2.600000000000000000e+01
2.113500000000000000e+07	2.600000000000000000e+01
2.114000000000000000e+07	2.600000000000000000e+01
2.114500000000000000e+07	2.600000000000000000e+01
2.115000000000000000e+07	2.600000000000000000e+01
2.115500000000000000e+07	2.600000000000000000e+01
2.116000000000000000e+07	2.600000000000000000e+01
2.116500000000000000e+07	2.600000000000000000e+01
2.117000000000000000e+07	2.600000000000000000e+01
2.117500000000000000e+07	2.600000000000000000e+01
2.118000000000000000e+07	2.600000000000000000e+01
2.118500000000000000e+07	2.600000000000000000e+01
2.119000000000000000e+07	2.600000000000000000e+01
2.119500000000000000e+07	2.600000000000000000e+01
2.120000000000000000e+07	2.600000000000000000e+01
2.120500000000000000e+07	2.600000000000000000e+01
2.121000000000000000e+07	2.600000000000000000e+01
2.121500000000000000e+07	2.600000000000000000e+01
2.122000000000000000e+07	2.600000000000000000e+01
2.122500000000000000e+07	2.600000000000000000e+01
2.123000000000000000e+07	2.600000000000000000e+01
2.123500000000000000e+07	2.600000000000000000e+01
2.124000000000000000e+07	2.600000000000000000e+01
2.124500000000000000e+07	2.600000000000000000e+01
2.125000000000000000e+07	2.600000000000000000e+01
2.125500000000000000e+07	2.600000000000000000e+01
2.126000000000000000e+07	2.600000000000000000e+01
2.126500000000000000e+07	2.600000000000000000e+01
2.127000000000000000e+07	2.600000000000000000e+01
2.127500000000000000e+07	2.600000000000000000e+01
2.128000000000000000e+07	2.600000000000000000e+01
2.128500000000000000e+07	2.600000000000000000e+01
2.129000000000000000e+07	2.600000000000000000e+01
2.129500000000000000e+07	2.600000000000000000e+01
2.130000000000000000e+07	2.600000000000000000e+01
2.130500000000000000e+07	2.600000000000000000e+01
2.131000000000000000e+07	2.600000000000000000e+01
2.131500000000000000e+07	2.600000000000000000e+01
2.132000000000000000e+07	2.600000000000000000e+01
2.132500000000000000e+07	2.600000000000000000e+01
2.133000000000000000e+07	2.600000000000000000e+01
2.133500000000000000e+07	2.600000000000000000e+01
2.134000000000000000e+07	2.600000000000000000e+01
2.134500000000000000e+07	2.600000000000000000e+01
2.135000000000000000e+07	2.600000000000000000e+01
2.135500000000000000e+07	2.600000000000000000e+01
2.136000000000000000e+07	2.600000000000000000e+01
2.136500000000000000e+07	2.600000000000000000e+01
2.137000000000000000e+07	2.600000000000000000e+01
2.137500000000000000e+07	2.600000000000000000e+01
2.138000000000000000e+07	2.600000000000000000e+01
2.138500000000000000e+07	2.600000000000000000e+01
2.139000000000000000e+07	2.600000000000000000e+01
2.139500000000000000e+07	2.600000000000000000e+01
2.140000000000000000e+07	2.600000000000000000e+01
2.140500000000000000e+07	2.600000000000000000e+01
2.141000000000000000e+07	2.600000000000000000e+01
2.141500000000000000e+07	2.600000000000000000e+01
2.142000000000000000e+07	2.600000000000000000e+01
2.142500000000000000e+07	2.600000000000000000e+01
2.143000000000000000e+07	2.600000000000000000e+01
2.143500000000000000e+07	2.600000000000000000e+01
2.144000000000000000e+07	2.600000000000000000e+01
2.144500000000000000e+07	2.600000000000000000e+01
2.145000000000000000e+07	2.600000000000000000e+01
2.145500000000000000e+07	2.600000000000000000e+01
2.146000000000000000e+07	2.600000000000000000e+01
2.146500000000000000e+07	2.600000000000000000e+01
2.147000000000000000e+07	2.600000000000000000e+01
2.147500000000000000e+07	2.600000000000000000e+01
2.148000000000000000e+07	2.600000000000000000e+01
2.148500000000000000e+07	2.600000000000000000e+01
2.149000000000000000e+07	2.600000000000000000e+01
2.149500000000000000e+07	2.600000000000000000e+01
2.150000000000000000e+07	2.600000000000000000e+01
2.150500000000000000e+07	2.600000000000000000e+01
2.151000000000000000e+07	2.600000000000000000e+01
2.151500000000000000e+07	2.600000000000000000e+01
2.152000000000000000e+07	2.600000000000000000e+01
2.152500000000000000e+07	2.600000000000000000e+01
2.153000000000000000e+07	2.600000000000000000e+01
2.153500000000000000e+07	2.600000000000000000e+01
2.154000000000000000e+07	2.600000000000000000e+01
2.154500000000000000e+07	2.600000000000000000e+01
2.155000000000000000e+07	2.600000000000000000e+01
2.155500000000000000e+07	2.600000000000000000e+01
2.156000000000000000e+07	2.600000000000000000e+01
2.156500000000000000e+07	2.600000000000000000e+01
2.159000000000000000e+07	2.600000000000000000e+01
2.159500000000000000e+07	2.600000000000000000e+01
2.160000000000000000e+07	2.600000000000000000e+01
2.160500000000000000e+07	2.600000000000000000e+01
2.161000000000000000e+07	2.600000000000000000e+01
2.161500000000000000e+07	2.600000000000000000e+01
2.162000000000000000e+07	2.600000000000000000e+01
2.162500000000000000e+07	2.600000000000000000e+01
2.163000000000000000e+07	2.600000000000000000e+01
2.163500000000000000e+07	2.600000000000000000e+01
2.164000000000000000e+07	2.600000000000000000e+01
2.164500000000000000e+07	2.600000000000000000e+01
2.165000000000000000e+07	2.600000000000000000e+01
2.165500000000000000e+07	2.600000000000000000e+01
2.166000000000000000e+07	2.600000000000000000e+01
2.166500000000000000e+07	2.600000000000000000e+01
2.167000000000000000e+07	2.600000000000000000e+01
2.167500000000000000e+07	2.600000000000000000e+01
2.168000000000000000e+07	2.600000000000000000e+01
2.168500000000000000e+07	2.600000000000000000e+01
2.169000000000000000e+07	2.600000000000000000e+01
2.169500000000000000e+07	2.600000000000000000e+01
2.170000000000000000e+07	2.600000000000000000e+01
2.170500000000000000e+07	2.600000000000000000e+01
2.171000000000000000e+07	2.600000000000000000e+01
2.171500000000000000e+07	2.600000000000000000e+01
2.172000000000000000e+07	2.600000000000000000e+01
2.172500000000000000e+07	2.600000000000000000e+01
2.173000000000000000e+07	2.600000000000000000e+01
2.173500000000000000e+07	2.600000000000000000e+01
2.174000000000000000e+07	2.600000000000000000e+01
2.174500000000000000e+07	2.600000000000000000e+01
2.175000000000000000e+07	2.600000000000000000e+01
2.176000000000000000e+07	2.600000000000000000e+01
2.176500000000000000e+07	2.600000000000000000e+01
2.177000000000000000e+07	2.600000000000000000e+01
2.177500000000000000e+07	2.600000000000000000e+01
2.178500000000000000e+07	2.600000000000000000e+01
2.179000000000000000e+07	2.600000000000000000e+01
2.179500000000000000e+07	2.600000000000000000e+01
2.180000000000000000e+07	2.600000000000000000e+01
2.180500000000000000e+07	2.600000000000000000e+01
2.181500000000000000e+07	2.600000000000000000e+01
2.182000000000000000e+07	2.600000000000000000e+01
2.182500000000000000e+07	2.600000000000000000e+01
2.183000000000000000e+07	2.600000000000000000e+01
2.183500000000000000e+07	2.600000000000000000e+01
2.184000000000000000e+07	2.600000000000000000e+01
2.184500000000000000e+07	2.600000000000000000e+01
2.185000000000000000e+07	2.600000000000000000e+01
2.185500000000000000e+07	2.600000000000000000e+01
2.186000000000000000e+07	2.600000000000000000e+01
2.186500000000000000e+07	2.600000000000000000e+01
2.187000000000000000e+07	2.600000000000000000e+01
2.187500000000000000e+07	2.600000000000000000e+01
2.188000000000000000e+07	2.600000000000000000e+01
2.189000000000000000e+07	2.600000000000000000e+01
2.189500000000000000e+07	2.600000000000000000e+01
2.190000000000000000e+07	2.600000000000000000e+01
2.190500000000000000e+07	2.600000000000000000e+01
2.191000000000000000e+07	2.600000000000000000e+01
2.191500000000000000e+07	2.600000000000000000e+01
2.192000000000000000e+07	2.600000000000000000e+01
2.192500000000000000e+07	2.600000000000000000e+01
2.193000000000000000e+07	2.600000000000000000e+01
2.193500000000000000e+07	2.600000000000000000e+01
2.194000000000000000e+07	2.600000000000000000e+01
2.194500000000000000e+07	2.600000000000000000e+01
2.195000000000000000e+07	2.600000000000000000e+01
2.195500000000000000e+07	2.600000000000000000e+01
2.196000000000000000e+07	2.600000000000000000e+01
2.196500000000000000e+07	2.600000000000000000e+01
2.197000000000000000e+07	2.600000000000000000e+01
2.197500000000000000e+07	2.600000000000000000e+01
2.198000000000000000e+07	2.600000000000000000e+01
2.198500000000000000e+07	2.600000000000000000e+01
2.199000000000000000e+07	2.600000000000000000e+01
2.199500000000000000e+07	2.600000000000000000e+01
2.200000000000000000e+07	2.600000000000000000e+01
2.200500000000000000e+07	2.600000000000000000e+01
2.201000000000000000e+07	2.600000000000000000e+01
2.201500000000000000e+07	2.600000000000000000e+01
2.202000000000000000e+07	2.600000000000000000e+01
2.202500000000000000e+07	2.600000000000000000e+01
2.203000000000000000e+07	2.600000000000000000e+01
2.203500000000000000e+07	2.600000000000000000e+01
2.204000000000000000e+07	2.600000000000000000e+01
2.204500000000000000e+07	2.600000000000000000e+01
2.205000000000000000e+07	2.600000000000000000e+01
2.205500000000000000e+07	2.600000000000000000e+01
2.206000000000000000e+07	2.600000000000000000e+01
2.206500000000000000e+07	2.600000000000000000e+01
2.207000000000000000e+07	2.600000000000000000e+01
2.207500000000000000e+07	2.600000000000000000e+01
2.208000000000000000e+07	2.600000000000000000e+01
2.208500000000000000e+07	2.600000000000000000e+01
2.209000000000000000e+07	2.600000000000000000e+01
2.209500000000000000e+07	2.600000000000000000e+01
2.210000000000000000e+07	2.600000000000000000e+01
2.210500000000000000e+07	2.600000000000000000e+01
2.211000000000000000e+07	2.600000000000000000e+01
2.211500000000000000e+07	2.600000000000000000e+01
2.212000000000000000e+07	2.600000000000000000e+01
2.212500000000000000e+07	2.600000000000000000e+01
2.213000000000000000e+07	2.600000000000000000e+01
2.213500000000000000e+07	2.600000000000000000e+01
2.214000000000000000e+07	2.600000000000000000e+01
2.214500000000000000e+07	2.600000000000000000e+01
2.215000000000000000e+07	2.600000000000000000e+01
2.215500000000000000e+07	2.600000000000000000e+01
2.216000000000000000e+07	2.600000000000000000e+01
2.216500000000000000e+07	2.600000000000000000e+01
2.217000000000000000e+07	2.600000000000000000e+01
2.217500000000000000e+07	2.600000000000000000e+01
2.218000000000000000e+07	2.600000000000000000e+01
2.218500000000000000e+07	2.600000000000000000e+01
2.219000000000000000e+07	2.600000000000000000e+01
2.219500000000000000e+07	2.600000000000000000e+01
2.220000000000000000e+07	2.600000000000000000e+01
2.220500000000000000e+07	2.600000000000000000e+01
2.221000000000000000e+07	2.600000000000000000e+01
2.221500000000000000e+07	2.600000000000000000e+01
2.222000000000000000e+07	2.600000000000000000e+01
2.222500000000000000e+07	2.600000000000000000e+01
2.223000000000000000e+07	2.600000000000000000e+01
2.223500000000000000e+07	2.600000000000000000e+01
2.224000000000000000e+07	2.600000000000000000e+01
2.224500000000000000e+07	2.600000000000000000e+01
2.225000000000000000e+07	2.600000000000000000e+01
2.225500000000000000e+07	2.600000000000000000e+01
2.226000000000000000e+07	2.600000000000000000e+01
2.226500000000000000e+07	2.600000000000000000e+01
2.227000000000000000e+07	2.600000000000000000e+01
2.227500000000000000e+07	2.600000000000000000e+01
2.228000000000000000e+07	2.600000000000000000e+01
2.228500000000000000e+07	2.600000000000000000e+01
2.229000000000000000e+07	2.600000000000000000e+01
2.229500000000000000e+07	2.600000000000000000e+01
2.230000000000000000e+07	2.600000000000000000e+01
2.230500000000000000e+07	2.600000000000000000e+01
2.231000000000000000e+07	2.600000000000000000e+01
2.231500000000000000e+07	2.600000000000000000e+01
2.232000000000000000e+07	2.600000000000000000e+01
2.232500000000000000e+07	2.600000000000000000e+01
2.233000000000000000e+07	2.600000000000000000e+01
2.233500000000000000e+07	2.600000000000000000e+01
2.234000000000000000e+07	2.600000000000000000e+01
2.234500000000000000e+07	2.600000000000000000e+01
2.235000000000000000e+07	2.600000000000000000e+01
2.235500000000000000e+07	2.600000000000000000e+01
2.236000000000000000e+07	2.600000000000000000e+01
2.236500000000000000e+07	2.600000000000000000e+01
2.237000000000000000e+07	2.600000000000000000e+01
2.237500000000000000e+07	2.600000000000000000e+01
2.238000000000000000e+07	2.600000000000000000e+01
2.238500000000000000e+07	2.600000000000000000e+01
2.239000000000000000e+07	2.600000000000000000e+01
2.239500000000000000e+07	2.600000000000000000e+01
2.240000000000000000e+07	2.600000000000000000e+01
2.240500000000000000e+07	2.600000000000000000e+01
2.241000000000000000e+07	2.600000000000000000e+01
2.241500000000000000e+07	2.600000000000000000e+01
2.242000000000000000e+07	2.600000000000000000e+01
2.242500000000000000e+07	2.600000000000000000e+01
2.243000000000000000e+07	2.600000000000000000e+01
2.243500000000000000e+07	2.600000000000000000e+01
2.244000000000000000e+07	2.600000000000000000e+01
2.244500000000000000e+07	2.600000000000000000e+01
2.245000000000000000e+07	2.600000000000000000e+01
2.245500000000000000e+07	2.600000000000000000e+01
2.246000000000000000e+07	2.600000000000000000e+01
2.246500000000000000e+07	2.600000000000000000e+01
2.247000000000000000e+07	2.600000000000000000e+01
2.247500000000000000e+07	2.600000000000000000e+01
2.248000000000000000e+07	2.600000000000000000e+01
2.248500000000000000e+07	2.600000000000000000e+01
2.249000000000000000e+07	2.600000000000000000e+01
2.249500000000000000e+07	2.600000000000000000e+01
2.250000000000000000e+07	2.600000000000000000e+01
2.250500000000000000e+07	2.600000000000000000e+01
2.251000000000000000e+07	2.600000000000000000e+01
2.251500000000000000e+07	2.600000000000000000e+01
2.252000000000000000e+07	2.600000000000000000e+01
2.252500000000000000e+07	2.600000000000000000e+01
2.253000000000000000e+07	2.600000000000000000e+01
2.253500000000000000e+07	2.600000000000000000e+01
2.254000000000000000e+07	2.600000000000000000e+01
2.254500000000000000e+07	2.600000000000000000e+01
2.255000000000000000e+07	2.600000000000000000e+01
2.255500000000000000e+07	2.600000000000000000e+01
2.256000000000000000e+07	2.600000000000000000e+01
2.256500000000000000e+07	2.600000000000000000e+01
2.257000000000000000e+07	2.600000000000000000e+01
2.257500000000000000e+07	2.600000000000000000e+01
2.258000000000000000e+07	2.600000000000000000e+01
2.258500000000000000e+07	2.600000000000000000e+01
2.259000000000000000e+07	2.600000000000000000e+01
2.259500000000000000e+07	2.600000000000000000e+01
2.260000000000000000e+07	2.600000000000000000e+01
2.260500000000000000e+07	2.600000000000000000e+01
2.261000000000000000e+07	2.600000000000000000e+01
2.261500000000000000e+07	2.600000000000000000e+01
2.262000000000000000e+07	2.600000000000000000e+01
2.262500000000000000e+07	2.600000000000000000e+01
2.263000000000000000e+07	2.600000000000000000e+01
2.263500000000000000e+07	2.600000000000000000e+01
2.264000000000000000e+07	2.600000000000000000e+01
2.264500000000000000e+07	2.600000000000000000e+01
2.265000000000000000e+07	2.600000000000000000e+01
2.265500000000000000e+07	2.600000000000000000e+01
2.266000000000000000e+07	2.600000000000000000e+01
2.266500000000000000e+07	2.600000000000000000e+01
2.267000000000000000e+07	2.600000000000000000e+01
2.267500000000000000e+07	2.600000000000000000e+01
2.268000000000000000e+07	2.600000000000000000e+01
2.268500000000000000e+07	2.600000000000000000e+01
2.269000000000000000e+07	2.600000000000000000e+01
2.269500000000000000e+07	2.600000000000000000e+01
2.270000000000000000e+07	2.600000000000000000e+01
2.270500000000000000e+07	2.600000000000000000e+01
2.271000000000000000e+07	2.600000000000000000e+01
2.271500000000000000e+07	2.600000000000000000e+01
2.272000000000000000e+07	2.600000000000000000e+01
2.272500000000000000e+07	2.600000000000000000e+01
2.273000000000000000e+07	2.600000000000000000e+01
2.273500000000000000e+07	2.600000000000000000e+01
2.274000000000000000e+07	2.600000000000000000e+01
2.274500000000000000e+07	2.600000000000000000e+01
2.275000000000000000e+07	2.600000000000000000e+01
2.275500000000000000e+07	2.600000000000000000e+01
2.276000000000000000e+07	2.600000000000000000e+01
2.276500000000000000e+07	2.600000000000000000e+01
2.277000000000000000e+07	2.600000000000000000e+01
2.277500000000000000e+07	2.600000000000000000e+01
2.278000000000000000e+07	2.600000000000000000e+01
2.278500000000000000e+07	2.600000000000000000e+01
2.279000000000000000e+07	2.600000000000000000e+01
2.279500000000000000e+07	2.600000000000000000e+01
2.280000000000000000e+07	2.600000000000000000e+01
2.280500000000000000e+07	2.600000000000000000e+01
2.281000000000000000e+07	2.600000000000000000e+01
2.281500000000000000e+07	2.600000000000000000e+01
2.282000000000000000e+07	2.600000000000000000e+01
2.282500000000000000e+07	2.600000000000000000e+01
2.283000000000000000e+07	2.600000000000000000e+01
2.283500000000000000e+07	2.600000000000000000e+01
2.284000000000000000e+07	2.600000000000000000e+01
2.284500000000000000e+07	2.600000000000000000e+01
2.285000000000000000e+07	2.600000000000000000e+01
2.285500000000000000e+07	2.600000000000000000e+01
2.286000000000000000e+07	2.600000000000000000e+01
2.286500000000000000e+07	2.600000000000000000e+01
2.287000000000000000e+07	2.600000000000000000e+01
2.287500000000000000e+07	2.600000000000000000e+01
2.288000000000000000e+07	2.600000000000000000e+01
2.288500000000000000e+07	2.600000000000000000e+01
2.289000000000000000e+07	2.600000000000000000e+01
2.289500000000000000e+07	2.600000000000000000e+01
2.290000000000000000e+07	2.600000000000000000e+01
2.290500000000000000e+07	2.600000000000000000e+01
2.291000000000000000e+07	2.600000000000000000e+01
2.291500000000000000e+07	2.600000000000000000e+01
2.292000000000000000e+07	2.600000000000000000e+01
2.292500000000000000e+07	2.600000000000000000e+01
2.293000000000000000e+07	2.600000000000000000e+01
2.293500000000000000e+07	2.600000000000000000e+01
2.294000000000000000e+07	2.600000000000000000e+01
2.294500000000000000e+07	2.600000000000000000e+01
2.295000000000000000e+07	2.600000000000000000e+01
2.295500000000000000e+07	2.600000000000000000e+01
2.296000000000000000e+07	2.600000000000000000e+01
2.296500000000000000e+07	2.600000000000000000e+01
2.297000000000000000e+07	2.600000000000000000e+01
2.297500000000000000e+07	2.600000000000000000e+01
2.298000000000000000e+07	2.600000000000000000e+01
2.298500000000000000e+07	2.600000000000000000e+01
2.299000000000000000e+07	2.600000000000000000e+01
2.299500000000000000e+07	2.600000000000000000e+01
2.300000000000000000e+07	2.600000000000000000e+01
2.300500000000000000e+07	2.600000000000000000e+01
2.301000000000000000e+07	2.600000000000000000e+01
2.301500000000000000e+07	2.600000000000000000e+01
2.302000000000000000e+07	2.600000000000000000e+01
2.302500000000000000e+07	2.600000000000000000e+01
2.303000000000000000e+07	2.600000000000000000e+01
2.303500000000000000e+07	2.600000000000000000e+01
2.304000000000000000e+07	2.600000000000000000e+01
2.304500000000000000e+07	2.600000000000000000e+01
2.305000000000000000e+07	2.600000000000000000e+01
2.305500000000000000e+07	2.600000000000000000e+01
2.306000000000000000e+07	2.600000000000000000e+01
2.306500000000000000e+07	2.600000000000000000e+01
2.307000000000000000e+07	2.600000000000000000e+01
2.307500000000000000e+07	2.600000000000000000e+01
2.308000000000000000e+07	2.600000000000000000e+01
2.308500000000000000e+07	2.600000000000000000e+01
2.309000000000000000e+07	2.600000000000000000e+01
2.309500000000000000e+07	2.600000000000000000e+01
2.310000000000000000e+07	2.600000000000000000e+01
2.310500000000000000e+07	2.600000000000000000e+01
2.311000000000000000e+07	2.600000000000000000e+01
2.311500000000000000e+07	2.600000000000000000e+01
2.312000000000000000e+07	2.600000000000000000e+01
2.312500000000000000e+07	2.600000000000000000e+01
2.313000000000000000e+07	2.600000000000000000e+01
2.313500000000000000e+07	2.600000000000000000e+01
2.314000000000000000e+07	2.600000000000000000e+01
2.314500000000000000e+07	2.600000000000000000e+01
2.315000000000000000e+07	2.600000000000000000e+01
2.315500000000000000e+07	2.600000000000000000e+01
2.316000000000000000e+07	2.600000000000000000e+01
2.317000000000000000e+07	2.600000000000000000e+01
2.317500000000000000e+07	2.600000000000000000e+01
2.318500000000000000e+07	2.600000000000000000e+01
2.319000000000000000e+07	2.600000000000000000e+01
2.319500000000000000e+07	2.600000000000000000e+01
2.320000000000000000e+07	2.600000000000000000e+01
2.320500000000000000e+07	2.600000000000000000e+01
2.321000000000000000e+07	2.600000000000000000e+01
2.321500000000000000e+07	2.600000000000000000e+01
2.322000000000000000e+07	2.600000000000000000e+01
2.322500000000000000e+07	2.600000000000000000e+01
2.323000000000000000e+07	2.600000000000000000e+01
2.323500000000000000e+07	2.600000000000000000e+01
2.324000000000000000e+07	2.600000000000000000e+01
2.324500000000000000e+07	2.600000000000000000e+01
2.325000000000000000e+07	2.600000000000000000e+01
2.325500000000000000e+07	2.600000000000000000e+01
2.326000000000000000e+07	2.600000000000000000e+01
2.326500000000000000e+07	2.600000000000000000e+01
2.327000000000000000e+07	2.600000000000000000e+01
2.327500000000000000e+07	2.600000000000000000e+01
2.328000000000000000e+07	2.600000000000000000e+01
2.328500000000000000e+07	2.600000000000000000e+01
2.329000000000000000e+07	2.600000000000000000e+01
2.329500000000000000e+07	2.600000000000000000e+01
2.330000000000000000e+07	2.600000000000000000e+01
2.330500000000000000e+07	2.600000000000000000e+01
2.331000000000000000e+07	2.600000000000000000e+01
2.331500000000000000e+07	2.600000000000000000e+01
2.332000000000000000e+07	2.600000000000000000e+01
2.332500000000000000e+07	2.600000000000000000e+01
2.333000000000000000e+07	2.600000000000000000e+01
2.333500000000000000e+07	2.600000000000000000e+01
2.334000000000000000e+07	2.600000000000000000e+01
2.334500000000000000e+07	2.600000000000000000e+01
2.335000000000000000e+07	2.600000000000000000e+01
2.335500000000000000e+07	2.600000000000000000e+01
2.336000000000000000e+07	2.600000000000000000e+01
2.336500000000000000e+07	2.600000000000000000e+01
2.337000000000000000e+07	2.600000000000000000e+01
2.337500000000000000e+07	2.600000000000000000e+01
2.338000000000000000e+07	2.600000000000000000e+01
2.338500000000000000e+07	2.600000000000000000e+01
2.339000000000000000e+07	2.600000000000000000e+01
2.339500000000000000e+07	2.600000000000000000e+01
2.340000000000000000e+07	2.600000000000000000e+01
2.340500000000000000e+07	2.600000000000000000e+01
2.341000000000000000e+07	2.600000000000000000e+01
2.341500000000000000e+07	2.600000000000000000e+01
2.342000000000000000e+07	2.600000000000000000e+01
2.342500000000000000e+07	2.600000000000000000e+01
2.343000000000000000e+07	2.600000000000000000e+01
2.343500000000000000e+07	2.600000000000000000e+01
2.344000000000000000e+07	2.600000000000000000e+01
2.344500000000000000e+07	2.600000000000000000e+01
2.345000000000000000e+07	2.600000000000000000e+01
2.345500000000000000e+07	2.600000000000000000e+01
2.346000000000000000e+07	2.600000000000000000e+01
2.346500000000000000e+07	2.600000000000000000e+01
2.348000000000000000e+07	2.600000000000000000e+01
2.348500000000000000e+07	2.600000000000000000e+01
2.349000000000000000e+07	2.600000000000000000e+01
2.349500000000000000e+07	2.600000000000000000e+01
2.350000000000000000e+07	2.600000000000000000e+01
2.350500000000000000e+07	2.600000000000000000e+01
2.351000000000000000e+07	2.600000000000000000e+01
2.351500000000000000e+07	2.600000000000000000e+01
2.352000000000000000e+07	2.600000000000000000e+01
2.352500000000000000e+07	2.600000000000000000e+01
2.353000000000000000e+07	2.600000000000000000e+01
2.353500000000000000e+07	2.600000000000000000e+01
2.354000000000000000e+07	2.600000000000000000e+01
2.354500000000000000e+07	2.600000000000000000e+01
2.355000000000000000e+07	2.600000000000000000e+01
2.355500000000000000e+07	2.600000000000000000e+01
2.356000000000000000e+07	2.600000000000000000e+01
2.356500000000000000e+07	2.600000000000000000e+01
2.357000000000000000e+07	2.600000000000000000e+01
2.357500000000000000e+07	2.600000000000000000e+01
2.358000000000000000e+07	2.600000000000000000e+01
2.358500000000000000e+07	2.600000000000000000e+01
2.359000000000000000e+07	2.600000000000000000e+01
2.359500000000000000e+07	2.600000000000000000e+01
2.360000000000000000e+07	2.600000000000000000e+01
2.360500000000000000e+07	2.600000000000000000e+01
2.361000000000000000e+07	2.600000000000000000e+01
2.361500000000000000e+07	2.600000000000000000e+01
2.362000000000000000e+07	2.600000000000000000e+01
2.362500000000000000e+07	2.600000000000000000e+01
2.363000000000000000e+07	2.600000000000000000e+01
2.363500000000000000e+07	2.600000000000000000e+01
2.364000000000000000e+07	2.600000000000000000e+01
2.364500000000000000e+07	2.600000000000000000e+01
2.365000000000000000e+07	2.600000000000000000e+01
2.365500000000000000e+07	2.600000000000000000e+01
2.366000000000000000e+07	2.600000000000000000e+01
2.366500000000000000e+07	2.600000000000000000e+01
2.367000000000000000e+07	2.600000000000000000e+01
2.367500000000000000e+07	2.600000000000000000e+01
2.368000000000000000e+07	2.600000000000000000e+01
2.368500000000000000e+07	2.600000000000000000e+01
2.369000000000000000e+07	2.600000000000000000e+01
2.369500000000000000e+07	2.600000000000000000e+01
2.370000000000000000e+07	2.600000000000000000e+01
2.370500000000000000e+07	2.600000000000000000e+01
2.371000000000000000e+07	2.600000000000000000e+01
2.371500000000000000e+07	2.600000000000000000e+01
2.372000000000000000e+07	2.600000000000000000e+01
2.372500000000000000e+07	2.600000000000000000e+01
2.373000000000000000e+07	2.600000000000000000e+01
2.373500000000000000e+07	2.600000000000000000e+01
2.374000000000000000e+07	2.600000000000000000e+01
2.374500000000000000e+07	2.600000000000000000e+01
2.375000000000000000e+07	2.600000000000000000e+01
2.375500000000000000e+07	2.600000000000000000e+01
2.376000000000000000e+07	2.600000000000000000e+01
2.376500000000000000e+07	2.600000000000000000e+01
2.377000000000000000e+07	2.600000000000000000e+01
2.377500000000000000e+07	2.600000000000000000e+01
2.378000000000000000e+07	2.600000000000000000e+01
2.378500000000000000e+07	2.600000000000000000e+01
2.379000000000000000e+07	2.600000000000000000e+01
2.379500000000000000e+07	2.600000000000000000e+01
2.380000000000000000e+07	2.600000000000000000e+01
2.380500000000000000e+07	2.600000000000000000e+01
2.381000000000000000e+07	2.600000000000000000e+01
2.381500000000000000e+07	2.600000000000000000e+01
2.382000000000000000e+07	2.600000000000000000e+01
2.382500000000000000e+07	2.600000000000000000e+01
2.383000000000000000e+07	2.600000000000000000e+01
2.383500000000000000e+07	2.600000000000000000e+01
2.384000000000000000e+07	2.600000000000000000e+01
2.384500000000000000e+07	2.600000000000000000e+01
2.385000000000000000e+07	2.600000000000000000e+01
2.385500000000000000e+07	2.600000000000000000e+01
2.386000000000000000e+07	2.600000000000000000e+01
2.386500000000000000e+07	2.600000000000000000e+01
2.387000000000000000e+07	2.600000000000000000e+01
2.387500000000000000e+07	2.600000000000000000e+01
2.388000000000000000e+07	2.600000000000000000e+01
2.388500000000000000e+07	2.600000000000000000e+01
2.389000000000000000e+07	2.600000000000000000e+01
2.389500000000000000e+07	2.600000000000000000e+01
2.390000000000000000e+07	2.600000000000000000e+01
2.390500000000000000e+07	2.600000000000000000e+01
2.391000000000000000e+07	2.600000000000000000e+01
2.391500000000000000e+07	2.600000000000000000e+01
2.392000000000000000e+07	2.600000000000000000e+01
2.392500000000000000e+07	2.600000000000000000e+01
2.393000000000000000e+07	2.600000000000000000e+01
2.393500000000000000e+07	2.600000000000000000e+01
2.394000000000000000e+07	2.600000000000000000e+01
2.394500000000000000e+07	2.600000000000000000e+01
2.395000000000000000e+07	2.600000000000000000e+01
2.395500000000000000e+07	2.600000000000000000e+01
2.396000000000000000e+07	2.600000000000000000e+01
2.396500000000000000e+07	2.600000000000000000e+01
2.397000000000000000e+07	2.600000000000000000e+01
2.397500000000000000e+07	2.600000000000000000e+01
2.398000000000000000e+07	2.600000000000000000e+01
2.398500000000000000e+07	2.600000000000000000e+01
2.399000000000000000e+07	2.600000000000000000e+01
2.399500000000000000e+07	2.600000000000000000e+01
2.400000000000000000e+07	2.600000000000000000e+01
2.400500000000000000e+07	2.600000000000000000e+01
2.401000000000000000e+07	2.600000000000000000e+01
2.401500000000000000e+07	2.600000000000000000e+01
2.402000000000000000e+07	2.600000000000000000e+01
2.402500000000000000e+07	2.600000000000000000e+01
2.403000000000000000e+07	2.600000000000000000e+01
2.403500000000000000e+07	2.600000000000000000e+01
2.404000000000000000e+07	2.600000000000000000e+01
2.404500000000000000e+07	2.600000000000000000e+01
2.405000000000000000e+07	2.600000000000000000e+01
2.405500000000000000e+07	2.600000000000000000e+01
2.406000000000000000e+07	2.600000000000000000e+01
2.406500000000000000e+07	2.600000000000000000e+01
2.407000000000000000e+07	2.600000000000000000e+01
2.407500000000000000e+07	2.600000000000000000e+01
2.408000000000000000e+07	2.600000000000000000e+01
2.408500000000000000e+07	2.600000000000000000e+01
2.409000000000000000e+07	2.600000000000000000e+01
2.409500000000000000e+07	2.600000000000000000e+01
2.410000000000000000e+07	2.600000000000000000e+01
2.410500000000000000e+07	2.600000000000000000e+01
2.411000000000000000e+07	2.600000000000000000e+01
2.411500000000000000e+07	2.600000000000000000e+01
2.412000000000000000e+07	2.600000000000000000e+01
2.412500000000000000e+07	2.600000000000000000e+01
2.413000000000000000e+07	2.600000000000000000e+01
2.413500000000000000e+07	2.600000000000000000e+01
2.414000000000000000e+07	2.600000000000000000e+01
2.414500000000000000e+07	2.600000000000000000e+01
2.415000000000000000e+07	2.600000000000000000e+01
2.415500000000000000e+07	2.600000000000000000e+01
2.416000000000000000e+07	2.600000000000000000e+01
2.416500000000000000e+07	2.600000000000000000e+01
2.417000000000000000e+07	2.600000000000000000e+01
2.417500000000000000e+07	2.600000000000000000e+01
2.418000000000000000e+07	2.600000000000000000e+01
2.418500000000000000e+07	2.600000000000000000e+01
2.419000000000000000e+07	2.600000000000000000e+01
2.419500000000000000e+07	2.600000000000000000e+01
2.420000000000000000e+07	2.600000000000000000e+01
2.420500000000000000e+07	2.600000000000000000e+01
2.421000000000000000e+07	2.600000000000000000e+01
2.421500000000000000e+07	2.600000000000000000e+01
2.422000000000000000e+07	2.600000000000000000e+01
2.422500000000000000e+07	2.600000000000000000e+01
2.423000000000000000e+07	2.600000000000000000e+01
2.423500000000000000e+07	2.600000000000000000e+01
2.424000000000000000e+07	2.600000000000000000e+01
2.424500000000000000e+07	2.600000000000000000e+01
2.425000000000000000e+07	2.600000000000000000e+01
2.425500000000000000e+07	2.600000000000000000e+01
2.426000000000000000e+07	2.600000000000000000e+01
2.426500000000000000e+07	2.600000000000000000e+01
2.427500000000000000e+07	2.600000000000000000e+01
2.428000000000000000e+07	2.600000000000000000e+01
2.428500000000000000e+07	2.600000000000000000e+01
2.429000000000000000e+07	2.600000000000000000e+01
2.429500000000000000e+07	2.600000000000000000e+01
2.430000000000000000e+07	2.600000000000000000e+01
2.430500000000000000e+07	2.600000000000000000e+01
2.431000000000000000e+07	2.600000000000000000e+01
2.431500000000000000e+07	2.600000000000000000e+01
2.432000000000000000e+07	2.600000000000000000e+01
2.432500000000000000e+07	2.600000000000000000e+01
2.433000000000000000e+07	2.600000000000000000e+01
2.433500000000000000e+07	2.600000000000000000e+01
2.434000000000000000e+07	2.600000000000000000e+01
2.434500000000000000e+07	2.600000000000000000e+01
2.435000000000000000e+07	2.600000000000000000e+01
2.435500000000000000e+07	2.600000000000000000e+01
2.436000000000000000e+07	2.600000000000000000e+01
2.436500000000000000e+07	2.600000000000000000e+01
2.437000000000000000e+07	2.600000000000000000e+01
2.437500000000000000e+07	2.600000000000000000e+01
2.438000000000000000e+07	2.600000000000000000e+01
2.438500000000000000e+07	2.600000000000000000e+01
2.439000000000000000e+07	2.600000000000000000e+01
2.439500000000000000e+07	2.600000000000000000e+01
2.440000000000000000e+07	2.600000000000000000e+01
2.440500000000000000e+07	2.600000000000000000e+01
2.442000000000000000e+07	2.600000000000000000e+01
2.442500000000000000e+07	2.600000000000000000e+01
2.443000000000000000e+07	2.600000000000000000e+01
2.443500000000000000e+07	2.600000000000000000e+01
2.444000000000000000e+07	2.600000000000000000e+01
2.444500000000000000e+07	2.600000000000000000e+01
2.445000000000000000e+07	2.600000000000000000e+01
2.445500000000000000e+07	2.600000000000000000e+01
2.446000000000000000e+07	2.600000000000000000e+01
2.446500000000000000e+07	2.600000000000000000e+01
2.447000000000000000e+07	2.600000000000000000e+01
2.447500000000000000e+07	2.600000000000000000e+01
2.448000000000000000e+07	2.600000000000000000e+01
2.448500000000000000e+07	2.600000000000000000e+01
2.449000000000000000e+07	2.600000000000000000e+01
2.449500000000000000e+07	2.600000000000000000e+01
2.450000000000000000e+07	2.600000000000000000e+01
2.450500000000000000e+07	2.600000000000000000e+01
2.451000000000000000e+07	2.600000000000000000e+01
2.451500000000000000e+07	2.600000000000000000e+01
2.452000000000000000e+07	2.600000000000000000e+01
2.452500000000000000e+07	2.600000000000000000e+01
2.453000000000000000e+07	2.600000000000000000e+01
2.453500000000000000e+07	2.600000000000000000e+01
2.454000000000000000e+07	2.600000000000000000e+01
2.454500000000000000e+07	2.600000000000000000e+01
2.455000000000000000e+07	2.600000000000000000e+01
2.455500000000000000e+07	2.600000000000000000e+01
2.456000000000000000e+07	2.600000000000000000e+01
2.456500000000000000e+07	2.600000000000000000e+01
2.457000000000000000e+07	2.600000000000000000e+01
2.457500000000000000e+07	2.600000000000000000e+01
2.458000000000000000e+07	2.600000000000000000e+01
2.458500000000000000e+07	2.600000000000000000e+01
2.459000000000000000e+07	2.600000000000000000e+01
2.459500000000000000e+07	2.600000000000000000e+01
2.460000000000000000e+07	2.600000000000000000e+01
2.460500000000000000e+07	2.600000000000000000e+01
2.461000000000000000e+07	2.600000000000000000e+01
2.461500000000000000e+07	2.600000000000000000e+01
2.462000000000000000e+07	2.600000000000000000e+01
2.462500000000000000e+07	2.600000000000000000e+01
2.463000000000000000e+07	2.600000000000000000e+01
2.463500000000000000e+07	2.600000000000000000e+01
2.464000000000000000e+07	2.600000000000000000e+01
2.464500000000000000e+07	2.600000000000000000e+01
2.465000000000000000e+07	2.600000000000000000e+01
2.465500000000000000e+07	2.600000000000000000e+01
2.466000000000000000e+07	2.600000000000000000e+01
2.466500000000000000e+07	2.600000000000000000e+01
2.467000000000000000e+07	2.600000000000000000e+01
2.467500000000000000e+07	2.600000000000000000e+01
2.468000000000000000e+07	2.600000000000000000e+01
2.468500000000000000e+07	2.600000000000000000e+01
2.469000000000000000e+07	2.600000000000000000e+01
2.469500000000000000e+07	2.600000000000000000e+01
2.470000000000000000e+07	2.600000000000000000e+01
2.470500000000000000e+07	2.600000000000000000e+01
2.471000000000000000e+07	2.600000000000000000e+01
2.471500000000000000e+07	2.600000000000000000e+01
2.472000000000000000e+07	2.600000000000000000e+01
2.472500000000000000e+07	2.600000000000000000e+01
2.473000000000000000e+07	2.600000000000000000e+01
2.473500000000000000e+07	2.600000000000000000e+01
2.474000000000000000e+07	2.600000000000000000e+01
2.474500000000000000e+07	2.600000000000000000e+01
2.475000000000000000e+07	2.600000000000000000e+01
2.475500000000000000e+07	2.600000000000000000e+01
2.476000000000000000e+07	2.600000000000000000e+01
2.476500000000000000e+07	2.600000000000000000e+01
2.477000000000000000e+07	2.600000000000000000e+01
2.477500000000000000e+07	2.600000000000000000e+01
2.478000000000000000e+07	2.600000000000000000e+01
2.478500000000000000e+07	2.600000000000000000e+01
2.479000000000000000e+07	2.600000000000000000e+01
2.479500000000000000e+07	2.600000000000000000e+01
2.480000000000000000e+07	2.600000000000000000e+01
2.480500000000000000e+07	2.600000000000000000e+01
2.481000000000000000e+07	2.600000000000000000e+01
2.481500000000000000e+07	2.600000000000000000e+01
2.482000000000000000e+07	2.600000000000000000e+01
2.482500000000000000e+07	2.600000000000000000e+01
2.483000000000000000e+07	2.600000000000000000e+01
2.483500000000000000e+07	2.600000000000000000e+01
2.484000000000000000e+07	2.600000000000000000e+01
2.484500000000000000e+07	2.600000000000000000e+01
2.485000000000000000e+07	2.600000000000000000e+01
2.485500000000000000e+07	2.600000000000000000e+01
2.486000000000000000e+07	2.600000000000000000e+01
2.486500000000000000e+07	2.600000000000000000e+01
2.487000000000000000e+07	2.600000000000000000e+01
2.488000000000000000e+07	2.600000000000000000e+01
2.488500000000000000e+07	2.600000000000000000e+01
2.489000000000000000e+07	2.600000000000000000e+01
2.489500000000000000e+07	2.600000000000000000e+01
2.490000000000000000e+07	2.600000000000000000e+01
2.490500000000000000e+07	2.600000000000000000e+01
2.491000000000000000e+07	2.600000000000000000e+01
2.491500000000000000e+07	2.600000000000000000e+01
2.492000000000000000e+07	2.600000000000000000e+01
2.492500000000000000e+07	2.600000000000000000e+01
2.493000000000000000e+07	2.600000000000000000e+01
2.493500000000000000e+07	2.600000000000000000e+01
2.494000000000000000e+07	2.600000000000000000e+01
2.494500000000000000e+07	2.600000000000000000e+01
2.495000000000000000e+07	2.600000000000000000e+01
2.495500000000000000e+07	2.600000000000000000e+01
2.496000000000000000e+07	2.600000000000000000e+01
2.496500000000000000e+07	2.600000000000000000e+01
2.497000000000000000e+07	2.600000000000000000e+01
2.497500000000000000e+07	2.600000000000000000e+01
2.498000000000000000e+07	2.600000000000000000e+01
2.498500000000000000e+07	2.600000000000000000e+01
2.499000000000000000e+07	2.600000000000000000e+01
2.499500000000000000e+07	2.600000000000000000e+01
2.500000000000000000e+07	2.600000000000000000e+01
2.500500000000000000e+07	2.600000000000000000e+01
2.501000000000000000e+07	2.600000000000000000e+01
2.501500000000000000e+07	2.600000000000000000e+01
2.502000000000000000e+07	2.600000000000000000e+01
2.502500000000000000e+07	2.600000000000000000e+01
2.503000000000000000e+07	2.600000000000000000e+01
2.503500000000000000e+07	2.600000000000000000e+01
2.504000000000000000e+07	2.600000000000000000e+01
2.504500000000000000e+07	2.600000000000000000e+01
2.505000000000000000e+07	2.600000000000000000e+01
2.505500000000000000e+07	2.600000000000000000e+01
2.506000000000000000e+07	2.600000000000000000e+01
2.506500000000000000e+07	2.600000000000000000e+01
2.507000000000000000e+07	2.600000000000000000e+01
2.507500000000000000e+07	2.600000000000000000e+01
2.508000000000000000e+07	2.600000000000000000e+01
2.508500000000000000e+07	2.600000000000000000e+01
2.509000000000000000e+07	2.600000000000000000e+01
2.509500000000000000e+07	2.600000000000000000e+01
2.510000000000000000e+07	2.600000000000000000e+01
2.510500000000000000e+07	2.600000000000000000e+01
2.511000000000000000e+07	2.600000000000000000e+01
2.511500000000000000e+07	2.600000000000000000e+01
2.512000000000000000e+07	2.600000000000000000e+01
2.512500000000000000e+07	2.600000000000000000e+01
2.513000000000000000e+07	2.600000000000000000e+01
2.513500000000000000e+07	2.600000000000000000e+01
2.514000000000000000e+07	2.600000000000000000e+01
2.514500000000000000e+07	2.600000000000000000e+01
2.515000000000000000e+07	2.600000000000000000e+01
2.515500000000000000e+07	2.600000000000000000e+01
2.516000000000000000e+07	2.600000000000000000e+01
2.516500000000000000e+07	2.600000000000000000e+01
2.517000000000000000e+07	2.600000000000000000e+01
2.517500000000000000e+07	2.600000000000000000e+01
2.518000000000000000e+07	2.600000000000000000e+01
2.518500000000000000e+07	2.600000000000000000e+01
2.519000000000000000e+07	2.600000000000000000e+01
2.519500000000000000e+07	2.600000000000000000e+01
2.520000000000000000e+07	2.600000000000000000e+01
2.520500000000000000e+07	2.600000000000000000e+01
2.521000000000000000e+07	2.600000000000000000e+01
2.521500000000000000e+07	2.600000000000000000e+01
2.522000000000000000e+07	2.600000000000000000e+01
2.522500000000000000e+07	2.600000000000000000e+01
2.523000000000000000e+07	2.600000000000000000e+01
2.523500000000000000e+07	2.600000000000000000e+01
2.524000000000000000e+07	2.600000000000000000e+01
2.524500000000000000e+07	2.600000000000000000e+01
2.525000000000000000e+07	2.600000000000000000e+01
2.525500000000000000e+07	2.600000000000000000e+01
2.526000000000000000e+07	2.600000000000000000e+01
2.526500000000000000e+07	2.600000000000000000e+01
2.527000000000000000e+07	2.600000000000000000e+01
2.527500000000000000e+07	2.600000000000000000e+01
2.528000000000000000e+07	2.600000000000000000e+01
2.528500000000000000e+07	2.600000000000000000e+01
2.529000000000000000e+07	2.600000000000000000e+01
2.529500000000000000e+07	2.600000000000000000e+01
2.530000000000000000e+07	2.600000000000000000e+01
2.530500000000000000e+07	2.600000000000000000e+01
2.531000000000000000e+07	2.600000000000000000e+01
2.531500000000000000e+07	2.600000000000000000e+01
2.532000000000000000e+07	2.600000000000000000e+01
2.532500000000000000e+07	2.600000000000000000e+01
2.533000000000000000e+07	2.600000000000000000e+01
2.533500000000000000e+07	2.600000000000000000e+01
2.534000000000000000e+07	2.600000000000000000e+01
2.534500000000000000e+07	2.600000000000000000e+01
2.535000000000000000e+07	2.600000000000000000e+01
2.535500000000000000e+07	2.600000000000000000e+01
2.536000000000000000e+07	2.600000000000000000e+01
2.536500000000000000e+07	2.600000000000000000e+01
2.537000000000000000e+07	2.600000000000000000e+01
2.537500000000000000e+07	2.600000000000000000e+01
2.538000000000000000e+07	2.600000000000000000e+01
2.538500000000000000e+07	2.600000000000000000e+01
2.539000000000000000e+07	2.600000000000000000e+01
2.539500000000000000e+07	2.600000000000000000e+01
2.540000000000000000e+07	2.600000000000000000e+01
2.540500000000000000e+07	2.600000000000000000e+01
2.541000000000000000e+07	2.600000000000000000e+01
2.541500000000000000e+07	2.600000000000000000e+01
2.542000000000000000e+07	2.600000000000000000e+01
2.542500000000000000e+07	2.600000000000000000e+01
2.543000000000000000e+07	2.600000000000000000e+01
2.543500000000000000e+07	2.600000000000000000e+01
2.544000000000000000e+07	2.600000000000000000e+01
2.544500000000000000e+07	2.600000000000000000e+01
2.545000000000000000e+07	2.600000000000000000e+01
2.545500000000000000e+07	2.600000000000000000e+01
2.546000000000000000e+07	2.600000000000000000e+01
2.546500000000000000e+07	2.600000000000000000e+01
2.547000000000000000e+07	2.600000000000000000e+01
2.547500000000000000e+07	2.600000000000000000e+01
2.548000000000000000e+07	2.600000000000000000e+01
2.548500000000000000e+07	2.600000000000000000e+01
2.549000000000000000e+07	2.600000000000000000e+01
2.549500000000000000e+07	2.600000000000000000e+01
2.550000000000000000e+07	2.600000000000000000e+01
2.550500000000000000e+07	2.600000000000000000e+01
2.551000000000000000e+07	2.600000000000000000e+01
2.551500000000000000e+07	2.600000000000000000e+01
2.552000000000000000e+07	2.600000000000000000e+01
2.552500000000000000e+07	2.600000000000000000e+01
2.553000000000000000e+07	2.600000000000000000e+01
2.553500000000000000e+07	2.600000000000000000e+01
2.554000000000000000e+07	2.600000000000000000e+01
2.554500000000000000e+07	2.600000000000000000e+01
2.555000000000000000e+07	2.600000000000000000e+01
2.555500000000000000e+07	2.600000000000000000e+01
2.556000000000000000e+07	2.600000000000000000e+01
2.556500000000000000e+07	2.600000000000000000e+01
2.557000000000000000e+07	2.600000000000000000e+01
2.557500000000000000e+07	2.600000000000000000e+01
2.558000000000000000e+07	2.600000000000000000e+01
2.558500000000000000e+07	2.600000000000000000e+01
2.559000000000000000e+07	2.600000000000000000e+01
2.559500000000000000e+07	2.600000000000000000e+01
2.560000000000000000e+07	2.600000000000000000e+01
2.560500000000000000e+07	2.600000000000000000e+01
2.561000000000000000e+07	2.600000000000000000e+01
2.561500000000000000e+07	2.600000000000000000e+01
2.562000000000000000e+07	2.600000000000000000e+01
2.562500000000000000e+07	2.600000000000000000e+01
2.563000000000000000e+07	2.600000000000000000e+01
2.563500000000000000e+07	2.600000000000000000e+01
2.564000000000000000e+07	2.600000000000000000e+01
2.564500000000000000e+07	2.600000000000000000e+01
2.565000000000000000e+07	2.600000000000000000e+01
2.565500000000000000e+07	2.600000000000000000e+01
2.566000000000000000e+07	2.600000000000000000e+01
2.566500000000000000e+07	2.600000000000000000e+01
2.567000000000000000e+07	2.600000000000000000e+01
2.567500000000000000e+07	2.600000000000000000e+01
2.568000000000000000e+07	2.600000000000000000e+01
2.568500000000000000e+07	2.600000000000000000e+01
2.569000000000000000e+07	2.600000000000000000e+01
2.569500000000000000e+07	2.600000000000000000e+01
2.570000000000000000e+07	2.600000000000000000e+01
2.570500000000000000e+07	2.600000000000000000e+01
2.571000000000000000e+07	2.600000000000000000e+01
2.571500000000000000e+07	2.600000000000000000e+01
2.572000000000000000e+07	2.600000000000000000e+01
2.572500000000000000e+07	2.600000000000000000e+01
2.573000000000000000e+07	2.600000000000000000e+01
2.573500000000000000e+07	2.600000000000000000e+01
2.574000000000000000e+07	2.600000000000000000e+01
2.574500000000000000e+07	2.600000000000000000e+01
2.575000000000000000e+07	2.600000000000000000e+01
2.575500000000000000e+07	2.600000000000000000e+01
2.576000000000000000e+07	2.600000000000000000e+01
2.576500000000000000e+07	2.600000000000000000e+01
2.577000000000000000e+07	2.600000000000000000e+01
2.577500000000000000e+07	2.600000000000000000e+01
2.578000000000000000e+07	2.600000000000000000e+01
2.578500000000000000e+07	2.600000000000000000e+01
2.579000000000000000e+07	2.600000000000000000e+01
2.579500000000000000e+07	2.600000000000000000e+01
2.580000000000000000e+07	2.600000000000000000e+01
2.580500000000000000e+07	2.600000000000000000e+01
2.581000000000000000e+07	2.600000000000000000e+01
2.581500000000000000e+07	2.600000000000000000e+01
2.582000000000000000e+07	2.600000000000000000e+01
2.582500000000000000e+07	2.600000000000000000e+01
2.583000000000000000e+07	2.600000000000000000e+01
2.583500000000000000e+07	2.600000000000000000e+01
2.584000000000000000e+07	2.600000000000000000e+01
2.584500000000000000e+07	2.600000000000000000e+01
2.585000000000000000e+07	2.600000000000000000e+01
2.585500000000000000e+07	2.600000000000000000e+01
2.586000000000000000e+07	2.600000000000000000e+01
2.586500000000000000e+07	2.600000000000000000e+01
2.587000000000000000e+07	2.600000000000000000e+01
2.587500000000000000e+07	2.600000000000000000e+01
2.588000000000000000e+07	2.600000000000000000e+01
2.588500000000000000e+07	2.600000000000000000e+01
2.589000000000000000e+07	2.600000000000000000e+01
2.589500000000000000e+07	2.600000000000000000e+01
2.590000000000000000e+07	2.600000000000000000e+01
2.590500000000000000e+07	2.600000000000000000e+01
2.591000000000000000e+07	2.600000000000000000e+01
2.591500000000000000e+07	2.600000000000000000e+01
2.592000000000000000e+07	2.600000000000000000e+01
2.592500000000000000e+07	2.600000000000000000e+01
2.593000000000000000e+07	2.600000000000000000e+01
2.593500000000000000e+07	2.600000000000000000e+01
2.594000000000000000e+07	2.600000000000000000e+01
2.594500000000000000e+07	2.600000000000000000e+01
2.595000000000000000e+07	2.600000000000000000e+01
2.595500000000000000e+07	2.600000000000000000e+01
2.596000000000000000e+07	2.600000000000000000e+01
2.596500000000000000e+07	2.600000000000000000e+01
2.597000000000000000e+07	2.600000000000000000e+01
2.598000000000000000e+07	2.600000000000000000e+01
2.599000000000000000e+07	2.600000000000000000e+01
2.599500000000000000e+07	2.600000000000000000e+01
2.600000000000000000e+07	2.600000000000000000e+01
2.600500000000000000e+07	2.600000000000000000e+01
2.601000000000000000e+07	2.600000000000000000e+01
2.608000000000000000e+07	2.600000000000000000e+01
2.612500000000000000e+07	2.600000000000000000e+01
2.613000000000000000e+07	2.600000000000000000e+01
2.613500000000000000e+07	2.600000000000000000e+01
2.614000000000000000e+07	2.600000000000000000e+01
2.617500000000000000e+07	2.600000000000000000e+01
2.618000000000000000e+07	2.600000000000000000e+01
2.619000000000000000e+07	2.600000000000000000e+01
2.619500000000000000e+07	2.600000000000000000e+01
2.620000000000000000e+07	2.600000000000000000e+01
2.625000000000000000e+07	2.600000000000000000e+01
2.625500000000000000e+07	2.600000000000000000e+01
2.626000000000000000e+07	2.600000000000000000e+01
2.626500000000000000e+07	2.600000000000000000e+01
2.627000000000000000e+07	2.600000000000000000e+01
2.627500000000000000e+07	2.600000000000000000e+01
2.628000000000000000e+07	2.600000000000000000e+01
2.628500000000000000e+07	2.600000000000000000e+01
2.629000000000000000e+07	2.600000000000000000e+01
2.629500000000000000e+07	2.600000000000000000e+01
2.630000000000000000e+07	2.600000000000000000e+01
2.630500000000000000e+07	2.600000000000000000e+01
2.632000000000000000e+07	2.600000000000000000e+01
2.643000000000000000e+07	2.600000000000000000e+01
2.643500000000000000e+07	2.600000000000000000e+01
2.644000000000000000e+07	2.600000000000000000e+01
2.644500000000000000e+07	2.600000000000000000e+01
2.645000000000000000e+07	2.600000000000000000e+01
2.645500000000000000e+07	2.600000000000000000e+01
2.646000000000000000e+07	2.600000000000000000e+01
2.646500000000000000e+07	2.600000000000000000e+01
2.647000000000000000e+07	2.600000000000000000e+01
2.647500000000000000e+07	2.600000000000000000e+01
2.648000000000000000e+07	2.600000000000000000e+01
2.648500000000000000e+07	2.600000000000000000e+01
2.649000000000000000e+07	2.600000000000000000e+01
2.649500000000000000e+07	2.600000000000000000e+01
2.650000000000000000e+07	2.600000000000000000e+01
2.650500000000000000e+07	2.600000000000000000e+01
2.651000000000000000e+07	2.600000000000000000e+01
2.651500000000000000e+07	2.600000000000000000e+01
2.652000000000000000e+07	2.600000000000000000e+01
2.652500000000000000e+07	2.600000000000000000e+01
2.653000000000000000e+07	2.600000000000000000e+01
2.653500000000000000e+07	2.600000000000000000e+01
2.654000000000000000e+07	2.600000000000000000e+01
2.654500000000000000e+07	2.600000000000000000e+01
2.655000000000000000e+07	2.600000000000000000e+01
2.655500000000000000e+07	2.600000000000000000e+01
2.656000000000000000e+07	2.600000000000000000e+01
2.656500000000000000e+07	2.600000000000000000e+01
2.657000000000000000e+07	2.600000000000000000e+01
2.657500000000000000e+07	2.600000000000000000e+01
2.658000000000000000e+07	2.600000000000000000e+01
2.664000000000000000e+07	2.600000000000000000e+01
2.664500000000000000e+07	2.600000000000000000e+01
2.692000000000000000e+07	2.600000000000000000e+01
2.693000000000000000e+07	2.600000000000000000e+01
2.694000000000000000e+07	2.600000000000000000e+01
2.773500000000000000e+07	2.600000000000000000e+01
2.775000000000000000e+07	2.600000000000000000e+01
2.775500000000000000e+07	2.600000000000000000e+01
2.776000000000000000e+07	2.600000000000000000e+01
2.776500000000000000e+07	2.600000000000000000e+01
2.777000000000000000e+07	2.600000000000000000e+01
2.777500000000000000e+07	2.600000000000000000e+01
2.778000000000000000e+07	2.600000000000000000e+01
2.778500000000000000e+07	2.600000000000000000e+01
2.779000000000000000e+07	2.600000000000000000e+01
2.779500000000000000e+07	2.600000000000000000e+01
2.780000000000000000e+07	2.600000000000000000e+01
2.780500000000000000e+07	2.600000000000000000e+01
2.781000000000000000e+07	2.600000000000000000e+01
2.781500000000000000e+07	2.600000000000000000e+01
2.782000000000000000e+07	2.600000000000000000e+01
2.782500000000000000e+07	2.600000000000000000e+01
2.783000000000000000e+07	2.600000000000000000e+01
2.783500000000000000e+07	2.600000000000000000e+01
2.784000000000000000e+07	2.600000000000000000e+01
2.784500000000000000e+07	2.600000000000000000e+01
2.785000000000000000e+07	2.600000000000000000e+01
2.785500000000000000e+07	2.600000000000000000e+01
2.786000000000000000e+07	2.600000000000000000e+01
2.786500000000000000e+07	2.600000000000000000e+01
2.787000000000000000e+07	2.600000000000000000e+01
2.787500000000000000e+07	2.600000000000000000e+01
2.788000000000000000e+07	2.600000000000000000e+01
2.788500000000000000e+07	2.600000000000000000e+01
2.789000000000000000e+07	2.600000000000000000e+01
2.789500000000000000e+07	2.600000000000000000e+01
2.790000000000000000e+07	2.600000000000000000e+01
2.790500000000000000e+07	2.600000000000000000e+01
2.791000000000000000e+07	2.600000000000000000e+01
2.791500000000000000e+07	2.600000000000000000e+01
2.792000000000000000e+07	2.600000000000000000e+01
2.792500000000000000e+07	2.600000000000000000e+01
2.793000000000000000e+07	2.600000000000000000e+01
2.793500000000000000e+07	2.600000000000000000e+01
2.794000000000000000e+07	2.600000000000000000e+01
2.794500000000000000e+07	2.600000000000000000e+01
2.795000000000000000e+07	2.600000000000000000e+01
2.795500000000000000e+07	2.600000000000000000e+01
2.796000000000000000e+07	2.600000000000000000e+01
2.796500000000000000e+07	2.600000000000000000e+01
2.797000000000000000e+07	2.600000000000000000e+01
2.797500000000000000e+07	2.600000000000000000e+01
2.798000000000000000e+07	2.600000000000000000e+01
2.798500000000000000e+07	2.600000000000000000e+01
2.799000000000000000e+07	2.600000000000000000e+01
2.799500000000000000e+07	2.600000000000000000e+01
2.800000000000000000e+07	2.600000000000000000e+01
2.800500000000000000e+07	2.600000000000000000e+01
2.801000000000000000e+07	2.600000000000000000e+01
2.801500000000000000e+07	2.600000000000000000e+01
2.802000000000000000e+07	2.600000000000000000e+01
2.802500000000000000e+07	2.600000000000000000e+01
2.803000000000000000e+07	2.600000000000000000e+01
2.803500000000000000e+07	2.600000000000000000e+01
2.804000000000000000e+07	2.600000000000000000e+01
2.804500000000000000e+07	2.600000000000000000e+01
2.805000000000000000e+07	2.600000000000000000e+01
2.805500000000000000e+07	2.600000000000000000e+01
2.806000000000000000e+07	2.600000000000000000e+01
2.806500000000000000e+07	2.600000000000000000e+01
2.807000000000000000e+07	2.600000000000000000e+01
2.807500000000000000e+07	2.600000000000000000e+01
2.808000000000000000e+07	2.600000000000000000e+01
2.808500000000000000e+07	2.600000000000000000e+01
2.809000000000000000e+07	2.600000000000000000e+01
2.809500000000000000e+07	2.600000000000000000e+01
2.810000000000000000e+07	2.600000000000000000e+01
2.810500000000000000e+07	2.600000000000000000e+01
2.811000000000000000e+07	2.600000000000000000e+01
2.811500000000000000e+07	2.600000000000000000e+01
2.812000000000000000e+07	2.600000000000000000e+01
2.812500000000000000e+07	2.600000000000000000e+01
2.813000000000000000e+07	2.600000000000000000e+01
2.813500000000000000e+07	2.600000000000000000e+01
2.814000000000000000e+07	2.600000000000000000e+01
2.814500000000000000e+07	2.600000000000000000e+01
2.815000000000000000e+07	2.600000000000000000e+01
2.815500000000000000e+07	2.600000000000000000e+01
2.816000000000000000e+07	2.600000000000000000e+01
2.816500000000000000e+07	2.600000000000000000e+01
2.817000000000000000e+07	2.600000000000000000e+01
2.817500000000000000e+07	2.600000000000000000e+01
2.818000000000000000e+07	2.600000000000000000e+01
2.818500000000000000e+07	2.600000000000000000e+01
2.819000000000000000e+07	2.600000000000000000e+01
2.819500000000000000e+07	2.600000000000000000e+01
2.820000000000000000e+07	2.600000000000000000e+01
2.820500000000000000e+07	2.600000000000000000e+01
2.821000000000000000e+07	2.600000000000000000e+01
2.821500000000000000e+07	2.600000000000000000e+01
2.822000000000000000e+07	2.600000000000000000e+01
2.822500000000000000e+07	2.600000000000000000e+01
2.823000000000000000e+07	2.600000000000000000e+01
2.823500000000000000e+07	2.600000000000000000e+01
2.824000000000000000e+07	2.600000000000000000e+01
2.824500000000000000e+07	2.600000000000000000e+01
2.825000000000000000e+07	2.600000000000000000e+01
2.825500000000000000e+07	2.600000000000000000e+01
2.826000000000000000e+07	2.600000000000000000e+01
2.826500000000000000e+07	2.600000000000000000e+01
2.827000000000000000e+07	2.600000000000000000e+01
2.827500000000000000e+07	2.600000000000000000e+01
2.828000000000000000e+07	2.600000000000000000e+01
2.828500000000000000e+07	2.600000000000000000e+01
2.829000000000000000e+07	2.600000000000000000e+01
2.829500000000000000e+07	2.600000000000000000e+01
2.830000000000000000e+07	2.600000000000000000e+01
2.830500000000000000e+07	2.600000000000000000e+01
2.831000000000000000e+07	2.600000000000000000e+01
2.831500000000000000e+07	2.600000000000000000e+01
2.832000000000000000e+07	2.600000000000000000e+01
2.832500000000000000e+07	2.600000000000000000e+01
2.833000000000000000e+07	2.600000000000000000e+01
2.833500000000000000e+07	2.600000000000000000e+01
2.834000000000000000e+07	2.600000000000000000e+01
2.834500000000000000e+07	2.600000000000000000e+01
2.835000000000000000e+07	2.600000000000000000e+01
2.835500000000000000e+07	2.600000000000000000e+01
2.836000000000000000e+07	2.600000000000000000e+01
2.836500000000000000e+07	2.600000000000000000e+01
2.837000000000000000e+07	2.600000000000000000e+01
2.837500000000000000e+07	2.600000000000000000e+01
2.838000000000000000e+07	2.600000000000000000e+01
2.838500000000000000e+07	2.600000000000000000e+01
2.839000000000000000e+07	2.600000000000000000e+01
2.839500000000000000e+07	2.600000000000000000e+01
2.840000000000000000e+07	2.600000000000000000e+01
2.840500000000000000e+07	2.600000000000000000e+01
2.841000000000000000e+07	2.600000000000000000e+01
2.841500000000000000e+07	2.600000000000000000e+01
2.842000000000000000e+07	2.600000000000000000e+01
2.842500000000000000e+07	2.600000000000000000e+01
2.843000000000000000e+07	2.600000000000000000e+01
2.843500000000000000e+07	2.600000000000000000e+01
2.844000000000000000e+07	2.600000000000000000e+01
2.844500000000000000e+07	2.600000000000000000e+01
2.845000000000000000e+07	2.600000000000000000e+01
2.845500000000000000e+07	2.600000000000000000e+01
2.846000000000000000e+07	2.600000000000000000e+01
2.846500000000000000e+07	2.600000000000000000e+01
2.847000000000000000e+07	2.600000000000000000e+01
2.847500000000000000e+07	2.600000000000000000e+01
2.848000000000000000e+07	2.600000000000000000e+01
2.848500000000000000e+07	2.600000000000000000e+01
2.849000000000000000e+07	2.600000000000000000e+01
2.849500000000000000e+07	2.600000000000000000e+01
2.850500000000000000e+07	2.600000000000000000e+01
2.853000000000000000e+07	2.600000000000000000e+01
2.854500000000000000e+07	2.600000000000000000e+01
2.855000000000000000e+07	2.600000000000000000e+01
2.855500000000000000e+07	2.600000000000000000e+01
2.856000000000000000e+07	2.600000000000000000e+01
2.856500000000000000e+07	2.600000000000000000e+01
2.857000000000000000e+07	2.600000000000000000e+01
2.857500000000000000e+07	2.600000000000000000e+01
2.858000000000000000e+07	2.600000000000000000e+01
2.858500000000000000e+07	2.600000000000000000e+01
2.859000000000000000e+07	2.600000000000000000e+01
2.859500000000000000e+07	2.600000000000000000e+01
2.860000000000000000e+07	2.600000000000000000e+01
2.860500000000000000e+07	2.600000000000000000e+01
2.861000000000000000e+07	2.600000000000000000e+01
2.861500000000000000e+07	2.600000000000000000e+01
2.862000000000000000e+07	2.600000000000000000e+01
2.862500000000000000e+07	2.600000000000000000e+01
2.863000000000000000e+07	2.600000000000000000e+01
2.863500000000000000e+07	2.600000000000000000e+01
2.864000000000000000e+07	2.600000000000000000e+01
2.864500000000000000e+07	2.600000000000000000e+01
2.865000000000000000e+07	2.600000000000000000e+01
2.865500000000000000e+07	2.600000000000000000e+01
2.866000000000000000e+07	2.600000000000000000e+01
2.866500000000000000e+07	2.600000000000000000e+01
2.867000000000000000e+07	2.600000000000000000e+01
2.867500000000000000e+07	2.600000000000000000e+01
2.868000000000000000e+07	2.600000000000000000e+01
2.868500000000000000e+07	2.600000000000000000e+01
2.869000000000000000e+07	2.600000000000000000e+01
2.869500000000000000e+07	2.600000000000000000e+01
2.870000000000000000e+07	2.600000000000000000e+01
2.870500000000000000e+07	2.600000000000000000e+01
2.871000000000000000e+07	2.600000000000000000e+01
2.871500000000000000e+07	2.600000000000000000e+01
2.872000000000000000e+07	2.600000000000000000e+01
2.872500000000000000e+07	2.600000000000000000e+01
2.873000000000000000e+07	2.600000000000000000e+01
2.873500000000000000e+07	2.600000000000000000e+01
2.874000000000000000e+07	2.600000000000000000e+01
2.874500000000000000e+07	2.600000000000000000e+01
2.875000000000000000e+07	2.600000000000000000e+01
2.875500000000000000e+07	2.600000000000000000e+01
2.876000000000000000e+07	2.600000000000000000e+01
2.876500000000000000e+07	2.600000000000000000e+01
2.877000000000000000e+07	2.600000000000000000e+01
2.877500000000000000e+07	2.600000000000000000e+01
2.878000000000000000e+07	2.600000000000000000e+01
2.878500000000000000e+07	2.600000000000000000e+01
2.879000000000000000e+07	2.600000000000000000e+01
2.879500000000000000e+07	2.600000000000000000e+01
2.880000000000000000e+07	2.600000000000000000e+01
2.880500000000000000e+07	2.600000000000000000e+01
2.881000000000000000e+07	2.600000000000000000e+01
2.881500000000000000e+07	2.600000000000000000e+01
2.882000000000000000e+07	2.600000000000000000e+01
2.882500000000000000e+07	2.600000000000000000e+01
2.883000000000000000e+07	2.600000000000000000e+01
2.883500000000000000e+07	2.600000000000000000e+01
2.884000000000000000e+07	2.600000000000000000e+01
2.884500000000000000e+07	2.600000000000000000e+01
2.885000000000000000e+07	2.600000000000000000e+01
2.885500000000000000e+07	2.600000000000000000e+01
2.886000000000000000e+07	2.600000000000000000e+01
2.886500000000000000e+07	2.600000000000000000e+01
2.887000000000000000e+07	2.600000000000000000e+01
2.887500000000000000e+07	2.600000000000000000e+01
2.888000000000000000e+07	2.600000000000000000e+01
2.888500000000000000e+07	2.600000000000000000e+01
2.889000000000000000e+07	2.600000000000000000e+01
2.889500000000000000e+07	2.600000000000000000e+01
2.890000000000000000e+07	2.600000000000000000e+01
2.890500000000000000e+07	2.600000000000000000e+01
2.891000000000000000e+07	2.600000000000000000e+01
2.891500000000000000e+07	2.600000000000000000e+01
2.892000000000000000e+07	2.600000000000000000e+01
2.892500000000000000e+07	2.600000000000000000e+01
2.893000000000000000e+07	2.600000000000000000e+01
2.893500000000000000e+07	2.600000000000000000e+01
2.894000000000000000e+07	2.600000000000000000e+01
2.894500000000000000e+07	2.600000000000000000e+01
2.895000000000000000e+07	2.600000000000000000e+01
2.895500000000000000e+07	2.600000000000000000e+01
2.896000000000000000e+07	2.600000000000000000e+01
2.896500000000000000e+07	2.600000000000000000e+01
2.897000000000000000e+07	2.600000000000000000e+01
2.897500000000000000e+07	2.600000000000000000e+01
2.898000000000000000e+07	2.600000000000000000e+01
2.898500000000000000e+07	2.600000000000000000e+01
2.899000000000000000e+07	2.600000000000000000e+01
2.899500000000000000e+07	2.600000000000000000e+01
2.900000000000000000e+07	2.600000000000000000e+01
2.900500000000000000e+07	2.600000000000000000e+01
2.902500000000000000e+07	2.600000000000000000e+01
2.903000000000000000e+07	2.600000000000000000e+01
2.904000000000000000e+07	2.600000000000000000e+01
2.904500000000000000e+07	2.600000000000000000e+01
2.905000000000000000e+07	2.600000000000000000e+01
2.905500000000000000e+07	2.600000000000000000e+01
2.906000000000000000e+07	2.600000000000000000e+01
2.906500000000000000e+07	2.600000000000000000e+01
2.907000000000000000e+07	2.600000000000000000e+01
2.907500000000000000e+07	2.600000000000000000e+01
2.908000000000000000e+07	2.600000000000000000e+01
2.908500000000000000e+07	2.600000000000000000e+01
2.909000000000000000e+07	2.600000000000000000e+01
2.909500000000000000e+07	2.600000000000000000e+01
2.910000000000000000e+07	2.600000000000000000e+01
2.910500000000000000e+07	2.600000000000000000e+01
2.911000000000000000e+07	2.600000000000000000e+01
2.911500000000000000e+07	2.600000000000000000e+01
2.912000000000000000e+07	2.600000000000000000e+01
2.912500000000000000e+07	2.600000000000000000e+01
2.913000000000000000e+07	2.600000000000000000e+01
2.913500000000000000e+07	2.600000000000000000e+01
2.914000000000000000e+07	2.600000000000000000e+01
2.914500000000000000e+07	2.600000000000000000e+01
2.915000000000000000e+07	2.600000000000000000e+01
2.915500000000000000e+07	2.600000000000000000e+01
2.916000000000000000e+07	2.600000000000000000e+01
2.916500000000000000e+07	2.600000000000000000e+01
2.917000000000000000e+07	2.600000000000000000e+01
2.917500000000000000e+07	2.600000000000000000e+01
2.918000000000000000e+07	2.600000000000000000e+01
2.918500000000000000e+07	2.600000000000000000e+01
2.919000000000000000e+07	2.600000000000000000e+01
2.919500000000000000e+07	2.600000000000000000e+01
2.920000000000000000e+07	2.600000000000000000e+01
2.920500000000000000e+07	2.600000000000000000e+01
2.921000000000000000e+07	2.600000000000000000e+01
2.921500000000000000e+07	2.600000000000000000e+01
2.922000000000000000e+07	2.600000000000000000e+01
2.922500000000000000e+07	2.600000000000000000e+01
2.923000000000000000e+07	2.600000000000000000e+01
2.923500000000000000e+07	2.600000000000000000e+01
2.924000000000000000e+07	2.600000000000000000e+01
2.924500000000000000e+07	2.600000000000000000e+01
2.925000000000000000e+07	2.600000000000000000e+01
2.925500000000000000e+07	2.600000000000000000e+01
2.926000000000000000e+07	2.600000000000000000e+01
2.926500000000000000e+07	2.600000000000000000e+01
2.927000000000000000e+07	2.600000000000000000e+01
2.927500000000000000e+07	2.600000000000000000e+01
2.928000000000000000e+07	2.600000000000000000e+01
2.932000000000000000e+07	2.600000000000000000e+01
2.934500000000000000e+07	2.600000000000000000e+01
2.935500000000000000e+07	2.600000000000000000e+01
2.939000000000000000e+07	2.600000000000000000e+01
2.940000000000000000e+07	2.600000000000000000e+01
2.940500000000000000e+07	2.600000000000000000e+01
2.941500000000000000e+07	2.600000000000000000e+01
2.955500000000000000e+07	2.600000000000000000e+01
2.956000000000000000e+07	2.600000000000000000e+01
