3.335000000000000000e+06	1.700000000000000000e+01
3.345000000000000000e+06	1.700000000000000000e+01
3.350000000000000000e+06	1.700000000000000000e+01
3.365000000000000000e+06	1.700000000000000000e+01
3.420000000000000000e+06	1.700000000000000000e+01
3.425000000000000000e+06	1.700000000000000000e+01
3.430000000000000000e+06	1.700000000000000000e+01
3.445000000000000000e+06	1.700000000000000000e+01
3.450000000000000000e+06	1.700000000000000000e+01
3.455000000000000000e+06	1.700000000000000000e+01
3.465000000000000000e+06	1.700000000000000000e+01
3.470000000000000000e+06	1.700000000000000000e+01
3.475000000000000000e+06	1.700000000000000000e+01
3.480000000000000000e+06	1.700000000000000000e+01
3.485000000000000000e+06	1.700000000000000000e+01
3.490000000000000000e+06	1.700000000000000000e+01
3.495000000000000000e+06	1.700000000000000000e+01
3.500000000000000000e+06	1.700000000000000000e+01
3.505000000000000000e+06	1.700000000000000000e+01
3.510000000000000000e+06	1.700000000000000000e+01
3.515000000000000000e+06	1.700000000000000000e+01
3.520000000000000000e+06	1.700000000000000000e+01
3.525000000000000000e+06	1.700000000000000000e+01
3.530000000000000000e+06	1.700000000000000000e+01
3.535000000000000000e+06	1.700000000000000000e+01
3.540000000000000000e+06	1.700000000000000000e+01
3.545000000000000000e+06	1.700000000000000000e+01
3.550000000000000000e+06	1.700000000000000000e+01
3.555000000000000000e+06	1.700000000000000000e+01
3.560000000000000000e+06	1.700000000000000000e+01
3.565000000000000000e+06	1.700000000000000000e+01
3.570000000000000000e+06	1.700000000000000000e+01
3.575000000000000000e+06	1.700000000000000000e+01
3.580000000000000000e+06	1.700000000000000000e+01
3.585000000000000000e+06	1.700000000000000000e+01
3.590000000000000000e+06	1.700000000000000000e+01
3.595000000000000000e+06	1.700000000000000000e+01
3.600000000000000000e+06	1.700000000000000000e+01
3.605000000000000000e+06	1.700000000000000000e+01
3.610000000000000000e+06	1.700000000000000000e+01
3.615000000000000000e+06	1.700000000000000000e+01
3.620000000000000000e+06	1.700000000000000000e+01
3.625000000000000000e+06	1.700000000000000000e+01
3.630000000000000000e+06	1.700000000000000000e+01
3.635000000000000000e+06	1.700000000000000000e+01
3.665000000000000000e+06	1.700000000000000000e+01
3.905000000000000000e+06	1.700000000000000000e+01
4.090000000000000000e+06	1.700000000000000000e+01
6.040000000000000000e+06	1.700000000000000000e+01
6.045000000000000000e+06	1.700000000000000000e+01
6.050000000000000000e+06	1.700000000000000000e+01
6.055000000000000000e+06	1.700000000000000000e+01
6.060000000000000000e+06	1.700000000000000000e+01
6.065000000000000000e+06	1.700000000000000000e+01
6.070000000000000000e+06	1.700000000000000000e+01
6.075000000000000000e+06	1.700000000000000000e+01
6.080000000000000000e+06	1.700000000000000000e+01
6.085000000000000000e+06	1.700000000000000000e+01
6.090000000000000000e+06	1.700000000000000000e+01
6.095000000000000000e+06	1.700000000000000000e+01
6.100000000000000000e+06	1.700000000000000000e+01
6.105000000000000000e+06	1.700000000000000000e+01
6.110000000000000000e+06	1.700000000000000000e+01
6.115000000000000000e+06	1.700000000000000000e+01
6.120000000000000000e+06	1.700000000000000000e+01
6.125000000000000000e+06	1.700000000000000000e+01
6.130000000000000000e+06	1.700000000000000000e+01
6.135000000000000000e+06	1.700000000000000000e+01
6.140000000000000000e+06	1.700000000000000000e+01
6.145000000000000000e+06	1.700000000000000000e+01
6.150000000000000000e+06	1.700000000000000000e+01
6.155000000000000000e+06	1.700000000000000000e+01
6.160000000000000000e+06	1.700000000000000000e+01
6.165000000000000000e+06	1.700000000000000000e+01
6.170000000000000000e+06	1.700000000000000000e+01
6.175000000000000000e+06	1.700000000000000000e+01
6.180000000000000000e+06	1.700000000000000000e+01
6.185000000000000000e+06	1.700000000000000000e+01
6.190000000000000000e+06	1.700000000000000000e+01
6.195000000000000000e+06	1.700000000000000000e+01
6.200000000000000000e+06	1.700000000000000000e+01
6.205000000000000000e+06	1.700000000000000000e+01
6.210000000000000000e+06	1.700000000000000000e+01
6.215000000000000000e+06	1.700000000000000000e+01
6.220000000000000000e+06	1.700000000000000000e+01
6.225000000000000000e+06	1.700000000000000000e+01
6.230000000000000000e+06	1.700000000000000000e+01
6.235000000000000000e+06	1.700000000000000000e+01
6.240000000000000000e+06	1.700000000000000000e+01
6.245000000000000000e+06	1.700000000000000000e+01
6.250000000000000000e+06	1.700000000000000000e+01
6.255000000000000000e+06	1.700000000000000000e+01
6.260000000000000000e+06	1.700000000000000000e+01
6.265000000000000000e+06	1.700000000000000000e+01
6.270000000000000000e+06	1.700000000000000000e+01
6.275000000000000000e+06	1.700000000000000000e+01
6.280000000000000000e+06	1.700000000000000000e+01
6.285000000000000000e+06	1.700000000000000000e+01
6.290000000000000000e+06	1.700000000000000000e+01
6.295000000000000000e+06	1.700000000000000000e+01
6.300000000000000000e+06	1.700000000000000000e+01
6.305000000000000000e+06	1.700000000000000000e+01
6.310000000000000000e+06	1.700000000000000000e+01
6.315000000000000000e+06	1.700000000000000000e+01
6.320000000000000000e+06	1.700000000000000000e+01
6.325000000000000000e+06	1.700000000000000000e+01
6.330000000000000000e+06	1.700000000000000000e+01
6.335000000000000000e+06	1.700000000000000000e+01
6.340000000000000000e+06	1.700000000000000000e+01
6.345000000000000000e+06	1.700000000000000000e+01
6.350000000000000000e+06	1.700000000000000000e+01
6.355000000000000000e+06	1.700000000000000000e+01
6.360000000000000000e+06	1.700000000000000000e+01
6.365000000000000000e+06	1.700000000000000000e+01
6.370000000000000000e+06	1.700000000000000000e+01
6.375000000000000000e+06	1.700000000000000000e+01
6.380000000000000000e+06	1.700000000000000000e+01
6.385000000000000000e+06	1.700000000000000000e+01
6.390000000000000000e+06	1.700000000000000000e+01
6.395000000000000000e+06	1.700000000000000000e+01
6.400000000000000000e+06	1.700000000000000000e+01
6.405000000000000000e+06	1.700000000000000000e+01
6.410000000000000000e+06	1.700000000000000000e+01
6.415000000000000000e+06	1.700000000000000000e+01
6.420000000000000000e+06	1.700000000000000000e+01
6.425000000000000000e+06	1.700000000000000000e+01
6.430000000000000000e+06	1.700000000000000000e+01
6.435000000000000000e+06	1.700000000000000000e+01
6.440000000000000000e+06	1.700000000000000000e+01
6.445000000000000000e+06	1.700000000000000000e+01
6.450000000000000000e+06	1.700000000000000000e+01
6.455000000000000000e+06	1.700000000000000000e+01
6.460000000000000000e+06	1.700000000000000000e+01
6.465000000000000000e+06	1.700000000000000000e+01
6.470000000000000000e+06	1.700000000000000000e+01
6.475000000000000000e+06	1.700000000000000000e+01
6.480000000000000000e+06	1.700000000000000000e+01
6.485000000000000000e+06	1.700000000000000000e+01
6.490000000000000000e+06	1.700000000000000000e+01
6.495000000000000000e+06	1.700000000000000000e+01
6.500000000000000000e+06	1.700000000000000000e+01
6.505000000000000000e+06	1.700000000000000000e+01
6.510000000000000000e+06	1.700000000000000000e+01
6.515000000000000000e+06	1.700000000000000000e+01
6.520000000000000000e+06	1.700000000000000000e+01
6.525000000000000000e+06	1.700000000000000000e+01
6.530000000000000000e+06	1.700000000000000000e+01
6.535000000000000000e+06	1.700000000000000000e+01
6.540000000000000000e+06	1.700000000000000000e+01
6.545000000000000000e+06	1.700000000000000000e+01
6.550000000000000000e+06	1.700000000000000000e+01
6.555000000000000000e+06	1.700000000000000000e+01
6.560000000000000000e+06	1.700000000000000000e+01
6.565000000000000000e+06	1.700000000000000000e+01
6.570000000000000000e+06	1.700000000000000000e+01
6.575000000000000000e+06	1.700000000000000000e+01
6.580000000000000000e+06	1.700000000000000000e+01
6.585000000000000000e+06	1.700000000000000000e+01
6.590000000000000000e+06	1.700000000000000000e+01
6.595000000000000000e+06	1.700000000000000000e+01
6.600000000000000000e+06	1.700000000000000000e+01
6.605000000000000000e+06	1.700000000000000000e+01
6.610000000000000000e+06	1.700000000000000000e+01
6.615000000000000000e+06	1.700000000000000000e+01
6.620000000000000000e+06	1.700000000000000000e+01
6.625000000000000000e+06	1.700000000000000000e+01
6.630000000000000000e+06	1.700000000000000000e+01
6.635000000000000000e+06	1.700000000000000000e+01
6.640000000000000000e+06	1.700000000000000000e+01
6.645000000000000000e+06	1.700000000000000000e+01
6.655000000000000000e+06	1.700000000000000000e+01
6.670000000000000000e+06	1.700000000000000000e+01
6.675000000000000000e+06	1.700000000000000000e+01
6.680000000000000000e+06	1.700000000000000000e+01
6.685000000000000000e+06	1.700000000000000000e+01
6.690000000000000000e+06	1.700000000000000000e+01
6.695000000000000000e+06	1.700000000000000000e+01
6.700000000000000000e+06	1.700000000000000000e+01
6.705000000000000000e+06	1.700000000000000000e+01
6.710000000000000000e+06	1.700000000000000000e+01
6.715000000000000000e+06	1.700000000000000000e+01
6.720000000000000000e+06	1.700000000000000000e+01
6.725000000000000000e+06	1.700000000000000000e+01
6.730000000000000000e+06	1.700000000000000000e+01
6.735000000000000000e+06	1.700000000000000000e+01
6.740000000000000000e+06	1.700000000000000000e+01
6.745000000000000000e+06	1.700000000000000000e+01
6.750000000000000000e+06	1.700000000000000000e+01
6.755000000000000000e+06	1.700000000000000000e+01
6.760000000000000000e+06	1.700000000000000000e+01
6.765000000000000000e+06	1.700000000000000000e+01
6.770000000000000000e+06	1.700000000000000000e+01
6.775000000000000000e+06	1.700000000000000000e+01
6.780000000000000000e+06	1.700000000000000000e+01
6.785000000000000000e+06	1.700000000000000000e+01
6.790000000000000000e+06	1.700000000000000000e+01
6.795000000000000000e+06	1.700000000000000000e+01
6.800000000000000000e+06	1.700000000000000000e+01
6.805000000000000000e+06	1.700000000000000000e+01
6.810000000000000000e+06	1.700000000000000000e+01
6.815000000000000000e+06	1.700000000000000000e+01
6.820000000000000000e+06	1.700000000000000000e+01
6.825000000000000000e+06	1.700000000000000000e+01
6.830000000000000000e+06	1.700000000000000000e+01
6.835000000000000000e+06	1.700000000000000000e+01
6.840000000000000000e+06	1.700000000000000000e+01
6.845000000000000000e+06	1.700000000000000000e+01
6.850000000000000000e+06	1.700000000000000000e+01
6.855000000000000000e+06	1.700000000000000000e+01
6.860000000000000000e+06	1.700000000000000000e+01
6.865000000000000000e+06	1.700000000000000000e+01
6.870000000000000000e+06	1.700000000000000000e+01
6.875000000000000000e+06	1.700000000000000000e+01
6.880000000000000000e+06	1.700000000000000000e+01
6.885000000000000000e+06	1.700000000000000000e+01
6.890000000000000000e+06	1.700000000000000000e+01
6.895000000000000000e+06	1.700000000000000000e+01
6.900000000000000000e+06	1.700000000000000000e+01
6.905000000000000000e+06	1.700000000000000000e+01
6.910000000000000000e+06	1.700000000000000000e+01
6.915000000000000000e+06	1.700000000000000000e+01
6.920000000000000000e+06	1.700000000000000000e+01
6.925000000000000000e+06	1.700000000000000000e+01
6.930000000000000000e+06	1.700000000000000000e+01
6.935000000000000000e+06	1.700000000000000000e+01
6.940000000000000000e+06	1.700000000000000000e+01
6.945000000000000000e+06	1.700000000000000000e+01
6.950000000000000000e+06	1.700000000000000000e+01
6.955000000000000000e+06	1.700000000000000000e+01
6.960000000000000000e+06	1.700000000000000000e+01
6.965000000000000000e+06	1.700000000000000000e+01
7.210000000000000000e+06	1.700000000000000000e+01
7.285000000000000000e+06	1.700000000000000000e+01
7.290000000000000000e+06	1.700000000000000000e+01
7.295000000000000000e+06	1.700000000000000000e+01
7.300000000000000000e+06	1.700000000000000000e+01
7.305000000000000000e+06	1.700000000000000000e+01
7.310000000000000000e+06	1.700000000000000000e+01
7.315000000000000000e+06	1.700000000000000000e+01
7.320000000000000000e+06	1.700000000000000000e+01
7.325000000000000000e+06	1.700000000000000000e+01
7.330000000000000000e+06	1.700000000000000000e+01
7.335000000000000000e+06	1.700000000000000000e+01
7.340000000000000000e+06	1.700000000000000000e+01
7.345000000000000000e+06	1.700000000000000000e+01
7.350000000000000000e+06	1.700000000000000000e+01
7.355000000000000000e+06	1.700000000000000000e+01
7.360000000000000000e+06	1.700000000000000000e+01
7.370000000000000000e+06	1.700000000000000000e+01
7.375000000000000000e+06	1.700000000000000000e+01
7.380000000000000000e+06	1.700000000000000000e+01
7.385000000000000000e+06	1.700000000000000000e+01
7.390000000000000000e+06	1.700000000000000000e+01
7.395000000000000000e+06	1.700000000000000000e+01
7.400000000000000000e+06	1.700000000000000000e+01
7.405000000000000000e+06	1.700000000000000000e+01
7.410000000000000000e+06	1.700000000000000000e+01
7.415000000000000000e+06	1.700000000000000000e+01
7.420000000000000000e+06	1.700000000000000000e+01
7.425000000000000000e+06	1.700000000000000000e+01
7.430000000000000000e+06	1.700000000000000000e+01
7.435000000000000000e+06	1.700000000000000000e+01
7.440000000000000000e+06	1.700000000000000000e+01
7.445000000000000000e+06	1.700000000000000000e+01
7.450000000000000000e+06	1.700000000000000000e+01
7.455000000000000000e+06	1.700000000000000000e+01
7.460000000000000000e+06	1.700000000000000000e+01
7.465000000000000000e+06	1.700000000000000000e+01
7.470000000000000000e+06	1.700000000000000000e+01
7.475000000000000000e+06	1.700000000000000000e+01
7.480000000000000000e+06	1.700000000000000000e+01
7.485000000000000000e+06	1.700000000000000000e+01
7.490000000000000000e+06	1.700000000000000000e+01
7.495000000000000000e+06	1.700000000000000000e+01
7.500000000000000000e+06	1.700000000000000000e+01
7.505000000000000000e+06	1.700000000000000000e+01
7.510000000000000000e+06	1.700000000000000000e+01
7.515000000000000000e+06	1.700000000000000000e+01
7.520000000000000000e+06	1.700000000000000000e+01
7.525000000000000000e+06	1.700000000000000000e+01
7.530000000000000000e+06	1.700000000000000000e+01
7.535000000000000000e+06	1.700000000000000000e+01
7.540000000000000000e+06	1.700000000000000000e+01
7.545000000000000000e+06	1.700000000000000000e+01
7.550000000000000000e+06	1.700000000000000000e+01
7.555000000000000000e+06	1.700000000000000000e+01
7.560000000000000000e+06	1.700000000000000000e+01
7.565000000000000000e+06	1.700000000000000000e+01
7.570000000000000000e+06	1.700000000000000000e+01
7.575000000000000000e+06	1.700000000000000000e+01
7.580000000000000000e+06	1.700000000000000000e+01
7.585000000000000000e+06	1.700000000000000000e+01
7.590000000000000000e+06	1.700000000000000000e+01
7.595000000000000000e+06	1.700000000000000000e+01
7.600000000000000000e+06	1.700000000000000000e+01
7.605000000000000000e+06	1.700000000000000000e+01
7.610000000000000000e+06	1.700000000000000000e+01
7.615000000000000000e+06	1.700000000000000000e+01
7.620000000000000000e+06	1.700000000000000000e+01
7.625000000000000000e+06	1.700000000000000000e+01
7.630000000000000000e+06	1.700000000000000000e+01
7.635000000000000000e+06	1.700000000000000000e+01
7.640000000000000000e+06	1.700000000000000000e+01
7.645000000000000000e+06	1.700000000000000000e+01
7.650000000000000000e+06	1.700000000000000000e+01
7.655000000000000000e+06	1.700000000000000000e+01
7.660000000000000000e+06	1.700000000000000000e+01
7.665000000000000000e+06	1.700000000000000000e+01
7.670000000000000000e+06	1.700000000000000000e+01
7.675000000000000000e+06	1.700000000000000000e+01
7.680000000000000000e+06	1.700000000000000000e+01
7.685000000000000000e+06	1.700000000000000000e+01
7.690000000000000000e+06	1.700000000000000000e+01
7.695000000000000000e+06	1.700000000000000000e+01
7.700000000000000000e+06	1.700000000000000000e+01
7.705000000000000000e+06	1.700000000000000000e+01
7.710000000000000000e+06	1.700000000000000000e+01
7.715000000000000000e+06	1.700000000000000000e+01
7.720000000000000000e+06	1.700000000000000000e+01
7.725000000000000000e+06	1.700000000000000000e+01
7.730000000000000000e+06	1.700000000000000000e+01
7.735000000000000000e+06	1.700000000000000000e+01
7.740000000000000000e+06	1.700000000000000000e+01
7.745000000000000000e+06	1.700000000000000000e+01
7.750000000000000000e+06	1.700000000000000000e+01
7.755000000000000000e+06	1.700000000000000000e+01
7.760000000000000000e+06	1.700000000000000000e+01
7.765000000000000000e+06	1.700000000000000000e+01
7.770000000000000000e+06	1.700000000000000000e+01
7.775000000000000000e+06	1.700000000000000000e+01
7.780000000000000000e+06	1.700000000000000000e+01
7.785000000000000000e+06	1.700000000000000000e+01
7.790000000000000000e+06	1.700000000000000000e+01
7.795000000000000000e+06	1.700000000000000000e+01
7.800000000000000000e+06	1.700000000000000000e+01
7.805000000000000000e+06	1.700000000000000000e+01
7.810000000000000000e+06	1.700000000000000000e+01
7.815000000000000000e+06	1.700000000000000000e+01
7.820000000000000000e+06	1.700000000000000000e+01
7.825000000000000000e+06	1.700000000000000000e+01
7.830000000000000000e+06	1.700000000000000000e+01
7.835000000000000000e+06	1.700000000000000000e+01
7.840000000000000000e+06	1.700000000000000000e+01
7.845000000000000000e+06	1.700000000000000000e+01
7.850000000000000000e+06	1.700000000000000000e+01
7.855000000000000000e+06	1.700000000000000000e+01
7.860000000000000000e+06	1.700000000000000000e+01
7.865000000000000000e+06	1.700000000000000000e+01
7.870000000000000000e+06	1.700000000000000000e+01
7.875000000000000000e+06	1.700000000000000000e+01
7.880000000000000000e+06	1.700000000000000000e+01
7.885000000000000000e+06	1.700000000000000000e+01
7.890000000000000000e+06	1.700000000000000000e+01
7.895000000000000000e+06	1.700000000000000000e+01
7.900000000000000000e+06	1.700000000000000000e+01
7.905000000000000000e+06	1.700000000000000000e+01
7.910000000000000000e+06	1.700000000000000000e+01
7.915000000000000000e+06	1.700000000000000000e+01
7.920000000000000000e+06	1.700000000000000000e+01
7.925000000000000000e+06	1.700000000000000000e+01
7.930000000000000000e+06	1.700000000000000000e+01
7.935000000000000000e+06	1.700000000000000000e+01
7.940000000000000000e+06	1.700000000000000000e+01
7.945000000000000000e+06	1.700000000000000000e+01
7.950000000000000000e+06	1.700000000000000000e+01
7.955000000000000000e+06	1.700000000000000000e+01
7.960000000000000000e+06	1.700000000000000000e+01
7.965000000000000000e+06	1.700000000000000000e+01
7.970000000000000000e+06	1.700000000000000000e+01
7.975000000000000000e+06	1.700000000000000000e+01
7.980000000000000000e+06	1.700000000000000000e+01
7.985000000000000000e+06	1.700000000000000000e+01
7.990000000000000000e+06	1.700000000000000000e+01
7.995000000000000000e+06	1.700000000000000000e+01
8.000000000000000000e+06	1.700000000000000000e+01
8.005000000000000000e+06	1.700000000000000000e+01
8.010000000000000000e+06	1.700000000000000000e+01
8.015000000000000000e+06	1.700000000000000000e+01
8.020000000000000000e+06	1.700000000000000000e+01
8.025000000000000000e+06	1.700000000000000000e+01
8.030000000000000000e+06	1.700000000000000000e+01
8.035000000000000000e+06	1.700000000000000000e+01
8.040000000000000000e+06	1.700000000000000000e+01
8.045000000000000000e+06	1.700000000000000000e+01
8.050000000000000000e+06	1.700000000000000000e+01
8.055000000000000000e+06	1.700000000000000000e+01
8.060000000000000000e+06	1.700000000000000000e+01
8.065000000000000000e+06	1.700000000000000000e+01
8.070000000000000000e+06	1.700000000000000000e+01
8.075000000000000000e+06	1.700000000000000000e+01
8.080000000000000000e+06	1.700000000000000000e+01
8.085000000000000000e+06	1.700000000000000000e+01
8.090000000000000000e+06	1.700000000000000000e+01
8.095000000000000000e+06	1.700000000000000000e+01
8.100000000000000000e+06	1.700000000000000000e+01
8.105000000000000000e+06	1.700000000000000000e+01
8.110000000000000000e+06	1.700000000000000000e+01
8.115000000000000000e+06	1.700000000000000000e+01
8.120000000000000000e+06	1.700000000000000000e+01
8.125000000000000000e+06	1.700000000000000000e+01
8.130000000000000000e+06	1.700000000000000000e+01
8.135000000000000000e+06	1.700000000000000000e+01
8.140000000000000000e+06	1.700000000000000000e+01
8.145000000000000000e+06	1.700000000000000000e+01
8.150000000000000000e+06	1.700000000000000000e+01
8.155000000000000000e+06	1.700000000000000000e+01
8.160000000000000000e+06	1.700000000000000000e+01
8.165000000000000000e+06	1.700000000000000000e+01
8.170000000000000000e+06	1.700000000000000000e+01
8.175000000000000000e+06	1.700000000000000000e+01
8.180000000000000000e+06	1.700000000000000000e+01
8.185000000000000000e+06	1.700000000000000000e+01
8.190000000000000000e+06	1.700000000000000000e+01
8.195000000000000000e+06	1.700000000000000000e+01
8.200000000000000000e+06	1.700000000000000000e+01
8.205000000000000000e+06	1.700000000000000000e+01
8.210000000000000000e+06	1.700000000000000000e+01
8.215000000000000000e+06	1.700000000000000000e+01
8.220000000000000000e+06	1.700000000000000000e+01
8.225000000000000000e+06	1.700000000000000000e+01
8.230000000000000000e+06	1.700000000000000000e+01
8.240000000000000000e+06	1.700000000000000000e+01
8.245000000000000000e+06	1.700000000000000000e+01
8.250000000000000000e+06	1.700000000000000000e+01
8.255000000000000000e+06	1.700000000000000000e+01
8.260000000000000000e+06	1.700000000000000000e+01
8.265000000000000000e+06	1.700000000000000000e+01
8.270000000000000000e+06	1.700000000000000000e+01
8.275000000000000000e+06	1.700000000000000000e+01
8.280000000000000000e+06	1.700000000000000000e+01
8.285000000000000000e+06	1.700000000000000000e+01
8.290000000000000000e+06	1.700000000000000000e+01
8.295000000000000000e+06	1.700000000000000000e+01
8.300000000000000000e+06	1.700000000000000000e+01
8.305000000000000000e+06	1.700000000000000000e+01
8.310000000000000000e+06	1.700000000000000000e+01
8.315000000000000000e+06	1.700000000000000000e+01
8.320000000000000000e+06	1.700000000000000000e+01
8.325000000000000000e+06	1.700000000000000000e+01
8.330000000000000000e+06	1.700000000000000000e+01
8.335000000000000000e+06	1.700000000000000000e+01
8.340000000000000000e+06	1.700000000000000000e+01
8.345000000000000000e+06	1.700000000000000000e+01
8.350000000000000000e+06	1.700000000000000000e+01
8.355000000000000000e+06	1.700000000000000000e+01
8.360000000000000000e+06	1.700000000000000000e+01
8.365000000000000000e+06	1.700000000000000000e+01
8.370000000000000000e+06	1.700000000000000000e+01
8.375000000000000000e+06	1.700000000000000000e+01
8.380000000000000000e+06	1.700000000000000000e+01
8.385000000000000000e+06	1.700000000000000000e+01
8.390000000000000000e+06	1.700000000000000000e+01
8.395000000000000000e+06	1.700000000000000000e+01
8.400000000000000000e+06	1.700000000000000000e+01
8.405000000000000000e+06	1.700000000000000000e+01
8.410000000000000000e+06	1.700000000000000000e+01
8.415000000000000000e+06	1.700000000000000000e+01
8.420000000000000000e+06	1.700000000000000000e+01
8.425000000000000000e+06	1.700000000000000000e+01
8.430000000000000000e+06	1.700000000000000000e+01
8.435000000000000000e+06	1.700000000000000000e+01
8.440000000000000000e+06	1.700000000000000000e+01
8.445000000000000000e+06	1.700000000000000000e+01
8.450000000000000000e+06	1.700000000000000000e+01
8.455000000000000000e+06	1.700000000000000000e+01
8.460000000000000000e+06	1.700000000000000000e+01
8.465000000000000000e+06	1.700000000000000000e+01
8.470000000000000000e+06	1.700000000000000000e+01
8.475000000000000000e+06	1.700000000000000000e+01
8.480000000000000000e+06	1.700000000000000000e+01
8.485000000000000000e+06	1.700000000000000000e+01
8.490000000000000000e+06	1.700000000000000000e+01
8.495000000000000000e+06	1.700000000000000000e+01
8.500000000000000000e+06	1.700000000000000000e+01
8.505000000000000000e+06	1.700000000000000000e+01
8.510000000000000000e+06	1.700000000000000000e+01
8.515000000000000000e+06	1.700000000000000000e+01
8.520000000000000000e+06	1.700000000000000000e+01
8.525000000000000000e+06	1.700000000000000000e+01
8.530000000000000000e+06	1.700000000000000000e+01
8.535000000000000000e+06	1.700000000000000000e+01
8.540000000000000000e+06	1.700000000000000000e+01
8.545000000000000000e+06	1.700000000000000000e+01
8.550000000000000000e+06	1.700000000000000000e+01
8.555000000000000000e+06	1.700000000000000000e+01
8.560000000000000000e+06	1.700000000000000000e+01
8.565000000000000000e+06	1.700000000000000000e+01
8.570000000000000000e+06	1.700000000000000000e+01
8.575000000000000000e+06	1.700000000000000000e+01
8.580000000000000000e+06	1.700000000000000000e+01
8.585000000000000000e+06	1.700000000000000000e+01
8.595000000000000000e+06	1.700000000000000000e+01
8.600000000000000000e+06	1.700000000000000000e+01
8.605000000000000000e+06	1.700000000000000000e+01
8.610000000000000000e+06	1.700000000000000000e+01
8.615000000000000000e+06	1.700000000000000000e+01
8.620000000000000000e+06	1.700000000000000000e+01
8.625000000000000000e+06	1.700000000000000000e+01
8.630000000000000000e+06	1.700000000000000000e+01
8.635000000000000000e+06	1.700000000000000000e+01
8.640000000000000000e+06	1.700000000000000000e+01
8.645000000000000000e+06	1.700000000000000000e+01
8.650000000000000000e+06	1.700000000000000000e+01
8.655000000000000000e+06	1.700000000000000000e+01
8.660000000000000000e+06	1.700000000000000000e+01
8.665000000000000000e+06	1.700000000000000000e+01
8.670000000000000000e+06	1.700000000000000000e+01
8.675000000000000000e+06	1.700000000000000000e+01
8.680000000000000000e+06	1.700000000000000000e+01
8.685000000000000000e+06	1.700000000000000000e+01
8.690000000000000000e+06	1.700000000000000000e+01
8.695000000000000000e+06	1.700000000000000000e+01
8.700000000000000000e+06	1.700000000000000000e+01
8.705000000000000000e+06	1.700000000000000000e+01
8.710000000000000000e+06	1.700000000000000000e+01
8.715000000000000000e+06	1.700000000000000000e+01
8.720000000000000000e+06	1.700000000000000000e+01
8.725000000000000000e+06	1.700000000000000000e+01
8.730000000000000000e+06	1.700000000000000000e+01
8.735000000000000000e+06	1.700000000000000000e+01
8.740000000000000000e+06	1.700000000000000000e+01
8.745000000000000000e+06	1.700000000000000000e+01
8.750000000000000000e+06	1.700000000000000000e+01
8.755000000000000000e+06	1.700000000000000000e+01
8.760000000000000000e+06	1.700000000000000000e+01
8.765000000000000000e+06	1.700000000000000000e+01
8.770000000000000000e+06	1.700000000000000000e+01
8.775000000000000000e+06	1.700000000000000000e+01
8.780000000000000000e+06	1.700000000000000000e+01
8.785000000000000000e+06	1.700000000000000000e+01
8.790000000000000000e+06	1.700000000000000000e+01
8.795000000000000000e+06	1.700000000000000000e+01
8.800000000000000000e+06	1.700000000000000000e+01
8.805000000000000000e+06	1.700000000000000000e+01
8.810000000000000000e+06	1.700000000000000000e+01
8.815000000000000000e+06	1.700000000000000000e+01
8.820000000000000000e+06	1.700000000000000000e+01
8.825000000000000000e+06	1.700000000000000000e+01
8.830000000000000000e+06	1.700000000000000000e+01
8.835000000000000000e+06	1.700000000000000000e+01
8.840000000000000000e+06	1.700000000000000000e+01
8.845000000000000000e+06	1.700000000000000000e+01
8.850000000000000000e+06	1.700000000000000000e+01
8.855000000000000000e+06	1.700000000000000000e+01
8.860000000000000000e+06	1.700000000000000000e+01
8.865000000000000000e+06	1.700000000000000000e+01
8.870000000000000000e+06	1.700000000000000000e+01
8.875000000000000000e+06	1.700000000000000000e+01
8.880000000000000000e+06	1.700000000000000000e+01
8.885000000000000000e+06	1.700000000000000000e+01
8.890000000000000000e+06	1.700000000000000000e+01
8.895000000000000000e+06	1.700000000000000000e+01
8.900000000000000000e+06	1.700000000000000000e+01
8.905000000000000000e+06	1.700000000000000000e+01
8.910000000000000000e+06	1.700000000000000000e+01
8.915000000000000000e+06	1.700000000000000000e+01
8.920000000000000000e+06	1.700000000000000000e+01
8.925000000000000000e+06	1.700000000000000000e+01
8.930000000000000000e+06	1.700000000000000000e+01
8.935000000000000000e+06	1.700000000000000000e+01
8.940000000000000000e+06	1.700000000000000000e+01
8.945000000000000000e+06	1.700000000000000000e+01
8.950000000000000000e+06	1.700000000000000000e+01
8.955000000000000000e+06	1.700000000000000000e+01
8.960000000000000000e+06	1.700000000000000000e+01
8.965000000000000000e+06	1.700000000000000000e+01
8.970000000000000000e+06	1.700000000000000000e+01
8.975000000000000000e+06	1.700000000000000000e+01
8.980000000000000000e+06	1.700000000000000000e+01
8.985000000000000000e+06	1.700000000000000000e+01
8.990000000000000000e+06	1.700000000000000000e+01
8.995000000000000000e+06	1.700000000000000000e+01
9.000000000000000000e+06	1.700000000000000000e+01
9.005000000000000000e+06	1.700000000000000000e+01
9.010000000000000000e+06	1.700000000000000000e+01
9.015000000000000000e+06	1.700000000000000000e+01
9.020000000000000000e+06	1.700000000000000000e+01
9.025000000000000000e+06	1.700000000000000000e+01
9.030000000000000000e+06	1.700000000000000000e+01
9.035000000000000000e+06	1.700000000000000000e+01
9.040000000000000000e+06	1.700000000000000000e+01
9.045000000000000000e+06	1.700000000000000000e+01
9.050000000000000000e+06	1.700000000000000000e+01
9.055000000000000000e+06	1.700000000000000000e+01
9.060000000000000000e+06	1.700000000000000000e+01
9.065000000000000000e+06	1.700000000000000000e+01
9.070000000000000000e+06	1.700000000000000000e+01
9.075000000000000000e+06	1.700000000000000000e+01
9.080000000000000000e+06	1.700000000000000000e+01
9.085000000000000000e+06	1.700000000000000000e+01
9.090000000000000000e+06	1.700000000000000000e+01
9.095000000000000000e+06	1.700000000000000000e+01
9.100000000000000000e+06	1.700000000000000000e+01
9.105000000000000000e+06	1.700000000000000000e+01
9.110000000000000000e+06	1.700000000000000000e+01
9.115000000000000000e+06	1.700000000000000000e+01
9.120000000000000000e+06	1.700000000000000000e+01
9.125000000000000000e+06	1.700000000000000000e+01
9.130000000000000000e+06	1.700000000000000000e+01
9.135000000000000000e+06	1.700000000000000000e+01
9.140000000000000000e+06	1.700000000000000000e+01
9.145000000000000000e+06	1.700000000000000000e+01
9.150000000000000000e+06	1.700000000000000000e+01
9.155000000000000000e+06	1.700000000000000000e+01
9.160000000000000000e+06	1.700000000000000000e+01
9.165000000000000000e+06	1.700000000000000000e+01
9.170000000000000000e+06	1.700000000000000000e+01
9.175000000000000000e+06	1.700000000000000000e+01
9.180000000000000000e+06	1.700000000000000000e+01
9.185000000000000000e+06	1.700000000000000000e+01
9.190000000000000000e+06	1.700000000000000000e+01
9.195000000000000000e+06	1.700000000000000000e+01
9.200000000000000000e+06	1.700000000000000000e+01
9.205000000000000000e+06	1.700000000000000000e+01
9.210000000000000000e+06	1.700000000000000000e+01
9.215000000000000000e+06	1.700000000000000000e+01
9.220000000000000000e+06	1.700000000000000000e+01
9.225000000000000000e+06	1.700000000000000000e+01
9.230000000000000000e+06	1.700000000000000000e+01
9.235000000000000000e+06	1.700000000000000000e+01
9.240000000000000000e+06	1.700000000000000000e+01
9.245000000000000000e+06	1.700000000000000000e+01
9.250000000000000000e+06	1.700000000000000000e+01
9.255000000000000000e+06	1.700000000000000000e+01
9.260000000000000000e+06	1.700000000000000000e+01
9.265000000000000000e+06	1.700000000000000000e+01
9.270000000000000000e+06	1.700000000000000000e+01
9.275000000000000000e+06	1.700000000000000000e+01
9.280000000000000000e+06	1.700000000000000000e+01
9.285000000000000000e+06	1.700000000000000000e+01
9.290000000000000000e+06	1.700000000000000000e+01
9.295000000000000000e+06	1.700000000000000000e+01
9.300000000000000000e+06	1.700000000000000000e+01
9.305000000000000000e+06	1.700000000000000000e+01
9.310000000000000000e+06	1.700000000000000000e+01
9.315000000000000000e+06	1.700000000000000000e+01
9.320000000000000000e+06	1.700000000000000000e+01
9.325000000000000000e+06	1.700000000000000000e+01
9.330000000000000000e+06	1.700000000000000000e+01
9.335000000000000000e+06	1.700000000000000000e+01
9.340000000000000000e+06	1.700000000000000000e+01
9.345000000000000000e+06	1.700000000000000000e+01
9.350000000000000000e+06	1.700000000000000000e+01
9.355000000000000000e+06	1.700000000000000000e+01
9.360000000000000000e+06	1.700000000000000000e+01
9.365000000000000000e+06	1.700000000000000000e+01
9.370000000000000000e+06	1.700000000000000000e+01
9.375000000000000000e+06	1.700000000000000000e+01
9.380000000000000000e+06	1.700000000000000000e+01
9.385000000000000000e+06	1.700000000000000000e+01
9.390000000000000000e+06	1.700000000000000000e+01
9.395000000000000000e+06	1.700000000000000000e+01
9.400000000000000000e+06	1.700000000000000000e+01
9.405000000000000000e+06	1.700000000000000000e+01
9.410000000000000000e+06	1.700000000000000000e+01
9.415000000000000000e+06	1.700000000000000000e+01
9.420000000000000000e+06	1.700000000000000000e+01
9.425000000000000000e+06	1.700000000000000000e+01
9.430000000000000000e+06	1.700000000000000000e+01
9.435000000000000000e+06	1.700000000000000000e+01
9.440000000000000000e+06	1.700000000000000000e+01
9.445000000000000000e+06	1.700000000000000000e+01
9.450000000000000000e+06	1.700000000000000000e+01
9.455000000000000000e+06	1.700000000000000000e+01
9.460000000000000000e+06	1.700000000000000000e+01
9.465000000000000000e+06	1.700000000000000000e+01
9.470000000000000000e+06	1.700000000000000000e+01
9.475000000000000000e+06	1.700000000000000000e+01
9.480000000000000000e+06	1.700000000000000000e+01
9.485000000000000000e+06	1.700000000000000000e+01
9.490000000000000000e+06	1.700000000000000000e+01
9.495000000000000000e+06	1.700000000000000000e+01
9.500000000000000000e+06	1.700000000000000000e+01
9.505000000000000000e+06	1.700000000000000000e+01
9.510000000000000000e+06	1.700000000000000000e+01
9.515000000000000000e+06	1.700000000000000000e+01
9.520000000000000000e+06	1.700000000000000000e+01
9.525000000000000000e+06	1.700000000000000000e+01
9.530000000000000000e+06	1.700000000000000000e+01
9.535000000000000000e+06	1.700000000000000000e+01
9.540000000000000000e+06	1.700000000000000000e+01
9.545000000000000000e+06	1.700000000000000000e+01
9.550000000000000000e+06	1.700000000000000000e+01
9.555000000000000000e+06	1.700000000000000000e+01
9.560000000000000000e+06	1.700000000000000000e+01
9.565000000000000000e+06	1.700000000000000000e+01
9.570000000000000000e+06	1.700000000000000000e+01
9.575000000000000000e+06	1.700000000000000000e+01
9.580000000000000000e+06	1.700000000000000000e+01
9.585000000000000000e+06	1.700000000000000000e+01
9.590000000000000000e+06	1.700000000000000000e+01
9.595000000000000000e+06	1.700000000000000000e+01
9.600000000000000000e+06	1.700000000000000000e+01
9.605000000000000000e+06	1.700000000000000000e+01
9.610000000000000000e+06	1.700000000000000000e+01
9.615000000000000000e+06	1.700000000000000000e+01
9.620000000000000000e+06	1.700000000000000000e+01
9.625000000000000000e+06	1.700000000000000000e+01
9.630000000000000000e+06	1.700000000000000000e+01
9.635000000000000000e+06	1.700000000000000000e+01
9.640000000000000000e+06	1.700000000000000000e+01
9.645000000000000000e+06	1.700000000000000000e+01
9.650000000000000000e+06	1.700000000000000000e+01
9.655000000000000000e+06	1.700000000000000000e+01
9.660000000000000000e+06	1.700000000000000000e+01
9.665000000000000000e+06	1.700000000000000000e+01
9.670000000000000000e+06	1.700000000000000000e+01
9.675000000000000000e+06	1.700000000000000000e+01
9.680000000000000000e+06	1.700000000000000000e+01
9.685000000000000000e+06	1.700000000000000000e+01
9.690000000000000000e+06	1.700000000000000000e+01
9.695000000000000000e+06	1.700000000000000000e+01
9.700000000000000000e+06	1.700000000000000000e+01
9.705000000000000000e+06	1.700000000000000000e+01
9.710000000000000000e+06	1.700000000000000000e+01
9.715000000000000000e+06	1.700000000000000000e+01
9.720000000000000000e+06	1.700000000000000000e+01
9.725000000000000000e+06	1.700000000000000000e+01
9.730000000000000000e+06	1.700000000000000000e+01
9.735000000000000000e+06	1.700000000000000000e+01
9.740000000000000000e+06	1.700000000000000000e+01
9.745000000000000000e+06	1.700000000000000000e+01
9.750000000000000000e+06	1.700000000000000000e+01
9.755000000000000000e+06	1.700000000000000000e+01
9.760000000000000000e+06	1.700000000000000000e+01
9.765000000000000000e+06	1.700000000000000000e+01
9.770000000000000000e+06	1.700000000000000000e+01
9.775000000000000000e+06	1.700000000000000000e+01
9.780000000000000000e+06	1.700000000000000000e+01
9.785000000000000000e+06	1.700000000000000000e+01
9.790000000000000000e+06	1.700000000000000000e+01
9.795000000000000000e+06	1.700000000000000000e+01
9.800000000000000000e+06	1.700000000000000000e+01
9.805000000000000000e+06	1.700000000000000000e+01
9.810000000000000000e+06	1.700000000000000000e+01
9.815000000000000000e+06	1.700000000000000000e+01
9.820000000000000000e+06	1.700000000000000000e+01
9.825000000000000000e+06	1.700000000000000000e+01
9.830000000000000000e+06	1.700000000000000000e+01
9.835000000000000000e+06	1.700000000000000000e+01
9.840000000000000000e+06	1.700000000000000000e+01
9.865000000000000000e+06	1.700000000000000000e+01
9.880000000000000000e+06	1.700000000000000000e+01
9.885000000000000000e+06	1.700000000000000000e+01
9.890000000000000000e+06	1.700000000000000000e+01
9.895000000000000000e+06	1.700000000000000000e+01
9.900000000000000000e+06	1.700000000000000000e+01
9.905000000000000000e+06	1.700000000000000000e+01
9.910000000000000000e+06	1.700000000000000000e+01
9.915000000000000000e+06	1.700000000000000000e+01
9.920000000000000000e+06	1.700000000000000000e+01
9.925000000000000000e+06	1.700000000000000000e+01
9.930000000000000000e+06	1.700000000000000000e+01
9.935000000000000000e+06	1.700000000000000000e+01
9.940000000000000000e+06	1.700000000000000000e+01
9.945000000000000000e+06	1.700000000000000000e+01
9.950000000000000000e+06	1.700000000000000000e+01
9.955000000000000000e+06	1.700000000000000000e+01
9.960000000000000000e+06	1.700000000000000000e+01
9.965000000000000000e+06	1.700000000000000000e+01
9.970000000000000000e+06	1.700000000000000000e+01
9.975000000000000000e+06	1.700000000000000000e+01
9.980000000000000000e+06	1.700000000000000000e+01
9.985000000000000000e+06	1.700000000000000000e+01
9.990000000000000000e+06	1.700000000000000000e+01
9.995000000000000000e+06	1.700000000000000000e+01
1.000000000000000000e+07	1.700000000000000000e+01
1.000500000000000000e+07	1.700000000000000000e+01
1.001000000000000000e+07	1.700000000000000000e+01
1.001500000000000000e+07	1.700000000000000000e+01
1.002000000000000000e+07	1.700000000000000000e+01
1.002500000000000000e+07	1.700000000000000000e+01
1.003000000000000000e+07	1.700000000000000000e+01
1.003500000000000000e+07	1.700000000000000000e+01
1.004000000000000000e+07	1.700000000000000000e+01
1.004500000000000000e+07	1.700000000000000000e+01
1.005000000000000000e+07	1.700000000000000000e+01
1.005500000000000000e+07	1.700000000000000000e+01
1.006000000000000000e+07	1.700000000000000000e+01
1.006500000000000000e+07	1.700000000000000000e+01
1.007000000000000000e+07	1.700000000000000000e+01
1.007500000000000000e+07	1.700000000000000000e+01
1.008000000000000000e+07	1.700000000000000000e+01
1.008500000000000000e+07	1.700000000000000000e+01
1.009000000000000000e+07	1.700000000000000000e+01
1.009500000000000000e+07	1.700000000000000000e+01
1.010000000000000000e+07	1.700000000000000000e+01
1.010500000000000000e+07	1.700000000000000000e+01
1.011000000000000000e+07	1.700000000000000000e+01
1.011500000000000000e+07	1.700000000000000000e+01
1.012000000000000000e+07	1.700000000000000000e+01
1.012500000000000000e+07	1.700000000000000000e+01
1.013000000000000000e+07	1.700000000000000000e+01
1.013500000000000000e+07	1.700000000000000000e+01
1.014000000000000000e+07	1.700000000000000000e+01
1.014500000000000000e+07	1.700000000000000000e+01
1.015000000000000000e+07	1.700000000000000000e+01
1.015500000000000000e+07	1.700000000000000000e+01
1.016000000000000000e+07	1.700000000000000000e+01
1.016500000000000000e+07	1.700000000000000000e+01
1.017000000000000000e+07	1.700000000000000000e+01
1.017500000000000000e+07	1.700000000000000000e+01
1.018000000000000000e+07	1.700000000000000000e+01
1.018500000000000000e+07	1.700000000000000000e+01
1.019000000000000000e+07	1.700000000000000000e+01
1.019500000000000000e+07	1.700000000000000000e+01
1.020000000000000000e+07	1.700000000000000000e+01
1.020500000000000000e+07	1.700000000000000000e+01
1.021000000000000000e+07	1.700000000000000000e+01
1.021500000000000000e+07	1.700000000000000000e+01
1.022000000000000000e+07	1.700000000000000000e+01
1.022500000000000000e+07	1.700000000000000000e+01
1.023000000000000000e+07	1.700000000000000000e+01
1.023500000000000000e+07	1.700000000000000000e+01
1.024000000000000000e+07	1.700000000000000000e+01
1.024500000000000000e+07	1.700000000000000000e+01
1.025000000000000000e+07	1.700000000000000000e+01
1.025500000000000000e+07	1.700000000000000000e+01
1.026000000000000000e+07	1.700000000000000000e+01
1.026500000000000000e+07	1.700000000000000000e+01
1.027000000000000000e+07	1.700000000000000000e+01
1.027500000000000000e+07	1.700000000000000000e+01
1.028000000000000000e+07	1.700000000000000000e+01
1.028500000000000000e+07	1.700000000000000000e+01
1.029000000000000000e+07	1.700000000000000000e+01
1.029500000000000000e+07	1.700000000000000000e+01
1.030000000000000000e+07	1.700000000000000000e+01
1.030500000000000000e+07	1.700000000000000000e+01
1.031000000000000000e+07	1.700000000000000000e+01
1.031500000000000000e+07	1.700000000000000000e+01
1.032000000000000000e+07	1.700000000000000000e+01
1.032500000000000000e+07	1.700000000000000000e+01
1.033000000000000000e+07	1.700000000000000000e+01
1.033500000000000000e+07	1.700000000000000000e+01
1.034000000000000000e+07	1.700000000000000000e+01
1.034500000000000000e+07	1.700000000000000000e+01
1.035000000000000000e+07	1.700000000000000000e+01
1.035500000000000000e+07	1.700000000000000000e+01
1.036000000000000000e+07	1.700000000000000000e+01
1.038000000000000000e+07	1.700000000000000000e+01
1.038500000000000000e+07	1.700000000000000000e+01
1.039000000000000000e+07	1.700000000000000000e+01
1.039500000000000000e+07	1.700000000000000000e+01
1.040000000000000000e+07	1.700000000000000000e+01
1.040500000000000000e+07	1.700000000000000000e+01
1.041500000000000000e+07	1.700000000000000000e+01
1.042000000000000000e+07	1.700000000000000000e+01
1.042500000000000000e+07	1.700000000000000000e+01
1.043000000000000000e+07	1.700000000000000000e+01
1.043500000000000000e+07	1.700000000000000000e+01
1.044000000000000000e+07	1.700000000000000000e+01
1.044500000000000000e+07	1.700000000000000000e+01
1.045000000000000000e+07	1.700000000000000000e+01
1.045500000000000000e+07	1.700000000000000000e+01
1.046000000000000000e+07	1.700000000000000000e+01
1.046500000000000000e+07	1.700000000000000000e+01
1.047000000000000000e+07	1.700000000000000000e+01
1.047500000000000000e+07	1.700000000000000000e+01
1.048000000000000000e+07	1.700000000000000000e+01
1.048500000000000000e+07	1.700000000000000000e+01
1.049000000000000000e+07	1.700000000000000000e+01
1.049500000000000000e+07	1.700000000000000000e+01
1.050000000000000000e+07	1.700000000000000000e+01
1.050500000000000000e+07	1.700000000000000000e+01
1.051000000000000000e+07	1.700000000000000000e+01
1.053000000000000000e+07	1.700000000000000000e+01
1.053500000000000000e+07	1.700000000000000000e+01
1.070500000000000000e+07	1.700000000000000000e+01
1.072500000000000000e+07	1.700000000000000000e+01
1.073000000000000000e+07	1.700000000000000000e+01
1.079500000000000000e+07	1.700000000000000000e+01
1.080500000000000000e+07	1.700000000000000000e+01
1.081000000000000000e+07	1.700000000000000000e+01
1.081500000000000000e+07	1.700000000000000000e+01
1.082000000000000000e+07	1.700000000000000000e+01
1.083000000000000000e+07	1.700000000000000000e+01
1.085000000000000000e+07	1.700000000000000000e+01
1.114500000000000000e+07	1.700000000000000000e+01
1.115000000000000000e+07	1.700000000000000000e+01
1.115500000000000000e+07	1.700000000000000000e+01
1.116000000000000000e+07	1.700000000000000000e+01
1.116500000000000000e+07	1.700000000000000000e+01
1.118500000000000000e+07	1.700000000000000000e+01
1.119000000000000000e+07	1.700000000000000000e+01
1.119500000000000000e+07	1.700000000000000000e+01
1.120000000000000000e+07	1.700000000000000000e+01
1.121000000000000000e+07	1.700000000000000000e+01
1.126000000000000000e+07	1.700000000000000000e+01
1.126500000000000000e+07	1.700000000000000000e+01
1.127000000000000000e+07	1.700000000000000000e+01
1.127500000000000000e+07	1.700000000000000000e+01
1.128000000000000000e+07	1.700000000000000000e+01
1.128500000000000000e+07	1.700000000000000000e+01
1.129000000000000000e+07	1.700000000000000000e+01
1.129500000000000000e+07	1.700000000000000000e+01
1.130000000000000000e+07	1.700000000000000000e+01
1.130500000000000000e+07	1.700000000000000000e+01
1.131000000000000000e+07	1.700000000000000000e+01
1.131500000000000000e+07	1.700000000000000000e+01
1.132000000000000000e+07	1.700000000000000000e+01
1.132500000000000000e+07	1.700000000000000000e+01
1.133000000000000000e+07	1.700000000000000000e+01
1.133500000000000000e+07	1.700000000000000000e+01
1.134000000000000000e+07	1.700000000000000000e+01
1.134500000000000000e+07	1.700000000000000000e+01
1.135000000000000000e+07	1.700000000000000000e+01
1.135500000000000000e+07	1.700000000000000000e+01
1.136000000000000000e+07	1.700000000000000000e+01
1.136500000000000000e+07	1.700000000000000000e+01
1.137000000000000000e+07	1.700000000000000000e+01
1.137500000000000000e+07	1.700000000000000000e+01
1.138000000000000000e+07	1.700000000000000000e+01
1.138500000000000000e+07	1.700000000000000000e+01
1.140000000000000000e+07	1.700000000000000000e+01
1.141000000000000000e+07	1.700000000000000000e+01
1.161500000000000000e+07	1.700000000000000000e+01
1.184000000000000000e+07	1.700000000000000000e+01
1.185000000000000000e+07	1.700000000000000000e+01
1.185500000000000000e+07	1.700000000000000000e+01
1.186000000000000000e+07	1.700000000000000000e+01
1.186500000000000000e+07	1.700000000000000000e+01
1.187000000000000000e+07	1.700000000000000000e+01
1.187500000000000000e+07	1.700000000000000000e+01
1.188000000000000000e+07	1.700000000000000000e+01
1.188500000000000000e+07	1.700000000000000000e+01
1.189000000000000000e+07	1.700000000000000000e+01
1.189500000000000000e+07	1.700000000000000000e+01
1.190000000000000000e+07	1.700000000000000000e+01
1.190500000000000000e+07	1.700000000000000000e+01
1.191000000000000000e+07	1.700000000000000000e+01
1.191500000000000000e+07	1.700000000000000000e+01
1.192000000000000000e+07	1.700000000000000000e+01
1.192500000000000000e+07	1.700000000000000000e+01
1.193000000000000000e+07	1.700000000000000000e+01
1.193500000000000000e+07	1.700000000000000000e+01
1.194000000000000000e+07	1.700000000000000000e+01
1.194500000000000000e+07	1.700000000000000000e+01
1.195000000000000000e+07	1.700000000000000000e+01
1.195500000000000000e+07	1.700000000000000000e+01
1.196000000000000000e+07	1.700000000000000000e+01
1.196500000000000000e+07	1.700000000000000000e+01
1.198500000000000000e+07	1.700000000000000000e+01
1.203000000000000000e+07	1.700000000000000000e+01
1.203500000000000000e+07	1.700000000000000000e+01
1.204000000000000000e+07	1.700000000000000000e+01
1.204500000000000000e+07	1.700000000000000000e+01
1.205000000000000000e+07	1.700000000000000000e+01
1.205500000000000000e+07	1.700000000000000000e+01
1.206000000000000000e+07	1.700000000000000000e+01
1.207000000000000000e+07	1.700000000000000000e+01
1.207500000000000000e+07	1.700000000000000000e+01
1.208000000000000000e+07	1.700000000000000000e+01
1.208500000000000000e+07	1.700000000000000000e+01
1.209000000000000000e+07	1.700000000000000000e+01
1.209500000000000000e+07	1.700000000000000000e+01
1.210000000000000000e+07	1.700000000000000000e+01
1.210500000000000000e+07	1.700000000000000000e+01
1.211000000000000000e+07	1.700000000000000000e+01
1.211500000000000000e+07	1.700000000000000000e+01
1.212000000000000000e+07	1.700000000000000000e+01
1.212500000000000000e+07	1.700000000000000000e+01
1.213000000000000000e+07	1.700000000000000000e+01
1.213500000000000000e+07	1.700000000000000000e+01
1.214000000000000000e+07	1.700000000000000000e+01
1.214500000000000000e+07	1.700000000000000000e+01
1.215000000000000000e+07	1.700000000000000000e+01
1.215500000000000000e+07	1.700000000000000000e+01
1.216000000000000000e+07	1.700000000000000000e+01
1.216500000000000000e+07	1.700000000000000000e+01
1.217000000000000000e+07	1.700000000000000000e+01
1.217500000000000000e+07	1.700000000000000000e+01
1.218000000000000000e+07	1.700000000000000000e+01
1.218500000000000000e+07	1.700000000000000000e+01
1.219000000000000000e+07	1.700000000000000000e+01
1.219500000000000000e+07	1.700000000000000000e+01
1.220000000000000000e+07	1.700000000000000000e+01
1.220500000000000000e+07	1.700000000000000000e+01
1.221000000000000000e+07	1.700000000000000000e+01
1.221500000000000000e+07	1.700000000000000000e+01
1.222000000000000000e+07	1.700000000000000000e+01
1.222500000000000000e+07	1.700000000000000000e+01
1.223000000000000000e+07	1.700000000000000000e+01
1.223500000000000000e+07	1.700000000000000000e+01
1.224000000000000000e+07	1.700000000000000000e+01
1.224500000000000000e+07	1.700000000000000000e+01
1.225000000000000000e+07	1.700000000000000000e+01
1.225500000000000000e+07	1.700000000000000000e+01
1.226000000000000000e+07	1.700000000000000000e+01
1.227000000000000000e+07	1.700000000000000000e+01
1.227500000000000000e+07	1.700000000000000000e+01
1.228000000000000000e+07	1.700000000000000000e+01
1.228500000000000000e+07	1.700000000000000000e+01
1.229000000000000000e+07	1.700000000000000000e+01
1.229500000000000000e+07	1.700000000000000000e+01
1.230000000000000000e+07	1.700000000000000000e+01
1.230500000000000000e+07	1.700000000000000000e+01
1.231000000000000000e+07	1.700000000000000000e+01
1.231500000000000000e+07	1.700000000000000000e+01
1.232000000000000000e+07	1.700000000000000000e+01
1.232500000000000000e+07	1.700000000000000000e+01
1.233000000000000000e+07	1.700000000000000000e+01
1.233500000000000000e+07	1.700000000000000000e+01
1.234000000000000000e+07	1.700000000000000000e+01
1.234500000000000000e+07	1.700000000000000000e+01
1.235500000000000000e+07	1.700000000000000000e+01
1.236000000000000000e+07	1.700000000000000000e+01
1.236500000000000000e+07	1.700000000000000000e+01
1.237000000000000000e+07	1.700000000000000000e+01
1.237500000000000000e+07	1.700000000000000000e+01
1.238000000000000000e+07	1.700000000000000000e+01
1.238500000000000000e+07	1.700000000000000000e+01
1.239000000000000000e+07	1.700000000000000000e+01
1.239500000000000000e+07	1.700000000000000000e+01
1.240000000000000000e+07	1.700000000000000000e+01
1.240500000000000000e+07	1.700000000000000000e+01
1.241000000000000000e+07	1.700000000000000000e+01
1.241500000000000000e+07	1.700000000000000000e+01
1.242000000000000000e+07	1.700000000000000000e+01
1.242500000000000000e+07	1.700000000000000000e+01
1.278000000000000000e+07	1.700000000000000000e+01
1.278500000000000000e+07	1.700000000000000000e+01
1.279000000000000000e+07	1.700000000000000000e+01
1.279500000000000000e+07	1.700000000000000000e+01
1.280000000000000000e+07	1.700000000000000000e+01
1.280500000000000000e+07	1.700000000000000000e+01
1.281000000000000000e+07	1.700000000000000000e+01
1.281500000000000000e+07	1.700000000000000000e+01
1.282000000000000000e+07	1.700000000000000000e+01
1.282500000000000000e+07	1.700000000000000000e+01
1.283000000000000000e+07	1.700000000000000000e+01
1.283500000000000000e+07	1.700000000000000000e+01
1.284000000000000000e+07	1.700000000000000000e+01
1.284500000000000000e+07	1.700000000000000000e+01
1.285000000000000000e+07	1.700000000000000000e+01
1.285500000000000000e+07	1.700000000000000000e+01
1.286000000000000000e+07	1.700000000000000000e+01
1.286500000000000000e+07	1.700000000000000000e+01
1.287000000000000000e+07	1.700000000000000000e+01
1.287500000000000000e+07	1.700000000000000000e+01
1.288000000000000000e+07	1.700000000000000000e+01
1.288500000000000000e+07	1.700000000000000000e+01
1.289000000000000000e+07	1.700000000000000000e+01
1.289500000000000000e+07	1.700000000000000000e+01
1.290000000000000000e+07	1.700000000000000000e+01
1.290500000000000000e+07	1.700000000000000000e+01
1.291000000000000000e+07	1.700000000000000000e+01
1.291500000000000000e+07	1.700000000000000000e+01
1.292000000000000000e+07	1.700000000000000000e+01
1.292500000000000000e+07	1.700000000000000000e+01
1.293000000000000000e+07	1.700000000000000000e+01
1.293500000000000000e+07	1.700000000000000000e+01
1.294000000000000000e+07	1.700000000000000000e+01
1.294500000000000000e+07	1.700000000000000000e+01
1.295000000000000000e+07	1.700000000000000000e+01
1.295500000000000000e+07	1.700000000000000000e+01
1.296000000000000000e+07	1.700000000000000000e+01
1.296500000000000000e+07	1.700000000000000000e+01
1.297000000000000000e+07	1.700000000000000000e+01
1.297500000000000000e+07	1.700000000000000000e+01
1.298000000000000000e+07	1.700000000000000000e+01
1.298500000000000000e+07	1.700000000000000000e+01
1.299000000000000000e+07	1.700000000000000000e+01
1.299500000000000000e+07	1.700000000000000000e+01
1.301000000000000000e+07	1.700000000000000000e+01
1.305500000000000000e+07	1.700000000000000000e+01
1.339000000000000000e+07	1.700000000000000000e+01
1.619000000000000000e+07	1.700000000000000000e+01
1.619500000000000000e+07	1.700000000000000000e+01
1.625000000000000000e+07	1.700000000000000000e+01
1.630000000000000000e+07	1.700000000000000000e+01
1.630500000000000000e+07	1.700000000000000000e+01
1.640000000000000000e+07	1.700000000000000000e+01
1.640500000000000000e+07	1.700000000000000000e+01
1.641000000000000000e+07	1.700000000000000000e+01
1.641500000000000000e+07	1.700000000000000000e+01
1.642000000000000000e+07	1.700000000000000000e+01
1.642500000000000000e+07	1.700000000000000000e+01
1.643000000000000000e+07	1.700000000000000000e+01
1.740000000000000000e+07	1.700000000000000000e+01
1.740500000000000000e+07	1.700000000000000000e+01
1.741000000000000000e+07	1.700000000000000000e+01
1.741500000000000000e+07	1.700000000000000000e+01
1.756000000000000000e+07	1.700000000000000000e+01
1.832000000000000000e+07	1.700000000000000000e+01
1.861000000000000000e+07	1.700000000000000000e+01
1.861500000000000000e+07	1.700000000000000000e+01
1.865000000000000000e+07	1.700000000000000000e+01
1.865500000000000000e+07	1.700000000000000000e+01
1.867000000000000000e+07	1.700000000000000000e+01
1.867500000000000000e+07	1.700000000000000000e+01
1.868500000000000000e+07	1.700000000000000000e+01
1.869000000000000000e+07	1.700000000000000000e+01
1.869500000000000000e+07	1.700000000000000000e+01
1.870000000000000000e+07	1.700000000000000000e+01
1.870500000000000000e+07	1.700000000000000000e+01
1.871000000000000000e+07	1.700000000000000000e+01
1.871500000000000000e+07	1.700000000000000000e+01
1.872000000000000000e+07	1.700000000000000000e+01
1.872500000000000000e+07	1.700000000000000000e+01
1.873000000000000000e+07	1.700000000000000000e+01
1.873500000000000000e+07	1.700000000000000000e+01
1.874000000000000000e+07	1.700000000000000000e+01
1.874500000000000000e+07	1.700000000000000000e+01
1.875000000000000000e+07	1.700000000000000000e+01
1.875500000000000000e+07	1.700000000000000000e+01
1.876000000000000000e+07	1.700000000000000000e+01
1.879500000000000000e+07	1.700000000000000000e+01
1.880000000000000000e+07	1.700000000000000000e+01
1.882000000000000000e+07	1.700000000000000000e+01
1.882500000000000000e+07	1.700000000000000000e+01
1.883000000000000000e+07	1.700000000000000000e+01
1.883500000000000000e+07	1.700000000000000000e+01
1.889000000000000000e+07	1.700000000000000000e+01
1.889500000000000000e+07	1.700000000000000000e+01
1.891000000000000000e+07	1.700000000000000000e+01
2.186000000000000000e+07	1.700000000000000000e+01
2.187000000000000000e+07	1.700000000000000000e+01
2.187500000000000000e+07	1.700000000000000000e+01
2.188000000000000000e+07	1.700000000000000000e+01
2.188500000000000000e+07	1.700000000000000000e+01
2.196000000000000000e+07	1.700000000000000000e+01
2.196500000000000000e+07	1.700000000000000000e+01
2.198000000000000000e+07	1.700000000000000000e+01
2.198500000000000000e+07	1.700000000000000000e+01
2.199000000000000000e+07	1.700000000000000000e+01
2.199500000000000000e+07	1.700000000000000000e+01
2.200500000000000000e+07	1.700000000000000000e+01
2.201000000000000000e+07	1.700000000000000000e+01
2.201500000000000000e+07	1.700000000000000000e+01
2.202000000000000000e+07	1.700000000000000000e+01
2.202500000000000000e+07	1.700000000000000000e+01
2.203000000000000000e+07	1.700000000000000000e+01
2.203500000000000000e+07	1.700000000000000000e+01
2.204000000000000000e+07	1.700000000000000000e+01
2.204500000000000000e+07	1.700000000000000000e+01
2.205000000000000000e+07	1.700000000000000000e+01
2.205500000000000000e+07	1.700000000000000000e+01
2.206000000000000000e+07	1.700000000000000000e+01
2.207000000000000000e+07	1.700000000000000000e+01
2.208000000000000000e+07	1.700000000000000000e+01
2.208500000000000000e+07	1.700000000000000000e+01
2.209000000000000000e+07	1.700000000000000000e+01
2.209500000000000000e+07	1.700000000000000000e+01
2.210000000000000000e+07	1.700000000000000000e+01
2.210500000000000000e+07	1.700000000000000000e+01
2.211000000000000000e+07	1.700000000000000000e+01
2.211500000000000000e+07	1.700000000000000000e+01
2.212000000000000000e+07	1.700000000000000000e+01
2.212500000000000000e+07	1.700000000000000000e+01
2.213000000000000000e+07	1.700000000000000000e+01
2.213500000000000000e+07	1.700000000000000000e+01
2.214000000000000000e+07	1.700000000000000000e+01
2.214500000000000000e+07	1.700000000000000000e+01
2.215000000000000000e+07	1.700000000000000000e+01
2.215500000000000000e+07	1.700000000000000000e+01
2.216000000000000000e+07	1.700000000000000000e+01
2.218000000000000000e+07	1.700000000000000000e+01
2.218500000000000000e+07	1.700000000000000000e+01
2.219000000000000000e+07	1.700000000000000000e+01
2.219500000000000000e+07	1.700000000000000000e+01
2.220000000000000000e+07	1.700000000000000000e+01
2.220500000000000000e+07	1.700000000000000000e+01
2.221000000000000000e+07	1.700000000000000000e+01
2.221500000000000000e+07	1.700000000000000000e+01
2.222000000000000000e+07	1.700000000000000000e+01
2.222500000000000000e+07	1.700000000000000000e+01
2.223000000000000000e+07	1.700000000000000000e+01
2.224000000000000000e+07	1.700000000000000000e+01
2.225500000000000000e+07	1.700000000000000000e+01
2.226500000000000000e+07	1.700000000000000000e+01
2.227500000000000000e+07	1.700000000000000000e+01
2.228000000000000000e+07	1.700000000000000000e+01
2.230000000000000000e+07	1.700000000000000000e+01
2.230500000000000000e+07	1.700000000000000000e+01
2.231000000000000000e+07	1.700000000000000000e+01
2.231500000000000000e+07	1.700000000000000000e+01
2.232000000000000000e+07	1.700000000000000000e+01
2.232500000000000000e+07	1.700000000000000000e+01
2.233000000000000000e+07	1.700000000000000000e+01
2.233500000000000000e+07	1.700000000000000000e+01
2.234000000000000000e+07	1.700000000000000000e+01
2.234500000000000000e+07	1.700000000000000000e+01
2.235000000000000000e+07	1.700000000000000000e+01
2.235500000000000000e+07	1.700000000000000000e+01
2.236000000000000000e+07	1.700000000000000000e+01
2.236500000000000000e+07	1.700000000000000000e+01
2.237000000000000000e+07	1.700000000000000000e+01
2.237500000000000000e+07	1.700000000000000000e+01
2.238000000000000000e+07	1.700000000000000000e+01
2.238500000000000000e+07	1.700000000000000000e+01
2.239000000000000000e+07	1.700000000000000000e+01
2.239500000000000000e+07	1.700000000000000000e+01
2.240000000000000000e+07	1.700000000000000000e+01
2.240500000000000000e+07	1.700000000000000000e+01
2.241000000000000000e+07	1.700000000000000000e+01
2.241500000000000000e+07	1.700000000000000000e+01
2.242000000000000000e+07	1.700000000000000000e+01
2.242500000000000000e+07	1.700000000000000000e+01
2.243000000000000000e+07	1.700000000000000000e+01
2.243500000000000000e+07	1.700000000000000000e+01
2.244000000000000000e+07	1.700000000000000000e+01
2.244500000000000000e+07	1.700000000000000000e+01
2.245000000000000000e+07	1.700000000000000000e+01
2.245500000000000000e+07	1.700000000000000000e+01
2.246000000000000000e+07	1.700000000000000000e+01
2.246500000000000000e+07	1.700000000000000000e+01
2.247000000000000000e+07	1.700000000000000000e+01
2.247500000000000000e+07	1.700000000000000000e+01
2.248000000000000000e+07	1.700000000000000000e+01
2.248500000000000000e+07	1.700000000000000000e+01
2.249000000000000000e+07	1.700000000000000000e+01
2.249500000000000000e+07	1.700000000000000000e+01
2.250000000000000000e+07	1.700000000000000000e+01
2.250500000000000000e+07	1.700000000000000000e+01
2.251000000000000000e+07	1.700000000000000000e+01
2.251500000000000000e+07	1.700000000000000000e+01
2.252000000000000000e+07	1.700000000000000000e+01
2.252500000000000000e+07	1.700000000000000000e+01
2.253000000000000000e+07	1.700000000000000000e+01
2.253500000000000000e+07	1.700000000000000000e+01
2.254000000000000000e+07	1.700000000000000000e+01
2.254500000000000000e+07	1.700000000000000000e+01
2.255000000000000000e+07	1.700000000000000000e+01
2.255500000000000000e+07	1.700000000000000000e+01
2.256000000000000000e+07	1.700000000000000000e+01
2.256500000000000000e+07	1.700000000000000000e+01
2.257000000000000000e+07	1.700000000000000000e+01
2.257500000000000000e+07	1.700000000000000000e+01
2.258000000000000000e+07	1.700000000000000000e+01
2.258500000000000000e+07	1.700000000000000000e+01
2.259000000000000000e+07	1.700000000000000000e+01
2.259500000000000000e+07	1.700000000000000000e+01
2.260000000000000000e+07	1.700000000000000000e+01
2.260500000000000000e+07	1.700000000000000000e+01
2.261000000000000000e+07	1.700000000000000000e+01
2.261500000000000000e+07	1.700000000000000000e+01
2.262000000000000000e+07	1.700000000000000000e+01
2.262500000000000000e+07	1.700000000000000000e+01
2.263000000000000000e+07	1.700000000000000000e+01
2.263500000000000000e+07	1.700000000000000000e+01
2.264000000000000000e+07	1.700000000000000000e+01
2.264500000000000000e+07	1.700000000000000000e+01
2.265000000000000000e+07	1.700000000000000000e+01
2.265500000000000000e+07	1.700000000000000000e+01
2.266000000000000000e+07	1.700000000000000000e+01
2.266500000000000000e+07	1.700000000000000000e+01
2.267000000000000000e+07	1.700000000000000000e+01
2.267500000000000000e+07	1.700000000000000000e+01
2.268000000000000000e+07	1.700000000000000000e+01
2.268500000000000000e+07	1.700000000000000000e+01
2.269000000000000000e+07	1.700000000000000000e+01
2.269500000000000000e+07	1.700000000000000000e+01
2.270000000000000000e+07	1.700000000000000000e+01
2.270500000000000000e+07	1.700000000000000000e+01
2.271000000000000000e+07	1.700000000000000000e+01
2.271500000000000000e+07	1.700000000000000000e+01
2.272000000000000000e+07	1.700000000000000000e+01
2.272500000000000000e+07	1.700000000000000000e+01
2.273000000000000000e+07	1.700000000000000000e+01
2.273500000000000000e+07	1.700000000000000000e+01
2.274000000000000000e+07	1.700000000000000000e+01
2.274500000000000000e+07	1.700000000000000000e+01
2.275000000000000000e+07	1.700000000000000000e+01
2.275500000000000000e+07	1.700000000000000000e+01
2.276000000000000000e+07	1.700000000000000000e+01
2.276500000000000000e+07	1.700000000000000000e+01
2.277000000000000000e+07	1.700000000000000000e+01
2.277500000000000000e+07	1.700000000000000000e+01
2.278000000000000000e+07	1.700000000000000000e+01
2.278500000000000000e+07	1.700000000000000000e+01
2.279000000000000000e+07	1.700000000000000000e+01
2.279500000000000000e+07	1.700000000000000000e+01
2.280000000000000000e+07	1.700000000000000000e+01
2.280500000000000000e+07	1.700000000000000000e+01
2.281000000000000000e+07	1.700000000000000000e+01
2.281500000000000000e+07	1.700000000000000000e+01
2.282000000000000000e+07	1.700000000000000000e+01
2.282500000000000000e+07	1.700000000000000000e+01
2.283000000000000000e+07	1.700000000000000000e+01
2.283500000000000000e+07	1.700000000000000000e+01
2.284000000000000000e+07	1.700000000000000000e+01
2.284500000000000000e+07	1.700000000000000000e+01
2.285000000000000000e+07	1.700000000000000000e+01
2.285500000000000000e+07	1.700000000000000000e+01
2.286000000000000000e+07	1.700000000000000000e+01
2.286500000000000000e+07	1.700000000000000000e+01
2.287000000000000000e+07	1.700000000000000000e+01
2.287500000000000000e+07	1.700000000000000000e+01
2.288000000000000000e+07	1.700000000000000000e+01
2.288500000000000000e+07	1.700000000000000000e+01
2.289000000000000000e+07	1.700000000000000000e+01
2.289500000000000000e+07	1.700000000000000000e+01
2.290000000000000000e+07	1.700000000000000000e+01
2.290500000000000000e+07	1.700000000000000000e+01
2.291000000000000000e+07	1.700000000000000000e+01
2.291500000000000000e+07	1.700000000000000000e+01
2.292000000000000000e+07	1.700000000000000000e+01
2.292500000000000000e+07	1.700000000000000000e+01
2.293000000000000000e+07	1.700000000000000000e+01
2.293500000000000000e+07	1.700000000000000000e+01
2.294000000000000000e+07	1.700000000000000000e+01
2.294500000000000000e+07	1.700000000000000000e+01
2.295000000000000000e+07	1.700000000000000000e+01
2.295500000000000000e+07	1.700000000000000000e+01
2.296000000000000000e+07	1.700000000000000000e+01
2.296500000000000000e+07	1.700000000000000000e+01
2.297000000000000000e+07	1.700000000000000000e+01
2.297500000000000000e+07	1.700000000000000000e+01
2.298000000000000000e+07	1.700000000000000000e+01
2.298500000000000000e+07	1.700000000000000000e+01
2.299000000000000000e+07	1.700000000000000000e+01
2.299500000000000000e+07	1.700000000000000000e+01
2.300000000000000000e+07	1.700000000000000000e+01
2.300500000000000000e+07	1.700000000000000000e+01
2.301000000000000000e+07	1.700000000000000000e+01
2.301500000000000000e+07	1.700000000000000000e+01
2.302000000000000000e+07	1.700000000000000000e+01
2.302500000000000000e+07	1.700000000000000000e+01
2.303000000000000000e+07	1.700000000000000000e+01
2.303500000000000000e+07	1.700000000000000000e+01
2.304000000000000000e+07	1.700000000000000000e+01
2.304500000000000000e+07	1.700000000000000000e+01
2.305000000000000000e+07	1.700000000000000000e+01
2.305500000000000000e+07	1.700000000000000000e+01
2.306000000000000000e+07	1.700000000000000000e+01
2.306500000000000000e+07	1.700000000000000000e+01
2.307000000000000000e+07	1.700000000000000000e+01
2.307500000000000000e+07	1.700000000000000000e+01
2.308000000000000000e+07	1.700000000000000000e+01
2.308500000000000000e+07	1.700000000000000000e+01
2.309000000000000000e+07	1.700000000000000000e+01
2.309500000000000000e+07	1.700000000000000000e+01
2.310000000000000000e+07	1.700000000000000000e+01
2.310500000000000000e+07	1.700000000000000000e+01
2.311000000000000000e+07	1.700000000000000000e+01
2.311500000000000000e+07	1.700000000000000000e+01
2.312000000000000000e+07	1.700000000000000000e+01
2.312500000000000000e+07	1.700000000000000000e+01
2.313000000000000000e+07	1.700000000000000000e+01
2.313500000000000000e+07	1.700000000000000000e+01
2.314000000000000000e+07	1.700000000000000000e+01
2.314500000000000000e+07	1.700000000000000000e+01
2.315000000000000000e+07	1.700000000000000000e+01
2.315500000000000000e+07	1.700000000000000000e+01
2.316000000000000000e+07	1.700000000000000000e+01
2.316500000000000000e+07	1.700000000000000000e+01
2.317000000000000000e+07	1.700000000000000000e+01
2.317500000000000000e+07	1.700000000000000000e+01
2.318000000000000000e+07	1.700000000000000000e+01
2.318500000000000000e+07	1.700000000000000000e+01
2.319000000000000000e+07	1.700000000000000000e+01
2.319500000000000000e+07	1.700000000000000000e+01
2.320000000000000000e+07	1.700000000000000000e+01
2.320500000000000000e+07	1.700000000000000000e+01
2.321000000000000000e+07	1.700000000000000000e+01
2.321500000000000000e+07	1.700000000000000000e+01
2.322000000000000000e+07	1.700000000000000000e+01
2.322500000000000000e+07	1.700000000000000000e+01
2.323000000000000000e+07	1.700000000000000000e+01
2.323500000000000000e+07	1.700000000000000000e+01
2.324000000000000000e+07	1.700000000000000000e+01
2.324500000000000000e+07	1.700000000000000000e+01
2.325000000000000000e+07	1.700000000000000000e+01
2.325500000000000000e+07	1.700000000000000000e+01
2.326000000000000000e+07	1.700000000000000000e+01
2.326500000000000000e+07	1.700000000000000000e+01
2.327000000000000000e+07	1.700000000000000000e+01
2.327500000000000000e+07	1.700000000000000000e+01
2.328000000000000000e+07	1.700000000000000000e+01
2.328500000000000000e+07	1.700000000000000000e+01
2.329000000000000000e+07	1.700000000000000000e+01
2.329500000000000000e+07	1.700000000000000000e+01
2.330000000000000000e+07	1.700000000000000000e+01
2.330500000000000000e+07	1.700000000000000000e+01
2.331000000000000000e+07	1.700000000000000000e+01
2.331500000000000000e+07	1.700000000000000000e+01
2.332000000000000000e+07	1.700000000000000000e+01
2.332500000000000000e+07	1.700000000000000000e+01
2.333000000000000000e+07	1.700000000000000000e+01
2.333500000000000000e+07	1.700000000000000000e+01
2.334000000000000000e+07	1.700000000000000000e+01
2.334500000000000000e+07	1.700000000000000000e+01
2.335000000000000000e+07	1.700000000000000000e+01
2.335500000000000000e+07	1.700000000000000000e+01
2.336000000000000000e+07	1.700000000000000000e+01
2.336500000000000000e+07	1.700000000000000000e+01
2.337000000000000000e+07	1.700000000000000000e+01
2.337500000000000000e+07	1.700000000000000000e+01
2.338000000000000000e+07	1.700000000000000000e+01
2.338500000000000000e+07	1.700000000000000000e+01
2.339000000000000000e+07	1.700000000000000000e+01
2.339500000000000000e+07	1.700000000000000000e+01
2.340000000000000000e+07	1.700000000000000000e+01
2.340500000000000000e+07	1.700000000000000000e+01
2.341000000000000000e+07	1.700000000000000000e+01
2.341500000000000000e+07	1.700000000000000000e+01
2.342000000000000000e+07	1.700000000000000000e+01
2.342500000000000000e+07	1.700000000000000000e+01
2.343000000000000000e+07	1.700000000000000000e+01
2.343500000000000000e+07	1.700000000000000000e+01
2.346000000000000000e+07	1.700000000000000000e+01
2.346500000000000000e+07	1.700000000000000000e+01
2.347000000000000000e+07	1.700000000000000000e+01
2.347500000000000000e+07	1.700000000000000000e+01
2.348500000000000000e+07	1.700000000000000000e+01
2.349000000000000000e+07	1.700000000000000000e+01
2.349500000000000000e+07	1.700000000000000000e+01
2.350000000000000000e+07	1.700000000000000000e+01
2.350500000000000000e+07	1.700000000000000000e+01
2.351000000000000000e+07	1.700000000000000000e+01
2.351500000000000000e+07	1.700000000000000000e+01
2.352000000000000000e+07	1.700000000000000000e+01
2.352500000000000000e+07	1.700000000000000000e+01
2.353000000000000000e+07	1.700000000000000000e+01
2.353500000000000000e+07	1.700000000000000000e+01
2.355500000000000000e+07	1.700000000000000000e+01
2.356000000000000000e+07	1.700000000000000000e+01
2.356500000000000000e+07	1.700000000000000000e+01
2.364000000000000000e+07	1.700000000000000000e+01
2.364500000000000000e+07	1.700000000000000000e+01
2.365000000000000000e+07	1.700000000000000000e+01
2.365500000000000000e+07	1.700000000000000000e+01
2.366000000000000000e+07	1.700000000000000000e+01
2.366500000000000000e+07	1.700000000000000000e+01
2.367000000000000000e+07	1.700000000000000000e+01
2.367500000000000000e+07	1.700000000000000000e+01
2.368000000000000000e+07	1.700000000000000000e+01
2.368500000000000000e+07	1.700000000000000000e+01
2.369000000000000000e+07	1.700000000000000000e+01
2.369500000000000000e+07	1.700000000000000000e+01
2.370000000000000000e+07	1.700000000000000000e+01
2.370500000000000000e+07	1.700000000000000000e+01
2.372500000000000000e+07	1.700000000000000000e+01
2.373000000000000000e+07	1.700000000000000000e+01
2.373500000000000000e+07	1.700000000000000000e+01
2.374000000000000000e+07	1.700000000000000000e+01
2.374500000000000000e+07	1.700000000000000000e+01
2.375000000000000000e+07	1.700000000000000000e+01
2.375500000000000000e+07	1.700000000000000000e+01
2.376000000000000000e+07	1.700000000000000000e+01
2.376500000000000000e+07	1.700000000000000000e+01
2.377000000000000000e+07	1.700000000000000000e+01
2.377500000000000000e+07	1.700000000000000000e+01
2.378000000000000000e+07	1.700000000000000000e+01
2.379000000000000000e+07	1.700000000000000000e+01
2.385500000000000000e+07	1.700000000000000000e+01
2.386000000000000000e+07	1.700000000000000000e+01
2.386500000000000000e+07	1.700000000000000000e+01
2.387000000000000000e+07	1.700000000000000000e+01
2.387500000000000000e+07	1.700000000000000000e+01
2.389000000000000000e+07	1.700000000000000000e+01
2.389500000000000000e+07	1.700000000000000000e+01
2.390000000000000000e+07	1.700000000000000000e+01
2.390500000000000000e+07	1.700000000000000000e+01
2.391000000000000000e+07	1.700000000000000000e+01
2.391500000000000000e+07	1.700000000000000000e+01
2.392000000000000000e+07	1.700000000000000000e+01
2.392500000000000000e+07	1.700000000000000000e+01
2.393000000000000000e+07	1.700000000000000000e+01
2.393500000000000000e+07	1.700000000000000000e+01
2.394000000000000000e+07	1.700000000000000000e+01
2.394500000000000000e+07	1.700000000000000000e+01
2.395000000000000000e+07	1.700000000000000000e+01
2.395500000000000000e+07	1.700000000000000000e+01
2.396000000000000000e+07	1.700000000000000000e+01
2.396500000000000000e+07	1.700000000000000000e+01
2.397000000000000000e+07	1.700000000000000000e+01
2.397500000000000000e+07	1.700000000000000000e+01
2.398000000000000000e+07	1.700000000000000000e+01
2.398500000000000000e+07	1.700000000000000000e+01
2.399000000000000000e+07	1.700000000000000000e+01
2.399500000000000000e+07	1.700000000000000000e+01
2.400000000000000000e+07	1.700000000000000000e+01
2.400500000000000000e+07	1.700000000000000000e+01
2.401000000000000000e+07	1.700000000000000000e+01
2.401500000000000000e+07	1.700000000000000000e+01
2.402000000000000000e+07	1.700000000000000000e+01
2.402500000000000000e+07	1.700000000000000000e+01
2.403000000000000000e+07	1.700000000000000000e+01
2.403500000000000000e+07	1.700000000000000000e+01
2.404000000000000000e+07	1.700000000000000000e+01
2.404500000000000000e+07	1.700000000000000000e+01
2.405000000000000000e+07	1.700000000000000000e+01
2.405500000000000000e+07	1.700000000000000000e+01
2.406000000000000000e+07	1.700000000000000000e+01
2.406500000000000000e+07	1.700000000000000000e+01
2.407000000000000000e+07	1.700000000000000000e+01
2.407500000000000000e+07	1.700000000000000000e+01
2.408000000000000000e+07	1.700000000000000000e+01
2.408500000000000000e+07	1.700000000000000000e+01
2.409000000000000000e+07	1.700000000000000000e+01
2.409500000000000000e+07	1.700000000000000000e+01
2.410000000000000000e+07	1.700000000000000000e+01
2.410500000000000000e+07	1.700000000000000000e+01
2.411000000000000000e+07	1.700000000000000000e+01
2.411500000000000000e+07	1.700000000000000000e+01
2.412000000000000000e+07	1.700000000000000000e+01
2.412500000000000000e+07	1.700000000000000000e+01
2.413000000000000000e+07	1.700000000000000000e+01
2.413500000000000000e+07	1.700000000000000000e+01
2.414000000000000000e+07	1.700000000000000000e+01
2.414500000000000000e+07	1.700000000000000000e+01
2.415000000000000000e+07	1.700000000000000000e+01
2.415500000000000000e+07	1.700000000000000000e+01
2.416000000000000000e+07	1.700000000000000000e+01
2.416500000000000000e+07	1.700000000000000000e+01
2.417000000000000000e+07	1.700000000000000000e+01
2.417500000000000000e+07	1.700000000000000000e+01
2.418000000000000000e+07	1.700000000000000000e+01
2.418500000000000000e+07	1.700000000000000000e+01
2.419000000000000000e+07	1.700000000000000000e+01
2.419500000000000000e+07	1.700000000000000000e+01
2.420000000000000000e+07	1.700000000000000000e+01
2.420500000000000000e+07	1.700000000000000000e+01
2.421000000000000000e+07	1.700000000000000000e+01
2.421500000000000000e+07	1.700000000000000000e+01
2.422000000000000000e+07	1.700000000000000000e+01
2.422500000000000000e+07	1.700000000000000000e+01
2.423000000000000000e+07	1.700000000000000000e+01
2.423500000000000000e+07	1.700000000000000000e+01
2.424000000000000000e+07	1.700000000000000000e+01
2.424500000000000000e+07	1.700000000000000000e+01
2.425000000000000000e+07	1.700000000000000000e+01
2.425500000000000000e+07	1.700000000000000000e+01
2.426000000000000000e+07	1.700000000000000000e+01
2.426500000000000000e+07	1.700000000000000000e+01
2.427000000000000000e+07	1.700000000000000000e+01
2.427500000000000000e+07	1.700000000000000000e+01
2.428000000000000000e+07	1.700000000000000000e+01
2.428500000000000000e+07	1.700000000000000000e+01
2.429000000000000000e+07	1.700000000000000000e+01
2.429500000000000000e+07	1.700000000000000000e+01
2.430000000000000000e+07	1.700000000000000000e+01
2.430500000000000000e+07	1.700000000000000000e+01
2.431000000000000000e+07	1.700000000000000000e+01
2.431500000000000000e+07	1.700000000000000000e+01
2.432000000000000000e+07	1.700000000000000000e+01
2.432500000000000000e+07	1.700000000000000000e+01
2.433000000000000000e+07	1.700000000000000000e+01
2.433500000000000000e+07	1.700000000000000000e+01
2.434000000000000000e+07	1.700000000000000000e+01
2.434500000000000000e+07	1.700000000000000000e+01
2.435000000000000000e+07	1.700000000000000000e+01
2.435500000000000000e+07	1.700000000000000000e+01
2.436000000000000000e+07	1.700000000000000000e+01
2.436500000000000000e+07	1.700000000000000000e+01
2.437000000000000000e+07	1.700000000000000000e+01
2.437500000000000000e+07	1.700000000000000000e+01
2.438000000000000000e+07	1.700000000000000000e+01
2.438500000000000000e+07	1.700000000000000000e+01
2.439000000000000000e+07	1.700000000000000000e+01
2.439500000000000000e+07	1.700000000000000000e+01
2.440000000000000000e+07	1.700000000000000000e+01
2.440500000000000000e+07	1.700000000000000000e+01
2.441000000000000000e+07	1.700000000000000000e+01
2.441500000000000000e+07	1.700000000000000000e+01
2.442000000000000000e+07	1.700000000000000000e+01
2.442500000000000000e+07	1.700000000000000000e+01
2.443000000000000000e+07	1.700000000000000000e+01
2.443500000000000000e+07	1.700000000000000000e+01
2.444000000000000000e+07	1.700000000000000000e+01
2.444500000000000000e+07	1.700000000000000000e+01
2.445000000000000000e+07	1.700000000000000000e+01
2.445500000000000000e+07	1.700000000000000000e+01
2.446000000000000000e+07	1.700000000000000000e+01
2.446500000000000000e+07	1.700000000000000000e+01
2.447000000000000000e+07	1.700000000000000000e+01
2.447500000000000000e+07	1.700000000000000000e+01
2.448000000000000000e+07	1.700000000000000000e+01
2.448500000000000000e+07	1.700000000000000000e+01
2.449000000000000000e+07	1.700000000000000000e+01
2.449500000000000000e+07	1.700000000000000000e+01
2.450000000000000000e+07	1.700000000000000000e+01
2.450500000000000000e+07	1.700000000000000000e+01
2.451000000000000000e+07	1.700000000000000000e+01
2.451500000000000000e+07	1.700000000000000000e+01
2.452000000000000000e+07	1.700000000000000000e+01
2.452500000000000000e+07	1.700000000000000000e+01
2.453000000000000000e+07	1.700000000000000000e+01
2.453500000000000000e+07	1.700000000000000000e+01
2.454000000000000000e+07	1.700000000000000000e+01
2.454500000000000000e+07	1.700000000000000000e+01
2.455000000000000000e+07	1.700000000000000000e+01
2.455500000000000000e+07	1.700000000000000000e+01
2.456000000000000000e+07	1.700000000000000000e+01
2.456500000000000000e+07	1.700000000000000000e+01
2.457000000000000000e+07	1.700000000000000000e+01
2.457500000000000000e+07	1.700000000000000000e+01
2.458000000000000000e+07	1.700000000000000000e+01
2.458500000000000000e+07	1.700000000000000000e+01
2.459000000000000000e+07	1.700000000000000000e+01
2.459500000000000000e+07	1.700000000000000000e+01
2.461000000000000000e+07	1.700000000000000000e+01
2.461500000000000000e+07	1.700000000000000000e+01
2.462000000000000000e+07	1.700000000000000000e+01
2.462500000000000000e+07	1.700000000000000000e+01
2.463000000000000000e+07	1.700000000000000000e+01
2.463500000000000000e+07	1.700000000000000000e+01
2.464000000000000000e+07	1.700000000000000000e+01
2.464500000000000000e+07	1.700000000000000000e+01
2.465000000000000000e+07	1.700000000000000000e+01
2.465500000000000000e+07	1.700000000000000000e+01
2.466000000000000000e+07	1.700000000000000000e+01
2.466500000000000000e+07	1.700000000000000000e+01
2.467000000000000000e+07	1.700000000000000000e+01
2.467500000000000000e+07	1.700000000000000000e+01
2.468000000000000000e+07	1.700000000000000000e+01
2.468500000000000000e+07	1.700000000000000000e+01
2.469000000000000000e+07	1.700000000000000000e+01
2.469500000000000000e+07	1.700000000000000000e+01
2.470000000000000000e+07	1.700000000000000000e+01
2.470500000000000000e+07	1.700000000000000000e+01
2.471000000000000000e+07	1.700000000000000000e+01
2.471500000000000000e+07	1.700000000000000000e+01
2.472000000000000000e+07	1.700000000000000000e+01
2.472500000000000000e+07	1.700000000000000000e+01
2.473000000000000000e+07	1.700000000000000000e+01
2.473500000000000000e+07	1.700000000000000000e+01
2.474000000000000000e+07	1.700000000000000000e+01
2.474500000000000000e+07	1.700000000000000000e+01
2.475000000000000000e+07	1.700000000000000000e+01
2.475500000000000000e+07	1.700000000000000000e+01
2.476000000000000000e+07	1.700000000000000000e+01
2.476500000000000000e+07	1.700000000000000000e+01
2.477000000000000000e+07	1.700000000000000000e+01
2.477500000000000000e+07	1.700000000000000000e+01
2.478000000000000000e+07	1.700000000000000000e+01
2.478500000000000000e+07	1.700000000000000000e+01
2.479000000000000000e+07	1.700000000000000000e+01
2.479500000000000000e+07	1.700000000000000000e+01
2.480000000000000000e+07	1.700000000000000000e+01
2.480500000000000000e+07	1.700000000000000000e+01
2.481000000000000000e+07	1.700000000000000000e+01
2.481500000000000000e+07	1.700000000000000000e+01
2.482000000000000000e+07	1.700000000000000000e+01
2.482500000000000000e+07	1.700000000000000000e+01
2.483000000000000000e+07	1.700000000000000000e+01
2.483500000000000000e+07	1.700000000000000000e+01
2.484000000000000000e+07	1.700000000000000000e+01
2.484500000000000000e+07	1.700000000000000000e+01
2.485000000000000000e+07	1.700000000000000000e+01
2.485500000000000000e+07	1.700000000000000000e+01
2.486000000000000000e+07	1.700000000000000000e+01
2.486500000000000000e+07	1.700000000000000000e+01
2.487000000000000000e+07	1.700000000000000000e+01
2.487500000000000000e+07	1.700000000000000000e+01
2.488000000000000000e+07	1.700000000000000000e+01
2.488500000000000000e+07	1.700000000000000000e+01
2.489000000000000000e+07	1.700000000000000000e+01
2.489500000000000000e+07	1.700000000000000000e+01
2.490000000000000000e+07	1.700000000000000000e+01
2.490500000000000000e+07	1.700000000000000000e+01
2.491000000000000000e+07	1.700000000000000000e+01
2.491500000000000000e+07	1.700000000000000000e+01
2.492000000000000000e+07	1.700000000000000000e+01
2.492500000000000000e+07	1.700000000000000000e+01
2.493000000000000000e+07	1.700000000000000000e+01
2.493500000000000000e+07	1.700000000000000000e+01
2.494000000000000000e+07	1.700000000000000000e+01
2.494500000000000000e+07	1.700000000000000000e+01
2.495000000000000000e+07	1.700000000000000000e+01
2.495500000000000000e+07	1.700000000000000000e+01
2.496000000000000000e+07	1.700000000000000000e+01
2.496500000000000000e+07	1.700000000000000000e+01
2.497000000000000000e+07	1.700000000000000000e+01
2.497500000000000000e+07	1.700000000000000000e+01
2.498000000000000000e+07	1.700000000000000000e+01
2.498500000000000000e+07	1.700000000000000000e+01
2.499000000000000000e+07	1.700000000000000000e+01
2.499500000000000000e+07	1.700000000000000000e+01
2.500000000000000000e+07	1.700000000000000000e+01
2.500500000000000000e+07	1.700000000000000000e+01
2.501000000000000000e+07	1.700000000000000000e+01
2.501500000000000000e+07	1.700000000000000000e+01
2.502000000000000000e+07	1.700000000000000000e+01
2.502500000000000000e+07	1.700000000000000000e+01
2.503000000000000000e+07	1.700000000000000000e+01
2.503500000000000000e+07	1.700000000000000000e+01
2.504000000000000000e+07	1.700000000000000000e+01
2.504500000000000000e+07	1.700000000000000000e+01
2.505000000000000000e+07	1.700000000000000000e+01
2.505500000000000000e+07	1.700000000000000000e+01
2.506000000000000000e+07	1.700000000000000000e+01
2.506500000000000000e+07	1.700000000000000000e+01
2.507000000000000000e+07	1.700000000000000000e+01
2.507500000000000000e+07	1.700000000000000000e+01
2.508000000000000000e+07	1.700000000000000000e+01
2.508500000000000000e+07	1.700000000000000000e+01
2.509000000000000000e+07	1.700000000000000000e+01
2.509500000000000000e+07	1.700000000000000000e+01
2.510000000000000000e+07	1.700000000000000000e+01
2.510500000000000000e+07	1.700000000000000000e+01
2.511000000000000000e+07	1.700000000000000000e+01
2.511500000000000000e+07	1.700000000000000000e+01
2.512500000000000000e+07	1.700000000000000000e+01
2.518500000000000000e+07	1.700000000000000000e+01
2.530000000000000000e+07	1.700000000000000000e+01
2.530500000000000000e+07	1.700000000000000000e+01
2.531000000000000000e+07	1.700000000000000000e+01
2.531500000000000000e+07	1.700000000000000000e+01
2.532000000000000000e+07	1.700000000000000000e+01
2.538000000000000000e+07	1.700000000000000000e+01
2.538500000000000000e+07	1.700000000000000000e+01
2.539500000000000000e+07	1.700000000000000000e+01
2.540000000000000000e+07	1.700000000000000000e+01
2.540500000000000000e+07	1.700000000000000000e+01
2.541000000000000000e+07	1.700000000000000000e+01
2.541500000000000000e+07	1.700000000000000000e+01
2.542000000000000000e+07	1.700000000000000000e+01
2.542500000000000000e+07	1.700000000000000000e+01
2.543000000000000000e+07	1.700000000000000000e+01
2.543500000000000000e+07	1.700000000000000000e+01
2.544000000000000000e+07	1.700000000000000000e+01
2.544500000000000000e+07	1.700000000000000000e+01
2.545000000000000000e+07	1.700000000000000000e+01
2.545500000000000000e+07	1.700000000000000000e+01
2.546000000000000000e+07	1.700000000000000000e+01
2.546500000000000000e+07	1.700000000000000000e+01
2.547000000000000000e+07	1.700000000000000000e+01
2.547500000000000000e+07	1.700000000000000000e+01
2.548000000000000000e+07	1.700000000000000000e+01
2.548500000000000000e+07	1.700000000000000000e+01
2.549000000000000000e+07	1.700000000000000000e+01
2.549500000000000000e+07	1.700000000000000000e+01
2.550000000000000000e+07	1.700000000000000000e+01
2.550500000000000000e+07	1.700000000000000000e+01
2.551000000000000000e+07	1.700000000000000000e+01
2.551500000000000000e+07	1.700000000000000000e+01
2.552000000000000000e+07	1.700000000000000000e+01
2.552500000000000000e+07	1.700000000000000000e+01
2.553000000000000000e+07	1.700000000000000000e+01
2.553500000000000000e+07	1.700000000000000000e+01
2.554000000000000000e+07	1.700000000000000000e+01
2.554500000000000000e+07	1.700000000000000000e+01
2.555000000000000000e+07	1.700000000000000000e+01
2.555500000000000000e+07	1.700000000000000000e+01
2.556000000000000000e+07	1.700000000000000000e+01
2.556500000000000000e+07	1.700000000000000000e+01
2.557000000000000000e+07	1.700000000000000000e+01
2.557500000000000000e+07	1.700000000000000000e+01
2.558000000000000000e+07	1.700000000000000000e+01
2.558500000000000000e+07	1.700000000000000000e+01
2.559000000000000000e+07	1.700000000000000000e+01
2.559500000000000000e+07	1.700000000000000000e+01
2.560000000000000000e+07	1.700000000000000000e+01
2.560500000000000000e+07	1.700000000000000000e+01
2.561000000000000000e+07	1.700000000000000000e+01
2.561500000000000000e+07	1.700000000000000000e+01
2.562000000000000000e+07	1.700000000000000000e+01
2.562500000000000000e+07	1.700000000000000000e+01
2.563000000000000000e+07	1.700000000000000000e+01
2.563500000000000000e+07	1.700000000000000000e+01
2.564000000000000000e+07	1.700000000000000000e+01
2.564500000000000000e+07	1.700000000000000000e+01
2.565000000000000000e+07	1.700000000000000000e+01
2.565500000000000000e+07	1.700000000000000000e+01
2.566000000000000000e+07	1.700000000000000000e+01
2.566500000000000000e+07	1.700000000000000000e+01
2.567000000000000000e+07	1.700000000000000000e+01
2.567500000000000000e+07	1.700000000000000000e+01
2.568000000000000000e+07	1.700000000000000000e+01
2.568500000000000000e+07	1.700000000000000000e+01
2.569000000000000000e+07	1.700000000000000000e+01
2.569500000000000000e+07	1.700000000000000000e+01
2.570000000000000000e+07	1.700000000000000000e+01
2.570500000000000000e+07	1.700000000000000000e+01
2.571000000000000000e+07	1.700000000000000000e+01
2.571500000000000000e+07	1.700000000000000000e+01
2.572000000000000000e+07	1.700000000000000000e+01
2.572500000000000000e+07	1.700000000000000000e+01
2.573000000000000000e+07	1.700000000000000000e+01
2.573500000000000000e+07	1.700000000000000000e+01
2.574000000000000000e+07	1.700000000000000000e+01
2.574500000000000000e+07	1.700000000000000000e+01
2.575000000000000000e+07	1.700000000000000000e+01
2.575500000000000000e+07	1.700000000000000000e+01
2.576000000000000000e+07	1.700000000000000000e+01
2.576500000000000000e+07	1.700000000000000000e+01
2.577000000000000000e+07	1.700000000000000000e+01
2.577500000000000000e+07	1.700000000000000000e+01
2.578000000000000000e+07	1.700000000000000000e+01
2.578500000000000000e+07	1.700000000000000000e+01
2.579000000000000000e+07	1.700000000000000000e+01
2.579500000000000000e+07	1.700000000000000000e+01
2.580000000000000000e+07	1.700000000000000000e+01
2.580500000000000000e+07	1.700000000000000000e+01
2.581000000000000000e+07	1.700000000000000000e+01
2.581500000000000000e+07	1.700000000000000000e+01
2.582000000000000000e+07	1.700000000000000000e+01
2.582500000000000000e+07	1.700000000000000000e+01
2.583000000000000000e+07	1.700000000000000000e+01
2.583500000000000000e+07	1.700000000000000000e+01
2.584000000000000000e+07	1.700000000000000000e+01
2.584500000000000000e+07	1.700000000000000000e+01
2.585000000000000000e+07	1.700000000000000000e+01
2.585500000000000000e+07	1.700000000000000000e+01
2.586000000000000000e+07	1.700000000000000000e+01
2.586500000000000000e+07	1.700000000000000000e+01
2.587000000000000000e+07	1.700000000000000000e+01
2.587500000000000000e+07	1.700000000000000000e+01
2.588000000000000000e+07	1.700000000000000000e+01
2.588500000000000000e+07	1.700000000000000000e+01
2.589000000000000000e+07	1.700000000000000000e+01
2.589500000000000000e+07	1.700000000000000000e+01
2.590000000000000000e+07	1.700000000000000000e+01
2.590500000000000000e+07	1.700000000000000000e+01
2.591000000000000000e+07	1.700000000000000000e+01
2.591500000000000000e+07	1.700000000000000000e+01
2.592000000000000000e+07	1.700000000000000000e+01
2.592500000000000000e+07	1.700000000000000000e+01
2.593000000000000000e+07	1.700000000000000000e+01
2.593500000000000000e+07	1.700000000000000000e+01
2.594000000000000000e+07	1.700000000000000000e+01
2.594500000000000000e+07	1.700000000000000000e+01
2.595000000000000000e+07	1.700000000000000000e+01
2.595500000000000000e+07	1.700000000000000000e+01
2.596000000000000000e+07	1.700000000000000000e+01
2.596500000000000000e+07	1.700000000000000000e+01
2.597000000000000000e+07	1.700000000000000000e+01
2.597500000000000000e+07	1.700000000000000000e+01
2.598000000000000000e+07	1.700000000000000000e+01
2.598500000000000000e+07	1.700000000000000000e+01
2.599000000000000000e+07	1.700000000000000000e+01
2.599500000000000000e+07	1.700000000000000000e+01
2.600000000000000000e+07	1.700000000000000000e+01
2.600500000000000000e+07	1.700000000000000000e+01
2.601000000000000000e+07	1.700000000000000000e+01
2.601500000000000000e+07	1.700000000000000000e+01
2.602000000000000000e+07	1.700000000000000000e+01
2.602500000000000000e+07	1.700000000000000000e+01
2.603000000000000000e+07	1.700000000000000000e+01
2.603500000000000000e+07	1.700000000000000000e+01
2.604000000000000000e+07	1.700000000000000000e+01
2.604500000000000000e+07	1.700000000000000000e+01
2.605000000000000000e+07	1.700000000000000000e+01
2.605500000000000000e+07	1.700000000000000000e+01
2.606000000000000000e+07	1.700000000000000000e+01
2.606500000000000000e+07	1.700000000000000000e+01
2.607000000000000000e+07	1.700000000000000000e+01
2.607500000000000000e+07	1.700000000000000000e+01
2.608000000000000000e+07	1.700000000000000000e+01
2.608500000000000000e+07	1.700000000000000000e+01
2.609000000000000000e+07	1.700000000000000000e+01
2.609500000000000000e+07	1.700000000000000000e+01
2.610000000000000000e+07	1.700000000000000000e+01
2.610500000000000000e+07	1.700000000000000000e+01
2.611000000000000000e+07	1.700000000000000000e+01
2.611500000000000000e+07	1.700000000000000000e+01
2.612000000000000000e+07	1.700000000000000000e+01
2.612500000000000000e+07	1.700000000000000000e+01
2.613000000000000000e+07	1.700000000000000000e+01
2.613500000000000000e+07	1.700000000000000000e+01
2.614000000000000000e+07	1.700000000000000000e+01
2.614500000000000000e+07	1.700000000000000000e+01
2.615000000000000000e+07	1.700000000000000000e+01
2.615500000000000000e+07	1.700000000000000000e+01
2.616000000000000000e+07	1.700000000000000000e+01
2.616500000000000000e+07	1.700000000000000000e+01
2.617000000000000000e+07	1.700000000000000000e+01
2.617500000000000000e+07	1.700000000000000000e+01
2.618000000000000000e+07	1.700000000000000000e+01
2.618500000000000000e+07	1.700000000000000000e+01
2.619000000000000000e+07	1.700000000000000000e+01
2.619500000000000000e+07	1.700000000000000000e+01
2.620000000000000000e+07	1.700000000000000000e+01
2.620500000000000000e+07	1.700000000000000000e+01
2.621000000000000000e+07	1.700000000000000000e+01
2.621500000000000000e+07	1.700000000000000000e+01
2.622000000000000000e+07	1.700000000000000000e+01
2.622500000000000000e+07	1.700000000000000000e+01
2.623000000000000000e+07	1.700000000000000000e+01
2.623500000000000000e+07	1.700000000000000000e+01
2.624000000000000000e+07	1.700000000000000000e+01
2.624500000000000000e+07	1.700000000000000000e+01
2.625000000000000000e+07	1.700000000000000000e+01
2.625500000000000000e+07	1.700000000000000000e+01
2.626000000000000000e+07	1.700000000000000000e+01
2.626500000000000000e+07	1.700000000000000000e+01
2.627000000000000000e+07	1.700000000000000000e+01
2.627500000000000000e+07	1.700000000000000000e+01
2.628000000000000000e+07	1.700000000000000000e+01
2.628500000000000000e+07	1.700000000000000000e+01
2.629000000000000000e+07	1.700000000000000000e+01
2.629500000000000000e+07	1.700000000000000000e+01
2.630000000000000000e+07	1.700000000000000000e+01
2.630500000000000000e+07	1.700000000000000000e+01
2.631000000000000000e+07	1.700000000000000000e+01
2.631500000000000000e+07	1.700000000000000000e+01
2.632000000000000000e+07	1.700000000000000000e+01
2.632500000000000000e+07	1.700000000000000000e+01
2.633000000000000000e+07	1.700000000000000000e+01
2.633500000000000000e+07	1.700000000000000000e+01
2.634000000000000000e+07	1.700000000000000000e+01
2.634500000000000000e+07	1.700000000000000000e+01
2.635000000000000000e+07	1.700000000000000000e+01
2.635500000000000000e+07	1.700000000000000000e+01
2.636000000000000000e+07	1.700000000000000000e+01
2.636500000000000000e+07	1.700000000000000000e+01
2.637000000000000000e+07	1.700000000000000000e+01
2.637500000000000000e+07	1.700000000000000000e+01
2.638000000000000000e+07	1.700000000000000000e+01
2.638500000000000000e+07	1.700000000000000000e+01
2.639000000000000000e+07	1.700000000000000000e+01
2.639500000000000000e+07	1.700000000000000000e+01
2.640000000000000000e+07	1.700000000000000000e+01
2.640500000000000000e+07	1.700000000000000000e+01
2.641000000000000000e+07	1.700000000000000000e+01
2.641500000000000000e+07	1.700000000000000000e+01
2.642000000000000000e+07	1.700000000000000000e+01
2.642500000000000000e+07	1.700000000000000000e+01
2.643000000000000000e+07	1.700000000000000000e+01
2.643500000000000000e+07	1.700000000000000000e+01
2.644000000000000000e+07	1.700000000000000000e+01
2.644500000000000000e+07	1.700000000000000000e+01
2.645000000000000000e+07	1.700000000000000000e+01
2.645500000000000000e+07	1.700000000000000000e+01
2.646000000000000000e+07	1.700000000000000000e+01
2.646500000000000000e+07	1.700000000000000000e+01
2.647000000000000000e+07	1.700000000000000000e+01
2.647500000000000000e+07	1.700000000000000000e+01
2.648000000000000000e+07	1.700000000000000000e+01
2.648500000000000000e+07	1.700000000000000000e+01
2.649000000000000000e+07	1.700000000000000000e+01
2.649500000000000000e+07	1.700000000000000000e+01
2.650000000000000000e+07	1.700000000000000000e+01
2.650500000000000000e+07	1.700000000000000000e+01
2.651000000000000000e+07	1.700000000000000000e+01
2.651500000000000000e+07	1.700000000000000000e+01
2.652000000000000000e+07	1.700000000000000000e+01
2.652500000000000000e+07	1.700000000000000000e+01
2.653000000000000000e+07	1.700000000000000000e+01
2.653500000000000000e+07	1.700000000000000000e+01
2.654000000000000000e+07	1.700000000000000000e+01
2.654500000000000000e+07	1.700000000000000000e+01
2.655000000000000000e+07	1.700000000000000000e+01
2.655500000000000000e+07	1.700000000000000000e+01
2.656000000000000000e+07	1.700000000000000000e+01
2.656500000000000000e+07	1.700000000000000000e+01
2.657000000000000000e+07	1.700000000000000000e+01
2.657500000000000000e+07	1.700000000000000000e+01
2.658000000000000000e+07	1.700000000000000000e+01
2.658500000000000000e+07	1.700000000000000000e+01
2.659000000000000000e+07	1.700000000000000000e+01
2.659500000000000000e+07	1.700000000000000000e+01
2.660000000000000000e+07	1.700000000000000000e+01
2.660500000000000000e+07	1.700000000000000000e+01
2.661000000000000000e+07	1.700000000000000000e+01
2.661500000000000000e+07	1.700000000000000000e+01
2.662000000000000000e+07	1.700000000000000000e+01
2.662500000000000000e+07	1.700000000000000000e+01
2.663000000000000000e+07	1.700000000000000000e+01
2.663500000000000000e+07	1.700000000000000000e+01
2.664000000000000000e+07	1.700000000000000000e+01
2.664500000000000000e+07	1.700000000000000000e+01
2.665000000000000000e+07	1.700000000000000000e+01
2.665500000000000000e+07	1.700000000000000000e+01
2.666000000000000000e+07	1.700000000000000000e+01
2.666500000000000000e+07	1.700000000000000000e+01
2.667000000000000000e+07	1.700000000000000000e+01
2.667500000000000000e+07	1.700000000000000000e+01
2.668000000000000000e+07	1.700000000000000000e+01
2.668500000000000000e+07	1.700000000000000000e+01
2.669500000000000000e+07	1.700000000000000000e+01
2.670000000000000000e+07	1.700000000000000000e+01
2.670500000000000000e+07	1.700000000000000000e+01
2.671000000000000000e+07	1.700000000000000000e+01
2.671500000000000000e+07	1.700000000000000000e+01
2.672000000000000000e+07	1.700000000000000000e+01
2.672500000000000000e+07	1.700000000000000000e+01
2.673000000000000000e+07	1.700000000000000000e+01
2.673500000000000000e+07	1.700000000000000000e+01
2.674000000000000000e+07	1.700000000000000000e+01
2.674500000000000000e+07	1.700000000000000000e+01
2.675000000000000000e+07	1.700000000000000000e+01
2.675500000000000000e+07	1.700000000000000000e+01
2.676000000000000000e+07	1.700000000000000000e+01
2.676500000000000000e+07	1.700000000000000000e+01
2.677000000000000000e+07	1.700000000000000000e+01
2.677500000000000000e+07	1.700000000000000000e+01
2.678000000000000000e+07	1.700000000000000000e+01
2.678500000000000000e+07	1.700000000000000000e+01
2.679000000000000000e+07	1.700000000000000000e+01
2.679500000000000000e+07	1.700000000000000000e+01
2.680000000000000000e+07	1.700000000000000000e+01
2.680500000000000000e+07	1.700000000000000000e+01
2.681000000000000000e+07	1.700000000000000000e+01
2.681500000000000000e+07	1.700000000000000000e+01
2.682000000000000000e+07	1.700000000000000000e+01
2.682500000000000000e+07	1.700000000000000000e+01
2.683000000000000000e+07	1.700000000000000000e+01
2.683500000000000000e+07	1.700000000000000000e+01
2.684000000000000000e+07	1.700000000000000000e+01
2.684500000000000000e+07	1.700000000000000000e+01
2.685000000000000000e+07	1.700000000000000000e+01
2.685500000000000000e+07	1.700000000000000000e+01
2.686000000000000000e+07	1.700000000000000000e+01
2.686500000000000000e+07	1.700000000000000000e+01
2.687000000000000000e+07	1.700000000000000000e+01
2.687500000000000000e+07	1.700000000000000000e+01
2.688000000000000000e+07	1.700000000000000000e+01
2.688500000000000000e+07	1.700000000000000000e+01
2.689000000000000000e+07	1.700000000000000000e+01
2.689500000000000000e+07	1.700000000000000000e+01
2.690000000000000000e+07	1.700000000000000000e+01
2.690500000000000000e+07	1.700000000000000000e+01
2.691000000000000000e+07	1.700000000000000000e+01
2.691500000000000000e+07	1.700000000000000000e+01
2.692000000000000000e+07	1.700000000000000000e+01
2.692500000000000000e+07	1.700000000000000000e+01
2.693000000000000000e+07	1.700000000000000000e+01
2.693500000000000000e+07	1.700000000000000000e+01
2.694000000000000000e+07	1.700000000000000000e+01
2.694500000000000000e+07	1.700000000000000000e+01
2.695000000000000000e+07	1.700000000000000000e+01
2.695500000000000000e+07	1.700000000000000000e+01
2.696000000000000000e+07	1.700000000000000000e+01
2.696500000000000000e+07	1.700000000000000000e+01
2.697000000000000000e+07	1.700000000000000000e+01
2.697500000000000000e+07	1.700000000000000000e+01
2.698000000000000000e+07	1.700000000000000000e+01
2.698500000000000000e+07	1.700000000000000000e+01
2.699000000000000000e+07	1.700000000000000000e+01
2.699500000000000000e+07	1.700000000000000000e+01
2.700000000000000000e+07	1.700000000000000000e+01
2.700500000000000000e+07	1.700000000000000000e+01
2.701000000000000000e+07	1.700000000000000000e+01
2.701500000000000000e+07	1.700000000000000000e+01
2.702000000000000000e+07	1.700000000000000000e+01
2.702500000000000000e+07	1.700000000000000000e+01
2.703000000000000000e+07	1.700000000000000000e+01
2.703500000000000000e+07	1.700000000000000000e+01
2.704000000000000000e+07	1.700000000000000000e+01
2.704500000000000000e+07	1.700000000000000000e+01
2.705000000000000000e+07	1.700000000000000000e+01
2.705500000000000000e+07	1.700000000000000000e+01
2.706000000000000000e+07	1.700000000000000000e+01
2.706500000000000000e+07	1.700000000000000000e+01
2.707000000000000000e+07	1.700000000000000000e+01
2.707500000000000000e+07	1.700000000000000000e+01
2.708000000000000000e+07	1.700000000000000000e+01
2.708500000000000000e+07	1.700000000000000000e+01
2.709000000000000000e+07	1.700000000000000000e+01
2.709500000000000000e+07	1.700000000000000000e+01
2.710000000000000000e+07	1.700000000000000000e+01
2.710500000000000000e+07	1.700000000000000000e+01
2.711000000000000000e+07	1.700000000000000000e+01
2.711500000000000000e+07	1.700000000000000000e+01
2.712000000000000000e+07	1.700000000000000000e+01
2.712500000000000000e+07	1.700000000000000000e+01
2.713000000000000000e+07	1.700000000000000000e+01
2.713500000000000000e+07	1.700000000000000000e+01
2.714000000000000000e+07	1.700000000000000000e+01
2.714500000000000000e+07	1.700000000000000000e+01
2.715000000000000000e+07	1.700000000000000000e+01
2.715500000000000000e+07	1.700000000000000000e+01
2.716000000000000000e+07	1.700000000000000000e+01
2.716500000000000000e+07	1.700000000000000000e+01
2.717000000000000000e+07	1.700000000000000000e+01
2.717500000000000000e+07	1.700000000000000000e+01
2.718000000000000000e+07	1.700000000000000000e+01
2.718500000000000000e+07	1.700000000000000000e+01
2.719000000000000000e+07	1.700000000000000000e+01
2.719500000000000000e+07	1.700000000000000000e+01
2.720000000000000000e+07	1.700000000000000000e+01
2.720500000000000000e+07	1.700000000000000000e+01
2.721000000000000000e+07	1.700000000000000000e+01
2.721500000000000000e+07	1.700000000000000000e+01
2.722000000000000000e+07	1.700000000000000000e+01
2.722500000000000000e+07	1.700000000000000000e+01
2.723000000000000000e+07	1.700000000000000000e+01
2.723500000000000000e+07	1.700000000000000000e+01
2.724000000000000000e+07	1.700000000000000000e+01
2.724500000000000000e+07	1.700000000000000000e+01
2.725000000000000000e+07	1.700000000000000000e+01
2.725500000000000000e+07	1.700000000000000000e+01
2.726000000000000000e+07	1.700000000000000000e+01
2.726500000000000000e+07	1.700000000000000000e+01
2.727000000000000000e+07	1.700000000000000000e+01
2.727500000000000000e+07	1.700000000000000000e+01
2.728000000000000000e+07	1.700000000000000000e+01
2.728500000000000000e+07	1.700000000000000000e+01
2.729000000000000000e+07	1.700000000000000000e+01
2.729500000000000000e+07	1.700000000000000000e+01
2.730000000000000000e+07	1.700000000000000000e+01
2.730500000000000000e+07	1.700000000000000000e+01
2.731000000000000000e+07	1.700000000000000000e+01
2.731500000000000000e+07	1.700000000000000000e+01
2.732000000000000000e+07	1.700000000000000000e+01
2.732500000000000000e+07	1.700000000000000000e+01
2.733000000000000000e+07	1.700000000000000000e+01
2.733500000000000000e+07	1.700000000000000000e+01
2.734000000000000000e+07	1.700000000000000000e+01
2.734500000000000000e+07	1.700000000000000000e+01
2.735000000000000000e+07	1.700000000000000000e+01
2.735500000000000000e+07	1.700000000000000000e+01
2.736000000000000000e+07	1.700000000000000000e+01
2.736500000000000000e+07	1.700000000000000000e+01
2.737000000000000000e+07	1.700000000000000000e+01
2.737500000000000000e+07	1.700000000000000000e+01
2.738000000000000000e+07	1.700000000000000000e+01
2.738500000000000000e+07	1.700000000000000000e+01
2.739000000000000000e+07	1.700000000000000000e+01
2.739500000000000000e+07	1.700000000000000000e+01
2.740000000000000000e+07	1.700000000000000000e+01
2.740500000000000000e+07	1.700000000000000000e+01
2.741000000000000000e+07	1.700000000000000000e+01
2.741500000000000000e+07	1.700000000000000000e+01
2.742000000000000000e+07	1.700000000000000000e+01
2.753500000000000000e+07	1.700000000000000000e+01
2.760000000000000000e+07	1.700000000000000000e+01
2.777000000000000000e+07	1.700000000000000000e+01
2.777500000000000000e+07	1.700000000000000000e+01
2.778500000000000000e+07	1.700000000000000000e+01
2.780500000000000000e+07	1.700000000000000000e+01
2.781000000000000000e+07	1.700000000000000000e+01
2.781500000000000000e+07	1.700000000000000000e+01
2.782000000000000000e+07	1.700000000000000000e+01
2.782500000000000000e+07	1.700000000000000000e+01
2.783000000000000000e+07	1.700000000000000000e+01
2.783500000000000000e+07	1.700000000000000000e+01
2.784000000000000000e+07	1.700000000000000000e+01
2.784500000000000000e+07	1.700000000000000000e+01
2.785000000000000000e+07	1.700000000000000000e+01
2.785500000000000000e+07	1.700000000000000000e+01
2.786000000000000000e+07	1.700000000000000000e+01
2.786500000000000000e+07	1.700000000000000000e+01
2.787000000000000000e+07	1.700000000000000000e+01
2.787500000000000000e+07	1.700000000000000000e+01
2.788000000000000000e+07	1.700000000000000000e+01
2.788500000000000000e+07	1.700000000000000000e+01
2.789000000000000000e+07	1.700000000000000000e+01
2.789500000000000000e+07	1.700000000000000000e+01
2.790000000000000000e+07	1.700000000000000000e+01
2.790500000000000000e+07	1.700000000000000000e+01
2.791000000000000000e+07	1.700000000000000000e+01
2.791500000000000000e+07	1.700000000000000000e+01
2.792000000000000000e+07	1.700000000000000000e+01
2.792500000000000000e+07	1.700000000000000000e+01
2.793000000000000000e+07	1.700000000000000000e+01
2.793500000000000000e+07	1.700000000000000000e+01
2.794000000000000000e+07	1.700000000000000000e+01
2.794500000000000000e+07	1.700000000000000000e+01
2.795000000000000000e+07	1.700000000000000000e+01
2.795500000000000000e+07	1.700000000000000000e+01
2.796000000000000000e+07	1.700000000000000000e+01
2.796500000000000000e+07	1.700000000000000000e+01
2.797000000000000000e+07	1.700000000000000000e+01
2.797500000000000000e+07	1.700000000000000000e+01
2.798000000000000000e+07	1.700000000000000000e+01
2.798500000000000000e+07	1.700000000000000000e+01
2.799000000000000000e+07	1.700000000000000000e+01
2.799500000000000000e+07	1.700000000000000000e+01
2.800000000000000000e+07	1.700000000000000000e+01
2.800500000000000000e+07	1.700000000000000000e+01
2.801000000000000000e+07	1.700000000000000000e+01
2.801500000000000000e+07	1.700000000000000000e+01
2.802000000000000000e+07	1.700000000000000000e+01
2.802500000000000000e+07	1.700000000000000000e+01
2.803000000000000000e+07	1.700000000000000000e+01
2.803500000000000000e+07	1.700000000000000000e+01
2.804000000000000000e+07	1.700000000000000000e+01
2.804500000000000000e+07	1.700000000000000000e+01
2.805000000000000000e+07	1.700000000000000000e+01
2.805500000000000000e+07	1.700000000000000000e+01
2.806000000000000000e+07	1.700000000000000000e+01
2.806500000000000000e+07	1.700000000000000000e+01
2.807000000000000000e+07	1.700000000000000000e+01
2.807500000000000000e+07	1.700000000000000000e+01
2.808000000000000000e+07	1.700000000000000000e+01
2.808500000000000000e+07	1.700000000000000000e+01
2.809000000000000000e+07	1.700000000000000000e+01
2.809500000000000000e+07	1.700000000000000000e+01
2.810000000000000000e+07	1.700000000000000000e+01
2.810500000000000000e+07	1.700000000000000000e+01
2.811000000000000000e+07	1.700000000000000000e+01
2.811500000000000000e+07	1.700000000000000000e+01
2.812000000000000000e+07	1.700000000000000000e+01
2.812500000000000000e+07	1.700000000000000000e+01
2.813000000000000000e+07	1.700000000000000000e+01
2.813500000000000000e+07	1.700000000000000000e+01
2.814000000000000000e+07	1.700000000000000000e+01
2.814500000000000000e+07	1.700000000000000000e+01
2.815000000000000000e+07	1.700000000000000000e+01
2.815500000000000000e+07	1.700000000000000000e+01
2.816000000000000000e+07	1.700000000000000000e+01
2.816500000000000000e+07	1.700000000000000000e+01
2.817000000000000000e+07	1.700000000000000000e+01
2.817500000000000000e+07	1.700000000000000000e+01
2.818000000000000000e+07	1.700000000000000000e+01
2.818500000000000000e+07	1.700000000000000000e+01
2.819000000000000000e+07	1.700000000000000000e+01
2.819500000000000000e+07	1.700000000000000000e+01
2.820000000000000000e+07	1.700000000000000000e+01
2.820500000000000000e+07	1.700000000000000000e+01
2.821000000000000000e+07	1.700000000000000000e+01
2.821500000000000000e+07	1.700000000000000000e+01
2.822000000000000000e+07	1.700000000000000000e+01
2.822500000000000000e+07	1.700000000000000000e+01
2.823000000000000000e+07	1.700000000000000000e+01
2.823500000000000000e+07	1.700000000000000000e+01
2.824000000000000000e+07	1.700000000000000000e+01
2.824500000000000000e+07	1.700000000000000000e+01
2.825000000000000000e+07	1.700000000000000000e+01
2.825500000000000000e+07	1.700000000000000000e+01
2.826000000000000000e+07	1.700000000000000000e+01
2.826500000000000000e+07	1.700000000000000000e+01
2.827500000000000000e+07	1.700000000000000000e+01
2.829000000000000000e+07	1.700000000000000000e+01
2.829500000000000000e+07	1.700000000000000000e+01
2.830000000000000000e+07	1.700000000000000000e+01
2.830500000000000000e+07	1.700000000000000000e+01
2.831000000000000000e+07	1.700000000000000000e+01
2.831500000000000000e+07	1.700000000000000000e+01
2.832000000000000000e+07	1.700000000000000000e+01
2.832500000000000000e+07	1.700000000000000000e+01
2.842000000000000000e+07	1.700000000000000000e+01
2.848000000000000000e+07	1.700000000000000000e+01
2.848500000000000000e+07	1.700000000000000000e+01
2.864500000000000000e+07	1.700000000000000000e+01
2.865000000000000000e+07	1.700000000000000000e+01
2.865500000000000000e+07	1.700000000000000000e+01
2.866000000000000000e+07	1.700000000000000000e+01
2.866500000000000000e+07	1.700000000000000000e+01
2.867000000000000000e+07	1.700000000000000000e+01
2.867500000000000000e+07	1.700000000000000000e+01
2.868000000000000000e+07	1.700000000000000000e+01
2.868500000000000000e+07	1.700000000000000000e+01
2.869000000000000000e+07	1.700000000000000000e+01
2.869500000000000000e+07	1.700000000000000000e+01
2.870000000000000000e+07	1.700000000000000000e+01
2.870500000000000000e+07	1.700000000000000000e+01
2.871000000000000000e+07	1.700000000000000000e+01
2.871500000000000000e+07	1.700000000000000000e+01
2.872000000000000000e+07	1.700000000000000000e+01
2.872500000000000000e+07	1.700000000000000000e+01
2.873000000000000000e+07	1.700000000000000000e+01
2.873500000000000000e+07	1.700000000000000000e+01
2.874000000000000000e+07	1.700000000000000000e+01
2.874500000000000000e+07	1.700000000000000000e+01
2.875000000000000000e+07	1.700000000000000000e+01
2.875500000000000000e+07	1.700000000000000000e+01
2.876000000000000000e+07	1.700000000000000000e+01
2.876500000000000000e+07	1.700000000000000000e+01
2.877000000000000000e+07	1.700000000000000000e+01
2.877500000000000000e+07	1.700000000000000000e+01
2.878000000000000000e+07	1.700000000000000000e+01
2.878500000000000000e+07	1.700000000000000000e+01
2.879000000000000000e+07	1.700000000000000000e+01
2.879500000000000000e+07	1.700000000000000000e+01
2.880000000000000000e+07	1.700000000000000000e+01
2.880500000000000000e+07	1.700000000000000000e+01
2.881000000000000000e+07	1.700000000000000000e+01
2.881500000000000000e+07	1.700000000000000000e+01
2.882000000000000000e+07	1.700000000000000000e+01
2.882500000000000000e+07	1.700000000000000000e+01
2.883000000000000000e+07	1.700000000000000000e+01
2.883500000000000000e+07	1.700000000000000000e+01
2.884000000000000000e+07	1.700000000000000000e+01
2.884500000000000000e+07	1.700000000000000000e+01
2.885000000000000000e+07	1.700000000000000000e+01
2.885500000000000000e+07	1.700000000000000000e+01
2.886000000000000000e+07	1.700000000000000000e+01
2.886500000000000000e+07	1.700000000000000000e+01
2.887000000000000000e+07	1.700000000000000000e+01
2.887500000000000000e+07	1.700000000000000000e+01
2.888000000000000000e+07	1.700000000000000000e+01
2.888500000000000000e+07	1.700000000000000000e+01
2.889000000000000000e+07	1.700000000000000000e+01
2.889500000000000000e+07	1.700000000000000000e+01
2.890000000000000000e+07	1.700000000000000000e+01
2.890500000000000000e+07	1.700000000000000000e+01
2.891000000000000000e+07	1.700000000000000000e+01
2.891500000000000000e+07	1.700000000000000000e+01
2.892000000000000000e+07	1.700000000000000000e+01
2.892500000000000000e+07	1.700000000000000000e+01
2.893000000000000000e+07	1.700000000000000000e+01
2.893500000000000000e+07	1.700000000000000000e+01
2.894000000000000000e+07	1.700000000000000000e+01
2.894500000000000000e+07	1.700000000000000000e+01
2.895000000000000000e+07	1.700000000000000000e+01
2.895500000000000000e+07	1.700000000000000000e+01
2.896000000000000000e+07	1.700000000000000000e+01
2.896500000000000000e+07	1.700000000000000000e+01
2.897000000000000000e+07	1.700000000000000000e+01
2.897500000000000000e+07	1.700000000000000000e+01
2.898000000000000000e+07	1.700000000000000000e+01
2.898500000000000000e+07	1.700000000000000000e+01
2.899000000000000000e+07	1.700000000000000000e+01
2.899500000000000000e+07	1.700000000000000000e+01
2.900000000000000000e+07	1.700000000000000000e+01
2.900500000000000000e+07	1.700000000000000000e+01
2.901000000000000000e+07	1.700000000000000000e+01
2.901500000000000000e+07	1.700000000000000000e+01
2.902000000000000000e+07	1.700000000000000000e+01
2.902500000000000000e+07	1.700000000000000000e+01
2.903000000000000000e+07	1.700000000000000000e+01
2.903500000000000000e+07	1.700000000000000000e+01
2.904000000000000000e+07	1.700000000000000000e+01
2.904500000000000000e+07	1.700000000000000000e+01
2.905000000000000000e+07	1.700000000000000000e+01
2.905500000000000000e+07	1.700000000000000000e+01
2.906000000000000000e+07	1.700000000000000000e+01
2.906500000000000000e+07	1.700000000000000000e+01
2.907000000000000000e+07	1.700000000000000000e+01
2.907500000000000000e+07	1.700000000000000000e+01
2.908000000000000000e+07	1.700000000000000000e+01
2.908500000000000000e+07	1.700000000000000000e+01
2.909000000000000000e+07	1.700000000000000000e+01
2.909500000000000000e+07	1.700000000000000000e+01
2.910000000000000000e+07	1.700000000000000000e+01
2.910500000000000000e+07	1.700000000000000000e+01
2.911000000000000000e+07	1.700000000000000000e+01
2.911500000000000000e+07	1.700000000000000000e+01
2.912000000000000000e+07	1.700000000000000000e+01
2.912500000000000000e+07	1.700000000000000000e+01
2.913000000000000000e+07	1.700000000000000000e+01
2.913500000000000000e+07	1.700000000000000000e+01
2.914000000000000000e+07	1.700000000000000000e+01
2.914500000000000000e+07	1.700000000000000000e+01
2.915000000000000000e+07	1.700000000000000000e+01
2.915500000000000000e+07	1.700000000000000000e+01
2.916000000000000000e+07	1.700000000000000000e+01
2.916500000000000000e+07	1.700000000000000000e+01
2.917000000000000000e+07	1.700000000000000000e+01
2.917500000000000000e+07	1.700000000000000000e+01
2.918000000000000000e+07	1.700000000000000000e+01
2.918500000000000000e+07	1.700000000000000000e+01
2.919000000000000000e+07	1.700000000000000000e+01
2.919500000000000000e+07	1.700000000000000000e+01
2.920000000000000000e+07	1.700000000000000000e+01
2.920500000000000000e+07	1.700000000000000000e+01
2.921000000000000000e+07	1.700000000000000000e+01
2.921500000000000000e+07	1.700000000000000000e+01
2.922000000000000000e+07	1.700000000000000000e+01
2.922500000000000000e+07	1.700000000000000000e+01
2.923000000000000000e+07	1.700000000000000000e+01
2.923500000000000000e+07	1.700000000000000000e+01
2.924000000000000000e+07	1.700000000000000000e+01
2.924500000000000000e+07	1.700000000000000000e+01
2.925000000000000000e+07	1.700000000000000000e+01
2.925500000000000000e+07	1.700000000000000000e+01
2.926000000000000000e+07	1.700000000000000000e+01
2.926500000000000000e+07	1.700000000000000000e+01
2.927000000000000000e+07	1.700000000000000000e+01
2.927500000000000000e+07	1.700000000000000000e+01
2.928000000000000000e+07	1.700000000000000000e+01
2.928500000000000000e+07	1.700000000000000000e+01
2.929000000000000000e+07	1.700000000000000000e+01
2.929500000000000000e+07	1.700000000000000000e+01
2.930000000000000000e+07	1.700000000000000000e+01
2.930500000000000000e+07	1.700000000000000000e+01
2.931000000000000000e+07	1.700000000000000000e+01
2.931500000000000000e+07	1.700000000000000000e+01
2.932000000000000000e+07	1.700000000000000000e+01
2.932500000000000000e+07	1.700000000000000000e+01
2.933000000000000000e+07	1.700000000000000000e+01
2.933500000000000000e+07	1.700000000000000000e+01
2.934000000000000000e+07	1.700000000000000000e+01
2.934500000000000000e+07	1.700000000000000000e+01
2.935000000000000000e+07	1.700000000000000000e+01
2.935500000000000000e+07	1.700000000000000000e+01
2.936000000000000000e+07	1.700000000000000000e+01
2.936500000000000000e+07	1.700000000000000000e+01
2.937000000000000000e+07	1.700000000000000000e+01
2.937500000000000000e+07	1.700000000000000000e+01
2.938000000000000000e+07	1.700000000000000000e+01
2.938500000000000000e+07	1.700000000000000000e+01
2.939000000000000000e+07	1.700000000000000000e+01
2.939500000000000000e+07	1.700000000000000000e+01
2.940000000000000000e+07	1.700000000000000000e+01
2.940500000000000000e+07	1.700000000000000000e+01
2.941000000000000000e+07	1.700000000000000000e+01
2.941500000000000000e+07	1.700000000000000000e+01
2.942000000000000000e+07	1.700000000000000000e+01
2.942500000000000000e+07	1.700000000000000000e+01
2.943000000000000000e+07	1.700000000000000000e+01
2.943500000000000000e+07	1.700000000000000000e+01
2.944000000000000000e+07	1.700000000000000000e+01
2.944500000000000000e+07	1.700000000000000000e+01
2.946500000000000000e+07	1.700000000000000000e+01
2.947000000000000000e+07	1.700000000000000000e+01
2.947500000000000000e+07	1.700000000000000000e+01
2.995000000000000000e+07	1.700000000000000000e+01
2.995500000000000000e+07	1.700000000000000000e+01
2.996000000000000000e+07	1.700000000000000000e+01
2.996500000000000000e+07	1.700000000000000000e+01
2.997000000000000000e+07	1.700000000000000000e+01
2.997500000000000000e+07	1.700000000000000000e+01
2.998000000000000000e+07	1.700000000000000000e+01
2.998500000000000000e+07	1.700000000000000000e+01
2.999000000000000000e+07	1.700000000000000000e+01
2.999500000000000000e+07	1.700000000000000000e+01
